98	1	-0.506806
113	1	5.982519
3352	1	23.365315
3693	1	-9.704826
756	2	-5.307502
3143	2	17.656383
4	4	3.161706
14	4	-1.035895
18	4	-11.077710
42	4	-15.348945
73	4	10.450134
74	4	-1.013318
86	4	5.745844
382	4	-9.140422
390	4	-1.232665
456	4	15.595889
500	4	-6.164429
550	4	2.681904
589	4	-5.473929
615	4	-2.424875
663	4	-14.386784
744	4	3.043043
765	4	-23.517564
777	4	-5.427024
793	4	-3.859614
895	4	16.790173
982	4	11.633982
1023	4	-3.261137
1039	4	0.811519
1051	4	-5.376400
1077	4	-5.211638
1101	4	-11.828716
1216	4	-9.664468
1270	4	7.931591
1315	4	2.053869
1328	4	-4.467571
1332	4	18.268641
1408	4	20.466919
1414	4	5.509202
1435	4	-1.326273
1485	4	24.496200
1538	4	13.156957
1560	4	-19.798237
1679	4	4.731883
1767	4	-12.977051
1851	4	3.589636
1903	4	2.029372
1942	4	-8.787269
1955	4	3.406996
1968	4	8.480966
2066	4	1.452164
2216	4	8.740047
2221	4	7.276566
2332	4	-4.067472
2341	4	-15.377490
2376	4	5.224545
2459	4	2.016027
2485	4	7.553525
2521	4	-8.880308
2523	4	-16.962016
2571	4	-7.518728
2665	4	-67.615606
2727	4	-4.400592
2729	4	-9.550922
2733	4	6.035507
2826	4	4.277088
2866	4	-10.637919
2971	4	-10.919769
2972	4	2.068721
3032	4	-2.752178
3039	4	-1.035093
3100	4	-9.928690
3117	4	-6.671571
3229	4	14.313662
3235	4	0.112449
3237	4	10.637571
3276	4	-3.274360
3310	4	10.118073
3441	4	11.976317
3568	4	12.950877
3639	4	-1.762663
3645	4	21.337509
3738	4	-1.021233
3782	4	11.763117
3793	4	-17.524470
3885	4	3.293263
3915	4	-12.777517
3945	4	4.495262
3984	4	0.565620
4023	4	6.311297
4032	4	-11.401109
4062	4	18.131925
5	5	-4.943902
422	5	19.538799
819	5	-15.434084
1092	5	-7.155956
1245	5	15.863356
1555	5	-7.184513
2729	5	-13.175278
3032	5	-0.851321
3795	5	-2.655274
866	6	-0.755925
3595	7	6.421339
1226	8	3.625298
1955	8	-13.071908
2289	8	-10.735608
2950	8	18.927043
3788	10	8.670953
214	11	0.272838
256	11	1.978840
456	11	-2.753969
501	11	-2.700948
1075	11	3.830312
1101	11	6.720424
2062	11	2.932640
97	13	-13.976611
297	13	1.338533
357	13	1.253726
456	13	-1.922723
1101	13	3.174803
2183	13	0.782784
3497	13	0.197747
4021	13	10.119022
14	14	-17.449956
25	14	12.937537
51	14	-13.018963
97	14	-1.418234
288	14	3.031438
439	14	6.830411
472	14	1.793296
501	14	7.287906
516	14	-8.588556
550	14	-15.223001
603	14	-14.304549
630	14	-12.469485
663	14	2.869433
737	14	19.358792
895	14	-12.306096
933	14	-12.470379
977	14	-22.660106
1046	14	-18.691443
1089	14	5.982629
1101	14	3.395294
1230	14	21.529849
1238	14	4.500046
1362	14	-3.439174
1374	14	17.850968
1386	14	-14.038240
1429	14	-1.004419
1485	14	-9.739177
1522	14	7.914488
1538	14	4.859367
1560	14	2.380596
1589	14	-16.693025
1646	14	14.643408
1679	14	11.532418
1715	14	-1.963965
1733	14	-10.424116
1767	14	-2.970612
1849	14	9.147272
1945	14	4.726327
1955	14	-41.238303
2028	14	-4.462397
2060	14	13.561177
2089	14	-6.373378
2105	14	-7.754815
2136	14	-12.565901
2182	14	-5.277276
2192	14	-11.850958
2212	14	-5.249882
2265	14	3.232434
2333	14	12.423043
2472	14	-7.972859
2672	14	0.643495
2803	14	-0.121289
2987	14	5.741344
3035	14	5.841682
3044	14	-11.256359
3049	14	-10.340510
3158	14	-17.019975
3229	14	7.409653
3241	14	1.826909
3256	14	-16.655844
3441	14	-9.920917
3476	14	-8.726827
3485	14	23.022103
3519	14	8.406138
3622	14	3.406715
3631	14	-11.533404
3689	14	-2.933985
3713	14	-5.493809
3733	14	-7.238375
3769	14	1.610149
3770	14	14.350696
3795	14	7.474735
3816	14	-25.874224
3865	14	0.639587
3866	14	1.991926
3873	14	2.621445
3879	14	-6.275909
3904	14	-0.057960
3945	14	-23.772243
4086	14	11.454755
176	15	-27.683459
199	15	-8.746929
281	15	-5.132556
476	15	11.237022
541	15	18.579759
989	15	-6.345559
1023	15	-1.613213
2080	15	22.663265
2490	15	9.074343
2523	15	-10.318095
2764	15	-25.206670
2766	15	-10.499676
3229	15	9.496487
3457	15	23.501205
3776	15	-12.109196
369	16	-6.184835
561	16	-13.136580
849	16	1.476240
895	16	10.689271
1099	16	-13.934099
2089	16	-7.459121
2490	16	-1.879376
2891	16	4.390419
2931	16	15.325312
3441	16	14.759908
3481	16	-10.724687
3485	16	3.270975
3653	16	-2.429031
3719	16	-13.552211
3795	16	-2.990291
77	17	-9.546527
253	17	-1.998211
501	17	-9.563588
1213	17	13.727293
1375	17	4.743154
2354	17	-6.544343
2556	17	0.441885
2660	17	-1.398827
370	18	-13.327500
737	18	10.257157
813	18	-2.112253
1485	18	-11.941533
1522	18	4.310099
2221	18	3.694005
2223	18	-14.551125
2596	18	2.626980
2747	18	1.972325
3374	18	11.081831
3578	18	-5.177016
3904	18	-4.207939
14	19	2.677904
20	19	1.518792
97	19	9.413348
307	19	-2.010511
1310	19	-11.434709
1806	19	-1.812595
2744	19	4.048277
2991	19	29.316134
2998	19	-10.831345
4	20	-4.836563
238	20	12.357022
493	20	-5.166020
615	20	-10.143571
2179	20	2.217409
2705	20	-13.508354
2845	20	0.079320
3032	20	3.625956
3680	20	-8.431448
19	21	1.472934
2672	21	4.123194
3304	21	4.754940
1577	22	-4.209215
2490	22	4.501192
25	25	-4.625435
75	25	-6.097335
95	25	11.591409
97	25	-1.677556
113	25	3.971892
135	25	15.281646
170	25	-15.743628
268	25	-4.311969
364	25	-0.979978
384	25	-10.443908
407	25	-14.254800
471	25	7.043082
663	25	-5.368348
911	25	-14.930568
1169	25	-7.058339
1261	25	-0.716176
1291	25	10.252705
1432	25	-6.815483
1804	25	6.251894
1903	25	1.825663
2000	25	4.353595
2066	25	-7.341827
2081	25	2.445117
2212	25	3.659004
2278	25	-21.319046
2341	25	-4.319430
2393	25	4.469036
2507	25	11.548767
2559	25	6.662712
2571	25	-13.953902
2618	25	9.025471
2846	25	10.471883
2907	25	11.916120
3010	25	14.582160
3080	25	-8.739792
3229	25	-8.302110
3310	25	11.827299
3364	25	-14.870167
3460	25	-8.254152
3578	25	-6.609565
3614	25	-7.191690
3659	25	-19.863817
3662	25	4.962752
3684	25	3.342502
3847	25	-10.964994
3879	25	10.846748
4032	25	-16.804435
462	30	13.480678
586	30	11.353634
1179	30	-9.342507
3977	30	10.429641
426	33	-9.217308
803	33	-3.062473
828	33	-2.996199
1375	33	-2.221513
1560	33	19.113843
2216	33	24.134643
2496	33	-8.205284
2523	33	5.170581
2675	33	-6.101293
2787	33	-8.614350
2917	33	9.341810
3256	33	3.058952
3567	33	29.422378
3696	33	-12.462047
557	34	1.325466
4	37	-6.791247
73	37	0.138218
84	37	-7.726046
170	37	-13.782522
278	37	-18.369357
430	37	-6.576086
456	37	3.163287
1089	37	5.294843
1136	37	10.903528
1238	37	20.273302
1291	37	17.827347
1341	37	14.889548
1374	37	-8.351033
1377	37	-11.106841
1428	37	-6.099184
1485	37	-23.431895
1524	37	-8.005816
1741	37	6.128214
2066	37	4.929328
2376	37	-11.947175
2515	37	13.357308
2665	37	2.798269
2724	37	-5.553882
2919	37	16.708490
3032	37	19.573848
3044	37	-5.840391
3229	37	1.386522
3375	37	34.174382
3469	37	8.899348
3620	37	21.657902
3734	37	0.777169
3748	37	2.617580
3802	37	13.026820
3945	37	3.809498
4073	37	10.784625
428	38	1.137257
2467	38	1.241461
1396	39	10.371981
1854	39	5.848561
2268	39	20.280745
3240	39	7.000180
3814	39	-1.145078
3842	39	13.783787
3889	39	-3.800647
2561	40	-1.217375
1396	41	4.959889
3185	41	7.497481
42	42	2.130860
407	42	10.706520
424	42	-2.660183
453	42	8.932211
472	42	-1.545779
777	42	19.922985
1071	42	17.864656
1101	42	-1.059353
1328	42	20.383175
1485	42	9.788028
1537	42	-2.876006
1538	42	10.405054
1667	42	-9.136567
1710	42	-8.008268
1785	42	10.813308
1816	42	-1.455562
2341	42	-8.667964
2490	42	-14.046182
2665	42	10.344463
2683	42	30.467422
2685	42	-9.169484
2907	42	10.177654
3158	42	5.530248
3204	42	-9.090732
3208	42	7.715544
3406	42	1.337320
3485	42	8.845665
3567	42	-1.751680
3614	42	1.605207
3749	42	-11.919590
3847	42	3.706121
3858	42	4.893159
3908	42	-5.554831
3915	42	4.451242
3984	42	-6.798123
330	44	5.721824
414	44	-7.899406
1101	44	-2.022292
2214	44	7.350243
2752	44	-11.858862
730	46	-5.424182
3130	47	-13.876725
3733	47	-4.318393
3373	48	-7.976261
976	49	-3.593948
1732	49	-7.613790
2023	49	1.213396
2469	49	-2.177956
74	51	-18.234523
357	51	-12.074303
439	51	4.668161
449	51	7.416179
456	51	-5.711200
521	51	-8.586195
623	51	21.518226
711	51	-8.083039
737	51	-14.986578
745	51	3.755206
823	51	9.573960
895	51	-9.514454
1213	51	11.423474
1309	51	-9.509345
1328	51	1.331177
1396	51	-29.754533
1522	51	-5.671875
1537	51	-4.877935
1663	51	2.855685
1667	51	-8.021036
1955	51	0.102082
1970	51	-17.735674
1976	51	4.797367
2047	51	-11.198155
2066	51	-1.082018
2089	51	11.204334
2129	51	-6.729932
2232	51	-7.313765
2312	51	-13.153536
2571	51	4.156007
2665	51	-1.968680
2736	51	-14.157106
2932	51	7.213266
2994	51	-4.824601
3044	51	-18.827945
3415	51	-6.178901
3510	51	0.267338
3622	51	2.093616
3701	51	-1.985404
3719	51	14.187372
3879	51	-12.968962
3984	51	4.406454
4000	51	-7.268878
1814	52	-0.184426
2010	52	18.332270
3006	52	1.099909
3945	52	7.437331
1794	53	34.578095
278	55	6.730897
1155	55	6.712769
1485	55	7.325593
2089	55	-11.582475
471	57	5.937618
572	57	-1.553550
1155	57	-3.089397
1646	57	11.913722
1727	57	-4.433462
1763	57	4.806370
2290	57	-7.677146
2432	57	2.305987
2600	57	-2.539489
2653	57	12.540014
2766	57	-4.177341
3229	57	3.406719
58	58	4.180664
1015	58	-15.891030
1741	58	0.202657
2412	58	7.721884
2492	58	-4.213659
2981	58	-23.645898
2994	58	-1.897341
3229	58	1.719445
3622	58	15.600968
3773	58	-19.502803
1482	59	-7.077589
3744	59	3.706471
152	60	-6.898871
1077	60	-1.171497
1386	60	-0.115360
1396	60	-1.833296
1502	60	20.585886
2066	60	-6.041073
2270	60	12.762666
2532	60	-2.911320
2538	60	4.921375
2665	60	-7.210519
2782	60	5.324369
3075	60	5.079104
3310	60	-0.529162
3614	60	-1.477446
3935	60	-1.314997
614	61	5.893131
2755	61	-7.870410
3097	61	0.761851
3445	63	-2.272358
1905	64	14.846629
3519	64	16.746567
3744	64	7.062674
76	65	-0.440807
2225	65	-3.927930
2312	65	5.114494
2794	65	-14.598696
1010	66	5.798374
4086	66	0.898539
178	68	6.315883
405	68	-11.033059
1950	68	8.851068
2755	68	4.378663
2907	68	-5.481169
3889	68	6.033419
87	69	8.695455
862	69	-25.161152
1485	69	-6.287920
1496	69	-0.998929
1915	69	0.760823
232	72	-21.500511
589	72	15.775940
893	72	6.402079
897	72	-10.791211
1078	72	9.985175
1238	72	3.490585
2412	72	-1.078123
2781	72	-24.279612
4	73	15.957486
14	73	1.657302
19	73	2.975123
37	73	-4.248586
73	73	-11.212441
113	73	-16.573422
163	73	-24.896029
170	73	-2.898370
187	73	-7.420330
214	73	6.095469
221	73	-1.501110
253	73	0.764971
273	73	-13.303652
288	73	4.012225
324	73	-18.165355
357	73	6.201179
382	73	-8.695828
407	73	3.679177
456	73	3.976481
500	73	12.613411
521	73	-5.266644
549	73	1.179015
553	73	4.424049
555	73	26.415544
610	73	4.126368
633	73	-13.570092
704	73	-22.324065
835	73	8.427344
893	73	-12.708007
895	73	-11.581539
933	73	-1.064222
1039	73	14.884634
1077	73	-2.741448
1101	73	14.618347
1125	73	17.036054
1137	73	4.659074
1226	73	-2.658709
1347	73	9.842892
1374	73	-7.205909
1396	73	2.698436
1429	73	-4.788859
1485	73	-2.078063
1679	73	-1.498512
1723	73	4.088755
1767	73	2.111596
1844	73	-10.436569
1865	73	-0.861263
1894	73	-7.352034
1904	73	6.310371
1947	73	-5.584466
1952	73	1.600014
1955	73	-6.808258
1993	73	-6.410846
2028	73	14.742582
2060	73	-25.084262
2216	73	8.531615
2226	73	-17.692377
2246	73	2.765316
2292	73	-5.198306
2302	73	1.226165
2347	73	1.399402
2409	73	-4.602312
2538	73	15.476058
2617	73	-0.028639
2653	73	4.024740
2665	73	-6.167996
2675	73	0.630365
2761	73	2.064078
2766	73	-5.859736
2846	73	3.537888
2930	73	2.924921
3158	73	9.131408
3240	73	-6.357801
3261	73	2.378821
3275	73	9.000325
3301	73	10.339565
3350	73	4.004327
3370	73	-0.202244
3387	73	-0.052113
3426	73	21.545315
3430	73	-20.384766
3441	73	-10.715752
3477	73	2.671099
3514	73	8.226931
3529	73	-7.871351
3682	73	0.204264
3738	73	-1.364925
3784	73	5.202497
3793	73	2.050482
3802	73	-6.332710
3882	73	28.141781
3889	73	-0.167495
3904	73	5.596978
3945	73	18.292406
4011	73	-8.798527
4023	73	14.059415
964	74	-10.288927
1101	74	-34.515669
1610	74	23.726479
1726	74	-32.369547
1767	74	9.464919
2028	74	7.910361
2066	74	9.267150
2547	74	-9.527545
2737	74	-6.228179
3002	74	-20.431733
3229	74	-8.170805
3406	74	-7.882612
3740	74	-4.912786
3925	74	5.806689
815	75	3.662720
1101	75	-11.415658
1396	75	3.177822
2347	75	-20.186034
3659	75	3.223611
4067	75	0.159119
4089	75	1.217445
3158	76	-4.964445
329	77	-6.742030
1463	77	-9.526295
2357	77	1.491439
3786	77	2.248324
80	80	-21.601410
209	80	-0.677626
211	80	-1.051469
214	80	-4.092677
252	80	15.283382
384	80	-20.801923
586	80	0.762346
703	80	10.999565
767	80	-13.850619
976	80	31.727296
978	80	1.858008
1101	80	-5.827943
1113	80	-6.529984
1186	80	-3.186400
1328	80	5.912826
1375	80	-3.396097
1656	80	7.002827
1955	80	2.855803
2066	80	0.327159
2113	80	14.585844
2469	80	1.117968
2616	80	-3.628527
2782	80	-5.248929
2869	80	-9.215860
2925	80	1.618847
3060	80	9.437449
3146	80	-4.166496
3235	80	-4.151469
3259	80	0.476087
3404	80	2.175771
3447	80	-5.837944
3510	80	6.421862
3529	80	-3.731327
3578	80	-3.114874
3614	80	9.672681
3925	80	3.306835
3942	80	-14.308324
4086	80	-32.705802
33	81	3.236476
312	81	10.370790
357	81	13.059453
1362	81	-5.074841
3044	81	-9.146084
3930	81	-2.846144
380	83	-1.298737
2467	83	0.879871
2494	83	-9.798425
84	84	-8.986437
113	84	0.938104
155	84	-3.815961
479	84	-23.599288
550	84	-17.302577
743	84	12.830055
1429	84	-13.294658
1646	84	19.573063
1651	84	5.777204
1898	84	-4.819171
1904	84	-12.815450
1979	84	6.108809
2226	84	-3.799304
2494	84	-14.384077
2571	84	-1.158545
2683	84	9.913377
2907	84	-17.951336
3229	84	11.957551
3310	84	-18.292763
3373	84	2.492411
3662	84	7.757885
3684	84	-6.358980
3738	84	3.945122
3769	84	8.161805
3793	84	1.903774
1129	86	12.221786
1552	86	2.958514
1903	86	-1.094146
1960	86	22.803885
2182	86	1.723932
3454	86	-1.451240
3679	86	-3.789836
3925	86	24.812326
544	87	0.867041
1375	87	11.543307
2906	87	-9.540043
3035	87	0.769772
3688	88	-4.451313
1911	89	-0.631889
2003	89	-3.779197
2181	91	-8.013099
2332	91	15.929554
170	92	1.880945
330	92	26.643839
1013	92	5.000550
1428	92	16.258713
2341	92	6.367743
2347	92	4.574316
2379	92	16.854147
2665	92	-8.347147
2869	92	-1.793636
3374	92	5.022095
3682	92	0.736420
3709	94	7.813763
97	95	18.280787
550	95	21.268742
744	95	-6.272504
935	95	-6.477693
1230	95	-10.697094
1260	95	-11.551903
1300	95	-12.867269
1823	95	-6.536475
2066	95	3.161855
2109	95	-8.248736
2161	95	-5.884326
2520	95	7.483372
3196	95	8.395864
3770	95	10.228078
3931	95	-32.295610
3973	95	11.481357
4	97	-20.089711
14	97	-7.579900
33	97	7.293467
37	97	-0.646377
51	97	-6.510754
97	97	54.462886
113	97	1.942674
129	97	8.323195
171	97	-2.002146
214	97	4.665968
278	97	-10.298084
328	97	-10.164566
344	97	-1.529963
357	97	-6.202614
394	97	-12.930364
407	97	8.698018
424	97	6.157236
439	97	-16.675127
448	97	-1.491781
456	97	2.128637
500	97	-8.666145
531	97	0.873321
550	97	-10.169298
555	97	16.727851
557	97	9.624898
572	97	-0.867778
599	97	12.011093
623	97	-13.546033
625	97	14.531159
632	97	7.484259
663	97	4.945699
664	97	-3.731138
677	97	5.315632
705	97	13.128070
737	97	-5.540828
777	97	-2.417458
822	97	-3.458541
843	97	2.573456
893	97	10.802956
895	97	-3.100888
898	97	1.852281
914	97	6.399552
976	97	-12.283755
977	97	19.926510
1019	97	6.900948
1051	97	10.955829
1101	97	20.468395
1127	97	3.811480
1213	97	-21.280005
1216	97	-25.350654
1230	97	-6.972176
1249	97	2.651023
1291	97	2.912256
1292	97	-0.250197
1328	97	3.852737
1342	97	-6.512236
1362	97	-27.841570
1374	97	-1.537143
1376	97	7.700801
1393	97	5.754224
1396	97	-9.598615
1425	97	11.965313
1428	97	-4.615913
1429	97	-3.424017
1437	97	-21.744473
1462	97	-7.641938
1485	97	32.641309
1502	97	-1.744400
1504	97	8.404410
1522	97	1.422790
1537	97	-0.579516
1538	97	4.780010
1564	97	2.101675
1591	97	-4.301137
1646	97	6.666550
1651	97	-0.058854
1667	97	4.156145
1679	97	23.944707
1682	97	2.250699
1767	97	8.071399
1794	97	-0.798364
1816	97	7.097959
1828	97	8.703345
1829	97	-10.435575
1851	97	-16.970064
1883	97	7.971834
1889	97	-4.733475
1903	97	13.630076
1945	97	8.359964
1955	97	-32.104686
1958	97	3.202094
2028	97	2.239342
2054	97	-12.701057
2066	97	7.040743
2130	97	-5.695739
2178	97	-14.381993
2181	97	-25.434821
2182	97	7.969297
2212	97	-7.929280
2229	97	6.492997
2265	97	-3.528839
2341	97	17.547055
2379	97	-3.819078
2408	97	11.142701
2463	97	-7.233887
2490	97	11.046002
2492	97	-5.463439
2495	97	5.218574
2511	97	-4.383134
2538	97	-2.669199
2551	97	-4.472740
2559	97	10.191215
2571	97	20.156657
2639	97	1.619807
2665	97	-11.893455
2672	97	-6.808921
2689	97	-0.149168
2727	97	18.182821
2729	97	14.704372
2733	97	26.616608
2755	97	-0.577178
2756	97	-10.558053
2764	97	21.755661
2765	97	6.960241
2766	97	41.537483
2803	97	1.471262
2826	97	3.144838
2844	97	-11.937545
2846	97	3.733023
2892	97	2.125346
2907	97	6.739705
2919	97	2.976535
2925	97	7.386153
2943	97	-17.346566
2993	97	16.451624
3016	97	14.648086
3032	97	-5.929752
3044	97	-7.282133
3061	97	-2.874509
3133	97	-13.386923
3145	97	-2.389942
3158	97	6.335162
3171	97	-0.071501
3173	97	-5.186438
3196	97	-17.963974
3229	97	-9.872481
3256	97	-13.056327
3259	97	-4.786698
3273	97	4.936496
3278	97	7.456888
3333	97	23.936266
3342	97	3.916033
3373	97	19.790686
3411	97	-0.754614
3414	97	1.684323
3485	97	-14.986153
3499	97	-12.167300
3501	97	12.294803
3529	97	10.316266
3570	97	-7.799750
3578	97	0.963354
3662	97	-6.169221
3689	97	15.792970
3719	97	-5.755298
3730	97	7.160756
3733	97	-5.785260
3740	97	-3.177664
3769	97	8.664389
3770	97	-10.273781
3786	97	9.946559
3795	97	-6.669690
3802	97	13.771809
3816	97	6.504263
3823	97	-21.478638
3866	97	-15.075386
3889	97	6.048484
3904	97	14.128760
3909	97	-0.823239
3922	97	19.546109
3945	97	15.516261
3965	97	-10.192084
3969	97	-1.793239
3973	97	-8.838196
4005	97	-17.390305
4021	97	16.773703
4027	97	14.551427
4034	97	-2.519846
4053	97	-11.286806
4083	97	-4.290908
4086	97	-3.722731
1099	101	3.903702
2129	101	-7.844828
3241	101	-0.127658
737	102	-8.489275
984	102	11.888266
3334	102	7.023411
1574	103	-1.933223
1549	104	4.236120
2463	105	10.102454
3786	105	-9.873253
1447	106	10.647169
414	108	25.089328
711	108	12.926262
2080	108	-3.601825
2129	108	-11.200706
3486	108	7.139953
1816	109	-7.548625
2277	109	-2.653228
2298	109	-8.759764
3194	109	12.275264
3847	109	-7.239583
4	110	18.847359
284	110	-12.704292
472	110	-4.986014
615	110	28.187455
1002	110	13.069188
1186	110	-8.668024
1219	110	-4.483253
1350	110	0.310132
1377	110	-10.749950
1947	110	-4.033091
2048	110	-13.932395
2558	110	-1.908755
2685	110	-4.555796
2925	110	-15.484772
3006	110	-0.073202
3793	110	-11.863515
4005	110	-2.108732
4066	110	1.217430
1377	111	7.606389
1555	111	23.638673
798	112	-4.149810
1423	112	3.524748
25	113	-2.926585
51	113	9.652308
73	113	-1.982749
84	113	13.893300
97	113	-11.740913
113	113	-40.923181
163	113	30.077401
170	113	6.160302
187	113	2.259757
214	113	9.479446
219	113	2.816202
226	113	-4.945641
238	113	-11.882546
271	113	2.487575
278	113	-4.031228
357	113	-7.749957
397	113	6.431377
407	113	10.109999
476	113	-3.370647
541	113	14.123482
545	113	-2.423955
550	113	30.440443
553	113	13.292032
572	113	-31.187684
589	113	2.371512
623	113	-5.999082
664	113	-15.782349
698	113	5.727427
704	113	8.906450
737	113	24.132943
852	113	6.577871
857	113	-23.521210
891	113	-0.446448
895	113	-53.404179
949	113	0.357403
976	113	1.815197
977	113	20.999859
982	113	-8.966541
989	113	-0.690046
994	113	6.374400
1001	113	-2.290110
1023	113	7.859102
1075	113	2.169857
1085	113	-3.304249
1087	113	-9.748878
1097	113	2.278586
1101	113	4.885276
1127	113	20.534378
1132	113	-7.893869
1153	113	-12.456527
1197	113	10.114753
1209	113	-3.784589
1216	113	-5.955660
1245	113	-8.758529
1286	113	9.118396
1291	113	6.035907
1301	113	-0.529492
1328	113	0.292848
1360	113	17.196707
1362	113	-12.540255
1386	113	9.924267
1429	113	-4.364127
1430	113	2.946625
1437	113	-4.318874
1468	113	10.556484
1485	113	-3.201576
1511	113	-11.473714
1522	113	-5.895262
1533	113	5.111923
1538	113	-5.265430
1555	113	24.729477
1587	113	4.353521
1646	113	8.578622
1654	113	-4.798556
1656	113	17.310384
1663	113	13.353362
1679	113	26.452216
1715	113	-14.044921
1725	113	-7.356520
1767	113	-5.756071
1812	113	7.035272
1851	113	4.699395
1865	113	-4.154109
1955	113	-4.035157
1970	113	-0.535322
1976	113	9.326556
1979	113	0.494941
2010	113	-9.860309
2051	113	-21.643543
2054	113	-4.838536
2060	113	25.491997
2066	113	8.606214
2071	113	3.999163
2089	113	7.606107
2137	113	-5.631856
2155	113	20.781876
2221	113	-5.263034
2226	113	6.544870
2229	113	10.042276
2240	113	-5.916588
2302	113	-35.751783
2341	113	-7.789680
2349	113	-3.507931
2436	113	12.434772
2459	113	1.173215
2468	113	11.027358
2490	113	-6.918797
2492	113	5.928620
2505	113	8.563516
2514	113	-5.114150
2521	113	-5.908430
2541	113	25.108969
2542	113	-16.920697
2561	113	-13.256573
2571	113	6.264640
2586	113	-2.510586
2598	113	-10.368505
2618	113	7.434882
2646	113	-4.055901
2647	113	-4.320491
2653	113	10.838576
2665	113	-14.387703
2724	113	1.826094
2729	113	9.073892
2733	113	-2.359755
2754	113	13.577389
2770	113	-5.269558
2782	113	15.308898
2787	113	2.882901
2798	113	0.177702
2846	113	-4.355198
2871	113	14.106257
2910	113	2.783526
2932	113	5.403405
2943	113	-1.664330
3016	113	33.343691
3032	113	32.984668
3039	113	0.576317
3044	113	-21.364143
3060	113	2.135719
3173	113	3.408206
3195	113	-0.651452
3204	113	-18.181007
3229	113	-7.470791
3309	113	20.010091
3376	113	0.597927
3447	113	-0.647975
3519	113	16.574272
3578	113	-21.277699
3595	113	-0.603310
3639	113	-13.356303
3653	113	6.687442
3673	113	-22.388277
3678	113	0.670994
3689	113	2.096398
3709	113	13.632935
3719	113	-21.814569
3738	113	12.390916
3747	113	6.376447
3758	113	9.230584
3786	113	19.665573
3793	113	-25.923809
3795	113	4.086414
3802	113	-17.359974
3804	113	11.621963
3840	113	18.832908
3847	113	-3.051513
3865	113	12.525049
3882	113	-5.794343
3904	113	0.067292
3925	113	1.054321
3930	113	-1.721359
3945	113	-7.129052
4034	113	12.726508
4037	113	-16.307390
4068	113	-4.212537
474	114	18.454711
3614	114	8.931822
3983	114	-18.770281
222	115	-3.775921
698	115	-3.212008
1001	115	-5.715183
1560	115	-21.907977
1719	115	-8.698739
2024	115	24.959612
2753	115	-5.745538
3313	115	-0.372899
3842	115	9.219497
3871	115	-5.861954
18	117	-5.819079
1401	120	-10.045246
4	122	-14.419845
572	122	-6.612915
1471	122	-21.415819
1716	122	24.654037
3159	122	-5.808602
3904	122	9.539140
3578	123	-8.413767
1440	124	1.982298
490	125	-17.257727
524	125	-5.386830
656	125	-19.911682
949	125	5.583658
2691	125	-8.583898
1456	126	-6.030128
2468	126	1.461302
1626	128	12.875585
97	129	-16.881410
129	129	-0.728479
957	129	-1.210238
1821	129	5.703319
2128	129	9.966265
2208	129	-6.271924
2265	129	15.834736
2702	129	11.163262
51	131	17.449387
74	131	3.741189
1445	131	20.858605
1782	131	-9.401794
1791	131	-0.954269
2129	131	-7.672492
2409	131	5.730770
2463	131	8.180621
2843	131	2.851759
3608	131	11.876804
2441	133	2.599220
3015	133	6.596133
3435	133	3.933899
382	134	-4.069575
390	134	-8.070563
532	134	-3.109602
949	134	-11.603065
1451	134	-1.590771
1468	134	11.502465
1485	134	5.291917
1513	134	-14.786309
1546	134	-10.906622
2105	134	-1.301138
2216	134	-2.647906
2490	134	-5.641904
2685	134	13.730132
2922	134	6.027900
3232	134	6.887377
3740	134	-5.633276
3885	134	2.131588
73	135	-6.902746
170	135	-7.198138
269	135	1.659945
711	135	-1.537522
748	135	20.996157
1101	135	7.982189
1502	135	11.152305
1522	135	11.846319
1842	135	-3.588822
2060	135	-17.518378
2472	135	2.717723
3699	135	1.856588
3786	135	-7.739376
3802	135	7.377401
3816	135	-10.398896
3818	135	-3.376912
977	136	-10.011663
3172	136	8.556210
3728	136	-3.820148
3904	136	5.698587
131	137	1.256610
1136	138	-4.013801
279	141	3.872572
307	143	-5.318037
1101	143	7.396699
2542	143	-6.561111
2977	143	3.586436
3027	143	-3.863486
3159	143	-2.980348
3633	143	0.746265
3719	143	2.486383
3787	143	14.226124
2911	144	-5.671617
3384	145	-2.623830
187	146	-4.948947
449	146	-7.864851
479	146	1.975988
1074	146	0.386255
1128	146	8.597227
1362	146	-15.754861
1396	146	5.489328
1608	146	4.822727
2270	146	6.602809
2523	146	-15.038744
2798	146	-10.510011
3229	146	-3.469836
3666	146	-3.077028
3668	146	-11.536814
3734	146	-6.650540
3747	146	-6.451458
3816	146	9.518979
1	148	-15.928735
187	148	-2.546171
450	148	-9.897480
504	148	9.478304
623	148	18.396490
798	148	-2.723242
1039	148	-4.904387
1089	148	13.100274
1101	148	-6.068835
1159	148	6.863525
1362	148	-7.351129
1374	148	0.621795
1396	148	-23.493615
1485	148	0.808497
1589	148	1.301825
1679	148	-0.388158
1727	148	13.119673
1812	148	-5.050516
2062	148	7.712788
2785	148	11.979090
2826	148	13.621315
2947	148	20.556673
3044	148	-4.970536
3145	148	-11.414193
3171	148	6.135067
3410	148	19.196881
3578	148	10.616208
3688	148	6.323144
3904	148	7.499255
3945	148	-7.495715
3984	148	4.148423
14	150	-7.710919
1127	150	3.611106
1485	150	-18.176886
110	151	-4.931289
113	151	-2.958248
170	151	-3.517832
264	151	21.127267
508	151	7.360627
849	151	-12.115025
852	151	3.926924
970	151	1.289570
977	151	-18.595801
1101	151	8.692005
1213	151	7.881821
1227	151	-7.986961
1942	151	19.751449
1981	151	6.337857
2089	151	8.859771
2127	151	5.569224
2212	151	-3.001832
2347	151	-10.950484
2475	151	-13.356026
2653	151	3.420397
2716	151	-8.479275
2920	151	-6.756538
3044	151	-12.924510
3194	151	15.213249
3229	151	-14.484900
3457	151	1.959155
3578	151	-5.070069
3622	151	-0.427311
3666	151	0.026890
3684	151	13.588266
3708	151	12.468493
3802	151	-0.297711
3840	151	8.485003
1169	152	6.838045
1462	152	-18.871635
2279	152	-13.473627
2512	152	-13.913607
3730	152	14.886078
281	153	9.794118
386	153	13.972945
663	153	4.459342
97	154	-13.966145
353	154	6.290243
477	154	0.646267
957	154	17.592428
964	154	14.807303
1143	154	-2.872539
1328	154	5.085506
1668	154	3.712854
2060	154	6.232339
3070	154	-1.113691
155	155	12.121355
874	155	-6.621337
962	155	-13.926322
996	155	6.107239
1375	155	1.301515
1738	155	12.549468
2538	155	30.424897
2547	155	20.392539
2962	155	3.376847
3044	155	14.783978
3578	155	21.879518
3733	155	6.615102
3816	155	-20.115125
2151	158	-8.925387
3423	158	-1.585470
1818	161	-10.482643
3345	161	3.682877
83	163	-16.934324
84	163	1.208900
113	163	-12.535896
143	163	0.671300
151	163	-12.024953
163	163	9.425492
166	163	-3.000094
204	163	-18.840953
214	163	-1.931134
243	163	12.755509
257	163	-15.621418
336	163	-7.114263
452	163	11.781250
456	163	-34.874270
457	163	0.442086
501	163	-10.264115
515	163	16.647171
589	163	-2.476270
623	163	-4.025786
743	163	-19.335956
777	163	-7.644568
781	163	9.334915
895	163	-3.302642
941	163	6.166317
971	163	-6.289897
1039	163	10.857470
1075	163	-3.230385
1101	163	27.469256
1290	163	0.489150
1291	163	10.990874
1381	163	-4.451138
1414	163	-17.653241
1485	163	17.667042
1516	163	4.778554
1522	163	2.526424
1524	163	-10.439224
1533	163	-4.292511
1537	163	5.496739
1543	163	-3.074192
1646	163	4.989399
1733	163	-3.906531
1743	163	6.742822
1819	163	0.598322
1842	163	7.914953
1881	163	4.236513
1955	163	5.770864
1993	163	15.374090
2018	163	-1.789040
2051	163	-11.960051
2270	163	23.914228
2295	163	8.291670
2341	163	-4.740030
2393	163	-5.557336
2436	163	1.984432
2464	163	-18.020839
2505	163	15.656196
2512	163	-9.311728
2574	163	-3.036840
2599	163	-22.576868
2672	163	15.506153
2683	163	-6.198524
2724	163	-8.984854
2729	163	-0.102738
2852	163	-8.109040
3032	163	-9.914746
3067	163	-8.495599
3145	163	1.406654
3146	163	-3.655976
3204	163	2.578803
3256	163	2.691150
3343	163	3.650198
3578	163	4.944949
3603	163	-7.813936
3680	163	18.628581
3709	163	-25.706438
3738	163	-2.753986
3775	163	10.385401
3811	163	16.731765
3847	163	8.891726
3882	163	-3.966649
3935	163	-5.584974
3957	163	-1.857575
4013	163	13.391312
4008	164	8.854008
3740	165	-9.713865
439	166	-12.762318
1328	169	-6.498555
2492	169	29.583580
2919	169	-8.028018
42	170	5.888098
60	170	-5.362617
113	170	-6.218888
163	170	12.045006
170	170	-30.858447
209	170	-7.261867
238	170	4.022696
264	170	0.788897
371	170	-8.241753
439	170	-6.676908
456	170	-0.627018
462	170	9.064181
545	170	18.131769
600	170	0.994263
615	170	-21.799340
646	170	-2.347510
663	170	11.479398
713	170	-4.040388
736	170	-10.473379
737	170	-16.218677
779	170	6.280855
781	170	-13.090862
798	170	4.928555
852	170	9.720267
862	170	-2.047163
871	170	-0.393666
928	170	6.832549
937	170	-1.843429
1039	170	12.092779
1087	170	-13.649080
1089	170	13.228247
1097	170	-2.708938
1101	170	27.295392
1160	170	-4.436049
1189	170	-14.497144
1213	170	29.650798
1362	170	0.954398
1429	170	3.470305
1445	170	9.317011
1522	170	12.385829
1565	170	-8.550705
1596	170	9.424212
1646	170	0.931576
1679	170	13.163292
1741	170	-6.804043
1855	170	-8.016778
1945	170	-6.525312
1947	170	-6.872319
1955	170	2.600296
1970	170	0.453359
2010	170	6.792839
2018	170	12.071378
2028	170	-0.378722
2062	170	-26.729822
2182	170	-6.972871
2226	170	11.323978
2270	170	15.411982
2302	170	-8.451506
2379	170	-1.883903
2521	170	9.619204
2571	170	1.192934
2604	170	11.099760
2629	170	6.201521
2665	170	3.144927
2737	170	3.768084
2766	170	-15.202064
2846	170	5.240442
2907	170	-4.900404
2986	170	-12.224520
3002	170	2.545853
3018	170	10.723757
3032	170	12.837540
3044	170	16.489916
3131	170	-1.701157
3180	170	9.376074
3441	170	-8.397519
3529	170	11.954089
3578	170	0.310185
3614	170	4.844348
3629	170	-14.332376
3633	170	-26.321747
3684	170	3.268881
3742	170	2.919068
3889	170	-4.632305
3904	170	-3.557726
3910	170	-3.030715
3945	170	19.486890
4034	170	1.522735
4059	170	7.128052
4076	170	-12.105917
171	171	-4.754537
320	171	-2.676580
323	171	4.581565
433	171	7.673603
439	171	21.834939
550	171	8.635392
621	171	-4.638655
737	171	-9.711210
976	171	-14.868406
977	171	0.538976
1538	171	-12.980956
1741	171	-0.983083
1854	171	0.839850
1897	171	-3.659796
1955	171	13.173516
1981	171	-3.817125
2128	171	-14.038755
2212	171	2.610406
2393	171	6.121546
2436	171	-2.229294
2604	171	10.589139
2618	171	-9.894345
2653	171	19.607275
2838	171	7.714225
2907	171	2.853181
3144	171	11.969948
3204	171	-4.939017
3226	171	0.065571
3256	171	0.373069
3337	171	-2.395993
3367	171	22.457305
3441	171	-24.616986
3663	171	-16.104258
3693	171	0.894384
3740	171	9.115754
3847	171	9.881724
4027	171	4.887750
2924	173	9.343339
357	174	-8.310896
1812	174	-11.803434
1918	174	3.113696
2907	174	-16.345138
1460	175	15.464447
2494	177	10.109597
532	178	28.587169
1328	178	8.955190
1522	178	-6.130946
2604	178	0.843561
3057	178	7.121012
3301	178	22.980990
2156	180	5.805281
3379	180	5.070881
141	181	0.408518
3039	182	6.046902
3194	182	-4.767610
286	183	-7.099194
3061	183	10.271417
37	184	8.816629
357	184	17.512538
976	184	-18.281149
2084	184	14.338546
2870	184	-14.019999
3016	184	4.490906
3506	184	-0.893146
3945	184	5.649575
506	185	3.053096
1113	185	-0.186104
1538	185	7.965900
2107	185	-8.867327
2523	185	6.074166
3044	185	3.673185
209	186	-4.536570
658	186	-0.022081
895	186	8.419031
1169	186	-4.785183
1435	186	-0.196578
1591	186	0.178596
1651	186	15.956040
1943	186	-0.887921
3014	186	6.410419
4	187	-9.242799
42	187	-6.656129
51	187	-14.299344
80	187	-5.864794
113	187	-10.967385
146	187	4.163330
148	187	-2.593553
170	187	-7.903007
187	187	16.060196
323	187	-1.520916
348	187	-7.770697
456	187	-7.574212
500	187	2.518057
521	187	-2.424067
623	187	5.352042
632	187	-21.692979
711	187	4.162387
777	187	-10.179812
895	187	-5.883165
949	187	5.887813
977	187	-1.840109
1101	187	-0.547561
1172	187	9.284675
1216	187	7.595938
1238	187	-13.312138
1328	187	-14.501871
1374	187	-17.173324
1419	187	-15.898542
1485	187	-18.952863
1537	187	11.853849
1787	187	7.391565
1854	187	11.801314
1945	187	7.222109
1970	187	-14.956560
1976	187	6.037173
2062	187	-13.929274
2129	187	-17.217558
2216	187	6.451809
2232	187	-1.428084
2270	187	14.629613
2332	187	7.534323
2341	187	-20.021576
2412	187	3.696980
2520	187	4.514440
2588	187	-15.750814
2616	187	11.225255
2685	187	-8.978250
2766	187	-19.576254
2785	187	2.812175
2794	187	5.233423
2893	187	19.622215
2965	187	-9.274022
3195	187	8.970351
3229	187	-4.056765
3259	187	-0.795681
3274	187	11.731001
3312	187	-11.392692
3317	187	1.082869
3373	187	19.530237
3447	187	0.438809
3529	187	14.407262
3553	187	-10.422170
3578	187	11.419451
3622	187	3.392387
3645	187	-0.491641
3740	187	3.217042
3793	187	2.771044
3904	187	5.609848
3937	187	9.698023
3945	187	-31.935487
3984	187	8.848777
4016	187	-5.563588
252	188	-12.546213
163	192	-2.029179
736	192	-7.784371
2669	193	-15.379133
84	194	4.489918
476	194	-5.068352
3478	194	-2.851496
3148	195	-10.568130
983	196	3.469544
84	197	-0.237290
1089	197	15.704032
1101	197	1.192392
1374	197	24.345678
1816	197	4.957507
1889	197	-0.053104
190	199	-9.262899
623	199	5.674534
1071	199	-4.930645
1579	199	-8.083029
1976	199	7.780751
3996	199	-15.091020
4051	199	-3.477523
4	200	6.252675
95	200	-4.879566
384	200	-2.225885
911	200	-5.241321
1099	200	2.035800
1261	200	-2.691178
1470	200	-14.727579
2508	200	-6.595668
2557	200	-4.792526
2803	200	-15.695610
2907	200	7.636279
3225	200	12.613588
3333	200	-19.023198
3696	200	3.269548
3077	202	-6.939841
214	203	2.799440
737	203	-4.962064
1216	203	-6.708454
1375	203	-16.273054
14	204	1.201935
710	204	-1.677048
1376	204	9.149130
1806	204	12.363412
3847	204	-9.594970
3890	204	5.161827
273	205	-20.027599
1294	205	0.995386
3039	205	-14.345198
163	209	-18.222545
171	209	-6.438107
209	209	-21.730037
232	209	-2.712968
252	209	3.788113
279	209	-11.639337
417	209	11.143358
439	209	-0.190094
458	209	-4.606052
550	209	-6.034464
572	209	-23.937099
663	209	3.184011
737	209	17.947049
895	209	5.150450
937	209	7.390107
976	209	-7.487541
977	209	1.667700
978	209	12.697248
1019	209	8.410718
1039	209	-18.153212
1080	209	-5.036340
1101	209	5.530250
1108	209	-3.846031
1332	209	19.312517
1347	209	0.066185
1396	209	20.839816
1470	209	-5.658732
1475	209	-6.296967
1485	209	-11.930167
1502	209	6.227234
1504	209	-31.318841
1646	209	11.759602
1651	209	-3.397101
1682	209	-5.269300
1787	209	5.247057
1854	209	9.519391
1921	209	-5.798238
1955	209	-4.468094
2026	209	13.784691
2056	209	10.303913
2089	209	10.811422
2167	209	-1.362218
2192	209	-2.399571
2265	209	-9.333420
2332	209	-31.812250
2393	209	8.683105
2468	209	12.450619
2492	209	-7.618278
2571	209	-0.878524
2618	209	0.758786
2653	209	2.190730
2729	209	-1.544097
2755	209	1.147630
2813	209	5.444143
2816	209	3.762306
2836	209	10.993963
2911	209	21.658211
3032	209	26.294266
3080	209	-8.755698
3175	209	7.805809
3185	209	3.692936
3225	209	12.472469
3389	209	19.067285
3405	209	10.947462
3441	209	25.397412
3460	209	2.639604
3485	209	-7.192057
3529	209	-5.045179
3605	209	-3.318294
3614	209	6.808326
3684	209	3.601472
3734	209	-3.968430
3744	209	12.404417
3795	209	13.481866
3804	209	0.601205
3904	209	-17.626527
3922	209	-9.879185
3945	209	-14.664386
697	210	-5.937721
2379	210	-1.032175
171	211	7.614417
209	211	2.033233
211	211	5.291054
252	211	0.347107
894	211	-17.619133
895	211	-2.416161
1101	211	-3.900391
1126	211	3.920081
1451	211	27.868042
1470	211	6.770892
1496	211	-11.613071
1522	211	-4.438709
1533	211	5.130128
1591	211	17.312500
2083	211	16.016018
3314	211	12.199309
3407	211	4.133909
4086	211	-21.985861
170	212	-19.127971
449	212	-3.699278
462	212	-16.448002
955	212	3.657699
1769	212	-1.590466
3372	212	2.449841
3575	212	-21.167701
541	213	-6.193625
25	214	-14.857676
51	214	-6.967754
73	214	0.272370
97	214	3.052629
113	214	5.917989
171	214	-4.157979
187	214	-14.693079
209	214	12.528245
214	214	-11.995319
336	214	-0.299358
357	214	2.638832
417	214	5.065241
448	214	-9.014598
456	214	-13.523700
623	214	-28.064144
663	214	1.383578
698	214	-9.969743
737	214	-26.077379
849	214	3.631024
895	214	2.767500
976	214	2.239647
978	214	5.631385
1001	214	5.396890
1101	214	-5.481221
1238	214	13.941406
1332	214	-9.585442
1347	214	-1.470921
1352	214	2.369100
1367	214	5.101361
1374	214	-6.473627
1408	214	-0.225768
1437	214	-4.585117
1452	214	1.795433
1485	214	5.281177
1502	214	-16.770825
1504	214	13.497185
1522	214	-2.022641
1538	214	12.365557
1597	214	3.072556
1692	214	-14.452948
1738	214	-6.732523
1816	214	0.792429
1849	214	-7.704323
1854	214	17.645748
1939	214	22.283813
1947	214	-10.697750
1955	214	-11.344715
2024	214	-7.002273
2025	214	9.257043
2066	214	37.487994
2216	214	0.822297
2242	214	6.490482
2278	214	9.929568
2349	214	4.575563
2376	214	4.328646
2393	214	-8.888548
2408	214	-7.580923
2436	214	-3.834202
2464	214	-31.152178
2520	214	7.629248
2558	214	-3.239430
2599	214	-1.889852
2653	214	12.499346
2665	214	-1.070049
2836	214	5.125361
2911	214	-6.761460
2967	214	10.636150
3039	214	13.489482
3132	214	-2.928290
3223	214	1.463594
3240	214	0.002063
3256	214	7.636372
3274	214	4.554794
3310	214	-4.582606
3327	214	-1.712277
3380	214	-2.875800
3449	214	-6.398304
3585	214	-6.232778
3614	214	-14.822272
3668	214	-0.786619
3740	214	-5.865030
3756	214	-16.155072
3782	214	-5.589204
3793	214	-21.414796
3804	214	-4.293489
3847	214	-0.373362
3996	214	-11.720556
4016	214	2.316784
4023	214	-1.291762
1045	218	13.953457
3603	218	-4.012092
319	219	0.653784
843	219	-4.347383
1033	219	7.380614
1185	219	12.599974
1328	219	-6.306710
1396	219	3.966059
1976	219	-2.367768
2060	219	-13.374950
2621	219	2.662941
2766	219	-2.575925
2843	219	-4.813145
2965	219	16.968696
3194	219	-7.480224
3280	219	10.130021
3404	219	-6.623352
3691	219	-5.186351
3976	219	-1.422516
237	220	-17.925742
1193	221	4.273151
1527	221	-0.474785
1555	221	-7.134881
1922	221	-8.524086
2089	221	4.404491
3173	221	13.649983
3476	221	-0.452711
3705	221	0.974393
737	222	-14.080864
1891	222	11.423807
3310	222	-25.373304
3735	222	-7.604532
2178	223	5.173660
416	225	2.558492
687	225	-27.384299
2646	225	9.123018
163	226	-19.684154
1556	226	7.455488
2071	226	17.916386
2766	226	1.938857
52	228	-7.964188
288	228	-0.480421
736	228	-7.697460
753	228	1.603499
1023	228	7.247819
1945	228	8.822495
2128	228	-1.756279
2198	228	-12.052861
2238	228	-8.463826
2393	228	-0.658902
2419	228	-0.295753
2468	228	6.797339
2986	228	1.118412
3084	228	-5.085629
3343	228	1.851885
3567	228	-8.989475
3904	228	-2.160111
231	231	0.123973
456	231	-0.943766
895	231	-15.694149
977	231	6.940235
1216	231	-19.567137
1409	231	-3.152902
1955	231	1.261657
2155	231	-3.944119
2182	231	4.143557
2393	231	-7.574665
2794	231	-22.100407
3067	231	-1.804526
3769	231	-19.477094
2683	232	7.341866
2729	232	15.037039
3213	232	3.761408
20	234	20.853330
150	234	-8.087773
170	234	-14.019709
1543	234	15.905739
1562	234	-3.254282
1581	234	12.275471
2541	234	5.364002
14	235	2.369995
2397	235	-2.637648
30	238	-10.411789
97	238	7.956264
113	238	-12.197307
352	238	-13.520746
400	238	-9.124116
454	238	0.331047
456	238	6.629211
506	238	-1.422635
583	238	10.736194
646	238	-12.042101
664	238	-7.825597
852	238	-8.361039
855	238	5.698068
871	238	9.987256
1179	238	-27.418323
1374	238	-3.759555
1396	238	10.435311
1485	238	-2.605583
1524	238	2.616126
1538	238	-1.487454
1732	238	-2.499569
1747	238	3.563778
2089	238	-7.661181
2270	238	-11.374124
2287	238	-15.079518
2293	238	16.164714
2350	238	13.028534
2412	238	32.658943
2459	238	12.307636
2468	238	17.540810
2721	238	4.693078
3042	238	-0.403704
3067	238	7.164925
3117	238	-9.701096
3145	238	-1.567173
3310	238	1.015048
3350	238	15.552649
3529	238	-0.942607
3866	238	7.599383
3904	238	13.277729
2468	239	-7.122770
3320	239	0.453492
3344	239	-13.757607
58	241	-4.513596
185	241	-2.726760
760	241	19.684049
2489	241	11.918216
4004	241	6.774516
3120	242	5.698081
25	243	-0.819080
163	243	7.715305
205	243	-0.983257
243	243	0.363890
268	243	-0.473554
336	243	27.717897
384	243	1.351808
456	243	-10.258280
711	243	-1.828517
736	243	-9.725275
852	243	5.402697
978	243	10.964279
1077	243	2.833924
1101	243	9.000334
1301	243	-0.532216
1682	243	5.145059
1763	243	-9.177398
1791	243	16.478246
2129	243	-15.169947
2214	243	-12.600820
2232	243	8.307037
2472	243	-15.359018
2551	243	-3.929453
2629	243	16.062879
2826	243	9.021299
2848	243	-13.400338
3146	243	-4.939616
3222	243	-9.146548
3457	243	7.357717
3688	243	13.140049
3945	243	-1.836175
187	244	-8.270745
767	244	3.916419
1360	244	-5.955382
1414	244	8.461527
1550	244	2.384835
3733	244	8.605957
2777	247	-0.010352
2876	247	-0.698135
3715	247	-9.522659
31	252	-8.663245
209	252	1.791966
257	252	-5.082576
369	252	6.236014
789	252	-22.384588
1150	252	-7.261943
1238	252	2.290887
1949	252	-2.107668
2020	252	-0.737418
2416	252	-11.220076
2846	252	7.215547
3564	252	-3.242565
3677	252	2.623271
14	253	-5.607951
572	253	8.001465
815	253	8.837870
1374	253	-21.883784
1400	253	5.587300
1646	253	2.347301
1695	253	2.037898
2229	253	-11.905730
3006	253	19.723297
3485	253	-7.607851
3688	253	-6.387588
4035	253	5.972361
4051	253	15.545858
113	254	-4.550799
4015	254	12.427764
3376	255	3.172809
80	257	10.140327
1160	257	-8.735205
1524	257	10.840299
1058	258	1.659989
1566	258	-18.866915
3910	258	4.635939
1362	259	0.951525
2054	259	-1.292893
3904	259	-5.588948
2265	260	17.007424
1480	262	-6.976032
264	264	-10.091728
368	264	7.140874
402	264	8.698821
545	264	7.878915
1101	264	9.023985
1246	264	-18.906946
1362	264	-4.203249
1429	264	-12.580380
1679	264	9.627492
2468	264	15.940794
2505	264	-1.404855
2541	264	-10.197881
2551	264	7.794994
2707	264	-5.271164
2785	264	0.067692
2846	264	13.449635
3145	264	-10.245214
3182	264	-5.347471
3229	264	-8.858015
3358	264	-20.776349
3684	264	11.866551
4068	264	-15.782984
2016	265	-5.640659
843	267	9.116030
1976	267	0.642870
1992	267	13.324129
2170	267	-12.168204
3755	267	11.141471
510	268	3.384796
1430	268	0.365603
2089	268	-9.211300
2149	268	12.700007
3568	268	4.829906
1801	269	12.634492
3578	269	10.976441
1023	271	-3.032554
1092	271	-12.816104
2599	271	7.070493
2723	271	-20.561922
2782	271	7.984935
231	272	-11.911999
210	273	-16.352322
417	273	2.872584
445	273	-9.014006
1217	273	3.861319
1437	273	10.932706
1646	273	2.722151
1732	273	17.512956
1954	273	24.818779
2505	273	-14.054534
3358	273	2.091285
3430	273	-5.106409
4	274	8.956385
209	274	-9.853253
450	274	4.426627
1849	274	3.913506
2347	274	-2.583995
2775	274	-21.872891
2846	274	5.379044
994	275	-9.833183
1169	275	7.800290
3158	275	-5.156287
3556	275	-12.361533
580	276	3.988653
2706	277	4.602680
579	278	-11.324498
677	278	-0.857717
1238	278	-0.371578
1555	278	8.050117
2229	278	13.657498
2376	278	-5.751626
2521	278	15.706101
3143	278	-12.943514
215	279	-15.029152
777	279	3.280033
895	279	19.226653
1101	279	-0.774975
1375	279	1.105550
1485	279	-0.394102
1589	279	3.263440
2159	279	-4.135494
2605	279	-15.324257
2981	279	2.161522
3256	279	-4.991888
3488	279	-18.178781
3998	279	2.628680
754	280	-11.132622
933	280	5.785454
97	281	10.411975
105	281	-3.415133
281	281	-3.413541
711	281	19.412646
744	281	9.833722
1629	281	-18.403532
2062	281	6.219957
2066	281	-16.957186
2432	281	5.119566
2665	281	-1.024349
2736	281	10.804426
3229	281	3.317051
3343	281	12.364290
4086	281	9.386837
1005	282	-3.103459
2039	282	0.239796
2204	282	-8.085425
2599	282	-2.353618
3242	282	30.615489
3620	282	11.118750
456	284	-0.075621
926	284	-12.377762
1230	284	-7.365102
1733	284	-4.065210
1955	284	-24.531797
2341	284	-4.258940
243	285	4.392200
285	285	2.556888
673	285	14.826575
835	285	14.195905
854	285	21.030449
3430	285	-9.026530
456	286	10.127397
886	286	-2.413820
1097	286	3.171259
1682	286	23.654188
2061	286	-6.816569
2181	286	3.890008
2266	286	-0.217828
2341	286	1.151062
2907	286	10.326678
3384	286	4.297269
3629	286	12.393415
4021	286	8.468206
14	288	2.730725
80	288	18.596447
154	288	-2.557049
235	288	12.437314
663	288	5.286071
763	288	-12.062280
914	288	3.417966
976	288	-1.818619
1328	288	3.606128
1754	288	-6.935196
1897	288	-0.120565
2128	288	1.282603
2129	288	4.654873
3229	288	2.536047
3447	288	11.796277
3485	288	1.592786
3904	288	-4.220757
3989	288	9.803561
97	289	-13.033797
111	289	22.904544
324	289	-0.754051
565	289	14.872698
823	289	5.760162
852	289	-2.711391
1101	289	10.379387
1155	289	14.805557
1213	289	-8.467582
1227	289	-17.957232
1496	289	5.550294
1759	289	12.091063
1916	289	-16.141388
2134	289	7.282112
2768	289	-4.615962
2962	289	-7.565924
2987	289	-10.718108
3171	289	6.118497
3935	289	-4.043211
181	290	6.443119
3935	290	-1.543343
2842	291	13.150268
550	292	8.881003
243	299	0.589135
463	299	8.121385
572	299	-8.754495
1280	299	-15.250644
1682	299	9.165783
1690	299	-0.832156
2277	299	-5.301235
2425	299	-1.627956
2962	299	-1.356218
3847	299	6.361706
146	301	5.320386
1656	301	7.539633
3985	301	-20.851353
3067	303	-7.014167
3534	303	0.066395
3735	303	0.976879
3310	304	3.034426
69	305	-0.955996
97	305	4.772366
368	305	-13.221107
2538	305	-3.317625
3325	305	-9.107277
3684	306	-3.310297
115	307	-0.259552
154	307	16.165533
663	307	0.632028
1310	307	13.547252
1851	307	13.328749
1898	307	8.702309
2436	307	-1.322453
2542	307	-18.428179
2665	307	26.631473
2729	307	-9.556598
2755	307	9.799983
2950	307	-14.651684
3795	307	-2.414682
3847	307	11.380280
2604	308	7.583564
2766	308	1.151869
2804	308	-9.133718
171	310	4.194902
214	310	-8.895380
362	310	5.661463
450	310	20.581868
623	310	3.086058
940	310	-5.834621
1377	310	-2.344111
1682	310	-11.407943
1732	310	7.463504
1767	310	5.991902
1803	310	5.804799
1865	310	5.556190
1942	310	0.586523
2169	310	-8.582337
2561	310	-11.195337
3222	310	1.489061
3719	310	1.252031
1362	312	3.956187
1367	312	-9.430586
1396	312	7.087701
2287	312	-6.626861
2370	312	20.925111
3171	312	-9.847533
2125	315	-13.245127
3891	316	11.137847
1554	317	-10.057079
1521	318	-0.439422
532	319	1.167269
2766	319	6.790277
4	320	-0.300529
113	320	3.724295
133	320	-2.376162
362	320	-7.707428
385	320	-10.794785
1124	320	-12.199126
1955	320	-21.691117
2276	320	4.116608
2665	320	14.668904
2690	320	16.969021
3007	320	-2.034207
3173	320	13.118093
3345	320	0.214661
3519	320	-4.032217
3847	320	-3.256277
1016	322	-6.963683
136	323	-5.512105
214	323	6.627927
283	323	-7.019266
698	323	5.522493
708	323	-16.992524
737	323	-3.155299
777	323	-2.188643
843	323	-6.925849
1039	323	8.625125
1051	323	-14.371241
1101	323	8.286516
1230	323	-8.193402
1310	323	-6.429125
1485	323	-18.902465
1581	323	0.670793
1622	323	9.538535
1764	323	5.752347
1865	323	-5.229225
2078	323	-3.632979
2093	323	2.509628
2347	323	3.617757
2436	323	-6.261758
2465	323	-15.342606
2546	323	-9.541425
2639	323	-7.544068
2816	323	-3.275618
2908	323	21.660410
3044	323	6.457662
3449	323	8.399242
3515	323	13.039179
3689	323	-4.049897
3726	323	0.670726
3804	323	-5.448053
3847	323	12.630773
3885	323	-0.471546
397	324	-11.675323
567	324	-12.799708
2843	324	7.930952
3240	324	-9.563397
3910	324	-2.716420
541	325	2.788173
2890	325	2.914181
3333	325	-4.874854
3039	327	0.730800
384	328	-2.638089
769	328	-4.668936
886	328	-4.434386
1120	328	11.215007
1238	328	18.365857
1362	328	1.533517
1502	328	10.111639
2169	328	9.483190
2287	328	8.471142
2375	328	-1.473058
2541	328	-9.888138
2724	328	-12.442601
2821	328	-2.091313
3441	328	21.683373
3485	328	0.205138
4024	328	-1.027838
58	330	8.877519
134	330	-3.503330
780	330	11.751733
1257	330	-7.565625
1629	330	-9.279930
1976	330	-14.640164
2322	330	25.453494
2583	330	-2.348351
2665	330	-9.719670
3343	330	-4.433563
3345	330	4.179772
3596	330	-5.767213
3837	330	-16.610643
3945	330	-18.677058
4023	330	5.062085
18	335	-6.585771
1291	335	12.479760
3567	335	-9.966370
439	336	-9.351274
463	336	11.611238
681	336	3.707491
871	336	-1.068572
977	336	1.299867
1144	336	-16.468316
2570	336	1.990746
2990	336	1.509944
3889	336	7.440335
370	337	-14.495929
550	337	-3.960752
737	337	10.209940
2311	337	-6.908932
3229	337	7.470969
3651	337	-4.721701
3962	339	-2.706063
841	340	-7.361006
1939	340	-3.636300
2083	340	-2.444256
2520	340	2.461654
2531	340	-10.843613
2768	340	-4.675020
3026	340	-2.151327
3526	340	2.871803
3784	340	0.826212
472	341	13.360850
1681	341	8.570464
2089	341	-14.609926
3399	341	3.617587
4005	341	11.736821
625	342	4.865094
864	342	2.655145
2089	342	4.044274
2690	342	11.425644
3956	342	-8.216799
2852	343	1.873569
301	344	-5.037557
2766	344	0.369998
3242	344	-6.811828
3733	344	4.738108
1577	346	2.001030
4082	346	0.498035
2288	347	10.765147
330	348	-20.874127
508	348	-2.120348
2060	348	3.770654
3673	348	2.979262
141	352	-22.789406
214	352	4.444474
276	352	8.131996
755	352	8.768843
852	352	6.804386
1290	352	13.061163
1485	352	5.052763
1800	352	14.889300
2056	352	0.907194
2332	352	-8.777790
2463	352	-2.340697
3447	352	7.412655
395	353	8.840412
3704	353	-9.805293
2848	355	5.933435
3229	355	-13.119975
4	357	31.639984
33	357	0.664156
47	357	4.081435
97	357	7.357093
154	357	17.301899
288	357	-2.427940
357	357	19.145817
382	357	1.006221
413	357	3.096056
456	357	7.729976
801	357	-10.890740
886	357	-7.633790
1101	357	10.484869
1328	357	17.422572
1396	357	7.902257
1427	357	3.642483
1462	357	3.733074
1485	357	-23.718128
1522	357	12.856838
1564	357	12.143941
1593	357	-0.249956
2232	357	-14.677753
2270	357	-5.312038
2278	357	-27.690895
2341	357	-7.512783
2661	357	3.078374
2724	357	6.304442
2872	357	-1.129049
2916	357	26.400451
3014	357	-6.683077
3044	357	-12.316365
3142	357	10.808932
3291	357	-5.899821
3374	357	-12.157486
3447	357	23.920690
3649	357	1.479835
3740	357	3.562624
3769	357	8.869233
3820	357	0.169497
3882	357	-1.317324
3904	357	0.402719
4016	357	-14.636968
742	359	6.641684
449	360	-4.480731
2235	360	-1.785155
3657	361	1.488743
243	362	2.914760
452	362	22.019869
500	362	-0.322685
737	362	-10.481536
1051	362	0.495445
1291	362	-4.280124
2023	362	-6.181877
2465	362	-3.898272
2523	362	-17.506153
2677	362	-10.442950
2685	362	4.534605
3007	362	-4.897181
3355	362	8.596063
3565	362	-1.665761
3733	362	-7.892942
3945	362	-5.806893
2470	363	-3.716385
508	364	11.283258
1288	364	-10.140985
1362	364	8.407181
97	365	-0.129594
342	365	-21.293903
394	365	-2.871537
456	365	-16.129588
495	365	14.807747
676	365	14.315218
976	365	-12.464827
1445	365	1.574712
1706	365	4.855395
1942	365	0.781001
2545	365	5.138839
2587	365	-16.427158
2617	365	-5.021463
2765	365	7.311101
2816	365	-12.965505
3033	365	21.102960
3360	365	-4.959549
3567	365	-13.576326
3632	365	-6.106630
3740	365	-7.355314
3749	365	-0.988609
663	367	13.681796
3665	367	-15.095245
1077	368	-28.639112
2017	368	-15.264980
2156	368	13.378988
2531	368	10.113395
3441	368	-14.440041
3904	368	-1.960254
14	369	9.436540
16	369	-15.396059
284	369	-0.678298
400	369	-19.711450
439	369	7.484673
623	369	3.734281
692	369	-5.633074
774	369	-1.559564
830	369	-17.250823
1071	369	5.012769
1101	369	7.276802
1219	369	12.350653
1300	369	2.165495
1332	369	-8.884352
1594	369	-6.981234
1656	369	10.899920
1775	369	-19.377602
1804	369	-18.694204
1947	369	10.635542
2066	369	-20.813247
2120	369	7.913059
2295	369	13.916971
2538	369	-6.704245
2571	369	7.079643
2617	369	-2.953744
2844	369	11.907045
2846	369	0.121270
2984	369	-10.406369
3080	369	19.582446
3264	369	11.773008
3377	369	11.556310
3457	369	-19.513709
3476	369	4.064747
3578	369	0.053323
3614	369	0.559250
3625	369	-4.730793
3786	369	0.333625
3802	369	-14.822077
3915	369	10.103793
51	370	13.033730
80	370	4.004995
243	370	-10.550355
370	370	8.455028
610	370	-5.405533
664	370	0.452355
1101	370	5.048909
1431	370	-1.813877
1485	370	0.740901
1507	370	-12.467356
1663	370	10.482582
1710	370	10.667682
1816	370	24.701335
2436	370	5.677595
2468	370	3.268867
2651	370	0.157563
3645	370	15.873940
4051	370	3.638755
4071	370	-10.775094
264	371	6.820277
1100	371	18.283162
2663	371	-8.318192
3793	371	18.512111
3193	372	-14.997627
1806	374	4.417351
3740	375	10.876451
1804	376	-11.418271
2017	376	10.249966
2538	376	-9.907235
97	377	13.487918
2393	377	10.777711
3327	377	12.775494
4032	378	-3.598137
379	379	-2.563098
2062	379	1.531975
3222	379	-2.517540
1005	380	-5.078468
1101	380	-14.819552
2277	380	17.152254
1922	381	5.001083
4	382	-11.570930
97	382	-16.311558
187	382	-0.204642
211	382	8.986561
330	382	0.776813
454	382	15.939359
619	382	1.797474
623	382	2.107690
736	382	-18.770324
737	382	-9.958582
852	382	-4.347868
873	382	-3.893940
1374	382	18.273628
1408	382	6.198481
1455	382	-16.434694
1485	382	21.150433
1533	382	-5.739925
1669	382	-1.760782
1730	382	2.847456
1945	382	-7.728606
1970	382	11.991371
2000	382	9.791669
2060	382	4.192926
2205	382	-10.285896
2216	382	-3.419164
2270	382	-11.399047
2441	382	14.818840
2464	382	-19.243550
2524	382	-6.524529
2535	382	-16.491249
2727	382	-4.008844
2736	382	-3.948699
2766	382	-6.365600
3204	382	-5.099383
3229	382	-3.655349
3235	382	-10.241968
3688	382	-2.793288
3782	382	-0.431467
3790	382	-0.012794
3806	382	12.285503
3945	382	8.650005
4023	382	22.271956
4041	382	7.191737
1431	383	5.889514
2384	383	3.805624
11	384	-4.175936
46	384	-1.075714
51	384	-9.499038
113	384	-4.547334
209	384	22.466543
214	384	-3.156709
429	384	-7.155466
474	384	-3.064603
507	384	-0.882129
550	384	11.502497
556	384	-6.080250
710	384	0.746359
744	384	8.927705
815	384	-8.607486
868	384	1.258946
899	384	-16.674215
977	384	0.342638
998	384	3.017010
1050	384	-0.808485
1077	384	7.783237
1099	384	-3.452020
1198	384	-0.260411
1213	384	0.639273
1396	384	-10.446132
1447	384	-6.471166
1485	384	8.675139
1504	384	6.822607
1681	384	-0.189241
1767	384	-1.537902
1842	384	-0.632726
1851	384	2.456360
1867	384	10.229223
1947	384	-1.725313
2024	384	3.563251
2026	384	11.507019
2060	384	-0.686479
2347	384	-5.693588
2497	384	0.090906
2617	384	10.615743
2729	384	9.311527
2762	384	2.942553
2798	384	1.002338
2846	384	-8.823718
2851	384	11.344467
2907	384	18.491534
2920	384	-23.230340
3158	384	-9.220989
3333	384	-5.363252
3481	384	-0.039122
3731	384	8.488062
3782	384	-9.253693
3965	384	-12.487395
1743	385	-2.074175
2240	385	5.149475
288	386	-4.327829
357	386	5.631086
1220	386	2.793869
1374	386	12.677442
1485	386	-13.711261
1816	386	-7.229352
1856	386	-13.030853
3146	386	-2.979718
3171	386	6.595122
3945	386	11.641623
1428	388	-6.186002
3712	388	-10.484430
226	390	-8.393176
278	390	15.722858
439	390	0.987522
440	390	2.032722
456	390	4.116003
541	390	-15.560039
873	390	14.561145
895	390	-7.989956
928	390	-12.742297
987	390	4.688761
1458	390	-5.490806
1787	390	-21.353547
2782	390	-0.668907
3343	390	-16.834458
3373	390	-8.224212
3733	390	-15.985701
4068	390	8.051800
1483	391	4.482267
1288	392	14.305241
3580	392	14.305294
1504	393	-4.478354
2089	393	7.906217
3143	393	13.796280
299	394	-1.891836
521	394	-5.453172
607	394	15.312670
641	394	-12.140519
663	394	12.529077
794	394	4.078383
798	394	-7.666007
843	394	-8.485312
873	394	-10.251292
996	394	0.643722
1021	394	-4.635744
1101	394	-11.094895
1116	394	5.392639
1328	394	18.618162
1350	394	-10.178987
1376	394	11.381338
1399	394	-3.625867
1485	394	-9.955006
1594	394	0.049173
1657	394	-12.076745
1682	394	-0.624591
1889	394	-2.060690
1897	394	-13.426314
1898	394	-16.450440
2089	394	-2.154148
2102	394	-8.097389
2129	394	16.506595
2265	394	12.378796
2327	394	1.500171
2415	394	11.951929
2492	394	-2.703550
2505	394	-16.489621
2683	394	0.006188
2919	394	10.488191
3175	394	18.356825
3403	394	-4.413733
3469	394	-11.647745
3889	394	4.126910
3904	394	-2.885996
68	395	12.682089
125	395	-7.147121
271	395	-0.310789
456	395	10.704106
914	395	-15.951278
1164	395	5.028275
1922	395	-5.698539
1955	395	-4.617090
2089	395	-6.770152
2350	395	-3.639721
2393	395	-0.259819
2834	395	10.814126
3649	395	8.690113
643	396	-0.227929
1049	396	-5.902628
1447	396	-9.224523
2081	396	-8.370755
2110	396	-5.967151
3158	396	-4.376252
4034	396	3.691967
1238	397	7.812619
1428	397	7.034817
2188	397	0.545841
3283	397	-3.352015
3847	397	2.659270
3848	397	2.758294
707	398	0.278048
1469	398	-23.540271
1816	398	-8.237091
1822	398	-19.222935
2216	398	21.564830
2729	398	-12.615887
647	399	19.140226
777	399	16.082088
1160	399	-2.658654
3526	399	-4.254365
171	400	6.645887
369	400	-9.389957
511	400	-5.428373
623	400	1.634091
864	400	4.097588
1051	400	-13.663822
1097	400	2.388280
1148	400	-11.743951
1952	400	9.889490
1970	400	2.195431
2066	400	-6.345491
2154	400	-1.219405
2221	400	7.982977
2445	400	-5.343364
2459	400	-12.945140
2464	400	-0.409423
2541	400	11.302873
2665	400	-5.276772
2836	400	13.062310
2838	400	-0.339810
2911	400	-5.497781
3019	400	1.477156
3117	400	-3.831603
3310	400	10.889657
3377	400	-20.789401
3532	400	-5.375603
3639	400	-1.391920
3815	400	-5.626872
4089	400	1.104628
3037	402	-8.942694
3841	402	17.064412
243	403	0.295254
279	403	-1.687420
1347	403	-16.104759
1468	403	1.698340
3526	403	-13.075425
3802	403	16.165841
150	404	-0.117895
982	404	7.990486
1696	404	5.068573
2178	404	7.344717
3371	404	2.142461
405	405	-10.188795
1555	405	19.800267
2971	405	2.696279
3629	406	-2.802368
15	407	13.460980
42	407	-7.904746
134	407	11.041231
219	407	-11.241710
278	407	-10.358457
357	407	-7.926220
385	407	-10.116851
407	407	0.622420
439	407	-12.158611
471	407	0.658451
472	407	-12.002400
545	407	-5.817241
568	407	-6.296138
572	407	-9.449781
615	407	1.593592
656	407	-6.333689
737	407	-5.988077
993	407	-0.929593
1023	407	-17.050065
1046	407	-17.612187
1077	407	1.845503
1089	407	28.198309
1092	407	11.818010
1097	407	18.026648
1101	407	-20.039875
1230	407	-38.585342
1238	407	1.379731
1362	407	3.174241
1375	407	-6.527943
1428	407	-3.245698
1429	407	7.425307
1485	407	7.491380
1522	407	-2.987479
1538	407	7.238190
1637	407	-15.050658
1679	407	-11.521476
1730	407	-17.266120
1835	407	-6.738368
1897	407	2.199613
2060	407	0.809498
2062	407	-13.594569
2066	407	-13.604198
2107	407	13.568658
2146	407	-6.773719
2216	407	-25.577528
2232	407	-8.521098
2412	407	1.849079
2468	407	-2.456985
2531	407	-11.245178
2538	407	-9.226361
2604	407	-2.819981
2665	407	38.662167
2702	407	10.916561
2729	407	3.855346
2880	407	-12.403505
2950	407	-7.084745
2984	407	16.830334
3032	407	-5.006415
3067	407	-5.623453
3080	407	2.470438
3140	407	18.467266
3146	407	-4.113437
3158	407	-8.739590
3171	407	7.976658
3229	407	2.580599
3237	407	7.397466
3275	407	8.640911
3359	407	-8.643329
3360	407	-10.132974
3430	407	-14.295556
3481	407	19.771029
3563	407	-11.416482
3578	407	-7.901960
3734	407	-6.841697
3811	407	-3.833388
3842	407	-22.180705
3904	407	6.374702
4086	407	-4.312504
80	411	0.441511
1088	411	5.463859
3229	411	1.729167
1146	412	-2.280165
2129	412	19.842120
2168	412	17.838019
2558	412	4.135577
3411	412	-20.647409
3622	412	10.226883
3823	412	-8.275224
3035	413	-3.296181
185	414	-4.933247
894	414	-11.105326
1408	414	13.000785
1442	414	4.991682
1218	415	11.098336
1498	415	21.414206
2111	415	-29.344228
2412	415	-7.776106
2464	415	13.350118
3410	415	-3.754337
390	416	-3.045862
407	416	-3.912806
1428	416	-7.902889
113	417	-13.097192
273	417	-0.717507
284	417	-10.370692
417	417	0.667832
424	417	-1.620532
553	417	-4.329441
572	417	-7.318958
893	417	13.323765
895	417	7.349662
994	417	-10.348796
1023	417	4.243818
1092	417	-0.351598
1238	417	-4.407478
1377	417	-15.192327
1456	417	1.906867
1538	417	-6.430863
1682	417	3.668492
1804	417	-10.695455
1889	417	-11.170959
2051	417	16.914475
2110	417	-3.028113
2111	417	1.798410
2489	417	10.893456
2494	417	3.728976
2530	417	-0.230167
2538	417	-10.519037
2665	417	-6.212412
2911	417	0.290239
3006	417	8.311550
3080	417	-17.653398
3207	417	8.579967
3265	417	-8.663005
3426	417	16.253653
3522	417	22.349872
3909	417	2.560464
3945	417	-6.914402
3976	417	-7.056563
4004	417	10.576423
4039	417	-8.245989
3132	418	-10.457224
84	419	-17.824369
384	419	0.096961
1122	419	2.529907
1538	419	4.694544
1735	419	-9.015371
2295	419	-18.793839
3629	419	2.505334
3705	419	2.168301
3915	419	5.244374
3922	419	-7.999851
206	422	-2.365380
4	424	2.741281
11	424	-8.410220
97	424	-18.379653
187	424	-16.528775
424	424	1.976050
477	424	-12.163566
555	424	3.224769
601	424	9.135510
656	424	10.335845
663	424	20.067848
737	424	2.870316
777	424	-0.346640
1097	424	-5.639589
1099	424	1.872370
1146	424	6.302566
1374	424	-31.297840
1485	424	11.571914
1767	424	-7.336620
2036	424	9.243688
2062	424	1.050020
2111	424	-9.921477
2128	424	2.916368
2181	424	9.761666
2279	424	19.482710
2354	424	12.127284
2538	424	-8.658482
2607	424	-1.164102
2685	424	-1.592837
2729	424	1.651883
2907	424	-7.272055
3439	424	4.344257
3622	424	8.442806
3733	424	6.455232
3922	424	9.643005
3983	424	-4.640942
4073	424	1.366859
368	425	0.563448
592	425	-6.978235
2870	426	6.429909
524	427	-10.512518
1427	427	-17.197907
1811	427	2.855412
2600	427	-2.543568
3844	427	6.574198
2723	428	8.327928
2787	428	21.032719
3965	428	-2.777146
429	429	12.380649
737	429	-15.390691
1780	429	13.893510
3793	429	4.091892
97	430	6.395103
113	430	-15.376715
1216	430	-4.116761
1524	430	3.311181
1646	430	-1.505469
1688	430	9.254515
1689	430	17.906167
1903	430	36.332652
1970	430	-3.092229
1995	430	-3.458293
2059	430	-7.657885
2571	430	1.555733
2599	430	-10.116002
2629	430	0.302725
2639	430	30.065459
2652	430	-6.572689
2962	430	-16.696655
3310	430	-2.014903
3915	430	-1.481215
1727	433	9.867827
2191	434	16.006105
986	437	6.018557
1396	437	5.376040
463	438	4.015030
683	438	-2.267453
14	439	-10.950186
73	439	-9.380800
97	439	-7.513810
113	439	0.251690
170	439	4.672251
184	439	-2.368763
231	439	0.021061
238	439	4.005888
433	439	-16.640109
439	439	-9.058625
456	439	10.283587
472	439	9.076080
537	439	15.362823
549	439	-3.160286
608	439	-4.833782
623	439	-1.342535
736	439	-6.893582
737	439	-23.869116
745	439	11.891858
769	439	-2.502298
871	439	-0.598473
895	439	8.451712
929	439	0.797183
933	439	3.124192
938	439	-3.385912
977	439	10.958977
1025	439	-13.517883
1078	439	3.528258
1101	439	17.741760
1215	439	6.642309
1271	439	-2.156529
1350	439	-9.448060
1431	439	-0.586933
1445	439	0.178268
1485	439	0.759899
1524	439	-6.010340
1536	439	4.262297
1589	439	-8.912314
1635	439	10.784712
1656	439	1.920467
1682	439	-5.895839
1715	439	1.772019
1755	439	16.050821
1767	439	-20.639248
1791	439	-5.330593
1955	439	1.375548
2010	439	-6.452970
2045	439	7.557288
2071	439	0.014114
2129	439	-17.219292
2212	439	-9.730928
2263	439	-6.956460
2278	439	-5.773897
2341	439	-23.889914
2393	439	-12.687725
2412	439	-5.168219
2464	439	-5.666980
2550	439	-4.861154
2629	439	14.655929
2665	439	-10.656742
2691	439	-1.792043
2950	439	-0.792434
2987	439	-2.694076
2990	439	-10.751741
3003	439	3.429655
3021	439	6.758059
3145	439	-3.561633
3229	439	1.456827
3248	439	-9.153609
3275	439	3.621137
3290	439	-2.827574
3310	439	-1.895927
3366	439	-6.764344
3568	439	9.703238
3622	439	8.796439
3629	439	13.671797
3649	439	9.853652
3740	439	-16.323607
3808	439	-10.950504
3941	439	-3.401913
3945	439	6.319382
3959	439	-17.514389
4073	439	-3.886185
73	440	-2.492031
752	440	4.257333
1235	440	7.327942
1307	440	-4.931825
1659	440	-18.702962
384	442	-5.031510
39	444	15.932382
238	444	-2.960042
970	444	15.513347
971	444	-6.462688
977	444	-4.491092
1310	444	3.624118
1634	444	7.784113
1979	444	-0.123536
2208	444	3.718244
3217	444	-6.863492
3542	444	-0.495556
4016	444	6.895673
445	445	8.312062
745	445	8.428379
893	445	-1.414774
962	445	5.132976
2782	445	-5.058993
3458	445	-4.808188
1635	447	21.974523
508	448	0.763747
586	448	-5.135249
663	448	5.161856
1291	448	4.936932
1581	448	2.739542
1710	448	8.478983
1955	448	6.839544
2010	448	-5.770277
2134	448	-12.099252
2436	448	-3.139685
2826	448	-7.921030
3152	448	-5.557034
3162	448	6.249752
3404	448	14.287273
3866	448	-3.468414
4024	448	-6.203109
646	449	-4.099174
1110	449	2.095569
1941	449	4.268769
3063	449	1.909709
3171	449	-7.024946
3229	449	-16.435908
3485	449	-1.779514
3709	449	9.719032
3733	449	-10.797767
3840	449	-5.070596
3902	449	1.931466
113	450	-13.294996
184	450	-4.047650
737	450	-7.484972
1216	450	-7.568695
2471	450	16.989706
2853	450	-19.633365
2870	450	-1.163093
3740	450	13.290405
113	452	-10.379328
336	452	0.130100
456	452	-3.638811
532	452	3.965753
615	452	2.599064
831	452	-10.962727
844	452	-1.121419
1085	452	3.318752
1186	452	12.912391
1213	452	-4.378876
1543	452	-1.737243
1555	452	6.306992
2129	452	-19.077667
3542	452	-8.572328
3713	452	10.994407
1101	453	-5.397459
1540	453	-4.508381
2089	453	-4.649691
3052	453	-12.555829
4035	453	19.112211
214	454	-13.115017
242	454	-15.956453
403	454	-13.579545
1316	454	18.667491
2221	454	-3.374269
2520	454	1.766525
3734	454	-3.604178
1075	455	-5.257798
2490	455	10.915076
14	456	1.986194
33	456	-7.107021
51	456	18.179380
73	456	-10.564203
77	456	10.579386
97	456	-22.080839
113	456	15.927538
146	456	-5.951805
163	456	9.776302
170	456	7.051944
187	456	-2.052347
202	456	-10.238007
231	456	14.168408
368	456	1.653652
379	456	-4.710526
396	456	2.804758
400	456	10.128449
439	456	-8.749454
456	456	48.007563
493	456	-4.841416
501	456	-7.033691
545	456	-9.501960
552	456	-18.128297
589	456	-10.550975
623	456	-10.466433
737	456	7.064904
745	456	-16.282226
828	456	15.740817
852	456	2.661670
854	456	-3.546700
871	456	11.054628
895	456	9.141026
917	456	-0.674868
976	456	-0.810404
977	456	-0.950260
1010	456	-9.220105
1039	456	-14.073425
1078	456	-10.014633
1101	456	8.591439
1160	456	4.799012
1179	456	-1.675641
1216	456	4.957489
1230	456	13.275479
1238	456	-5.365069
1274	456	1.146630
1291	456	1.973449
1376	456	-2.231843
1429	456	13.674981
1431	456	7.770450
1456	456	-4.604422
1468	456	5.800532
1485	456	0.242287
1502	456	4.938904
1518	456	3.073251
1524	456	-6.820334
1533	456	-1.077981
1555	456	-15.643676
1560	456	12.350628
1565	456	17.079602
1577	456	-8.486411
1589	456	-23.829878
1591	456	27.776809
1656	456	-20.148849
1679	456	4.654853
1682	456	6.575045
1710	456	8.248704
1726	456	-20.157655
1747	456	9.053114
1791	456	-10.371197
1824	456	4.933453
1842	456	13.440165
1942	456	19.843615
1955	456	5.348650
1994	456	-16.317690
2010	456	6.585415
2014	456	7.543844
2047	456	-0.460490
2054	456	-12.494113
2060	456	5.735650
2066	456	-3.813250
2089	456	-8.881125
2090	456	-6.449685
2181	456	-29.152063
2209	456	-9.292574
2226	456	8.473056
2270	456	5.276912
2287	456	-11.274645
2295	456	21.316444
2341	456	35.956074
2347	456	8.199433
2463	456	3.388306
2464	456	-10.694421
2465	456	-3.669909
2468	456	-4.177229
2471	456	-0.662098
2472	456	-6.216228
2490	456	-11.561075
2505	456	-10.163686
2512	456	-3.105527
2523	456	3.429052
2538	456	55.022856
2617	456	-14.517564
2655	456	0.571211
2665	456	14.857839
2729	456	16.691448
2766	456	9.643533
2843	456	0.235772
2845	456	-4.059770
2885	456	-25.074813
2907	456	-12.861588
2943	456	12.181140
2962	456	7.875342
2981	456	-5.434721
2990	456	-2.153383
2998	456	5.112417
3039	456	27.292270
3044	456	11.933416
3146	456	-3.361120
3152	456	-3.813725
3173	456	1.594429
3182	456	11.888297
3194	456	-9.807510
3229	456	31.298159
3235	456	1.868544
3274	456	3.693464
3275	456	-16.429682
3310	456	-0.870982
3312	456	-3.699750
3350	456	21.363084
3373	456	-8.062325
3374	456	4.110029
3382	456	-3.845773
3389	456	12.687814
3519	456	-7.532730
3525	456	13.168827
3622	456	-17.376357
3629	456	-4.203789
3645	456	-11.688310
3719	456	5.092401
3731	456	-1.844907
3733	456	4.069393
3740	456	-0.701524
3748	456	-1.610503
3776	456	6.945127
3799	456	-6.762330
3802	456	5.507571
3843	456	-5.576136
3847	456	10.223595
3904	456	17.847763
3945	456	-42.285188
4005	456	2.292883
4023	456	-9.249695
4027	456	6.946550
4041	456	1.402490
987	457	14.049742
1303	457	22.398376
1804	457	2.873522
2930	457	5.959211
170	459	8.713663
472	459	3.881499
938	460	-6.912171
1216	460	-4.277916
3023	460	10.055607
170	462	1.567077
549	462	9.737546
704	462	4.830155
1148	462	10.315369
1360	462	-3.445719
1429	462	-6.528732
3031	462	4.976919
4024	462	-10.622773
385	463	20.378787
444	463	-6.684413
895	463	-6.181600
996	463	-3.800331
1215	463	4.168773
1278	463	10.776970
1280	463	3.010509
1434	463	-7.600487
1865	463	17.760088
1948	463	6.085257
1949	463	-21.531838
2295	463	6.013556
2492	463	0.466467
3578	463	9.374890
3666	463	1.047298
4041	463	-5.491417
3730	464	-3.261696
3866	464	-6.934051
369	465	-7.284994
274	467	-2.692399
526	467	7.825994
406	469	15.168653
1085	469	7.578224
1097	469	6.633877
1682	469	2.013739
2270	469	-5.508422
2370	469	-3.962233
2842	469	-8.742121
2919	469	6.588084
3919	469	-14.732634
545	471	-11.585464
675	471	-1.555160
812	471	22.478316
852	471	-3.636599
917	471	-6.593657
1400	471	9.754220
1667	471	-10.799734
1709	471	-10.636195
1870	471	-10.763886
1904	471	13.470343
2066	471	17.557663
2250	471	-5.568195
2665	471	-5.687118
2842	471	-5.604887
3145	471	-20.728331
3178	471	7.142301
3208	471	-9.792787
3476	471	-6.674877
3519	471	-15.438760
4016	471	10.201414
15	472	-4.464549
170	472	20.457340
407	472	-5.926070
439	472	4.737757
472	472	-8.878517
737	472	-16.938531
798	472	-5.858543
852	472	-6.518105
970	472	3.255953
976	472	-11.496008
1051	472	-5.476963
1092	472	11.088021
1101	472	-10.405638
1485	472	0.161918
1522	472	-15.747283
1616	472	3.277504
1679	472	3.203931
1889	472	-18.786842
2060	472	0.295027
2089	472	-2.067947
2093	472	24.565324
2210	472	3.049534
2265	472	-28.355455
2287	472	-2.948027
2429	472	-0.510622
2490	472	7.884887
2643	472	-7.652507
2665	472	13.873895
2727	472	0.117373
3360	472	-13.225977
3481	472	10.748560
3579	472	6.720327
3622	472	11.291665
3656	472	0.933737
3701	472	-12.694880
3793	472	-3.993810
4005	472	1.782368
4082	472	-6.847514
1125	473	0.317879
1793	473	6.327052
1970	473	-25.522310
2391	473	18.867685
3032	473	1.481517
3374	473	-1.063413
3565	473	19.478622
3837	473	1.635388
3942	473	-13.927286
186	474	-11.103425
479	474	8.838002
1159	474	-13.305331
1249	474	8.223545
1524	474	3.728091
2538	474	-7.307593
2649	474	6.669924
3044	474	-8.407953
3171	474	0.648768
3223	474	-5.186146
1110	476	10.494535
1646	476	-3.542729
1679	476	-12.443717
2729	476	-4.968447
3366	476	18.791386
3793	476	-6.165504
623	477	-6.592618
630	477	5.624731
673	477	19.729875
744	477	-18.801155
1715	477	-9.324095
1802	477	8.256049
2060	477	6.534701
3575	477	-8.133460
937	478	-2.201019
1327	478	-3.764110
1462	478	-19.445544
2212	478	-18.241306
2354	478	-1.922145
2521	478	-2.860861
3662	478	12.462827
17	479	2.515906
42	479	0.730563
75	479	-1.112448
454	479	3.937053
516	479	9.312175
1001	479	-8.097163
1140	479	-25.133336
1738	479	-1.865742
2183	479	-10.131524
2916	479	-1.276003
3382	479	2.612613
3519	479	2.695673
3639	479	-28.172305
187	480	-1.793739
2688	480	13.915707
3039	480	-14.461467
3406	480	3.630807
3578	480	-18.238187
3772	480	8.673026
4066	480	-1.316242
1026	483	-9.246864
1939	483	9.457509
2561	483	-10.564301
1324	485	5.615636
3565	485	-2.758876
3575	485	8.095176
3974	485	-3.081532
515	487	-0.813929
1342	487	7.160416
3165	488	2.946519
2594	489	3.789320
976	491	13.055740
1538	491	25.988065
1723	491	11.919347
1933	491	-13.190378
2829	491	-6.755119
3325	491	9.168751
3657	491	4.682153
3793	491	5.932109
1741	492	0.324573
2846	492	-4.505233
2885	492	-5.086368
25	493	4.081589
97	493	2.382155
541	493	-8.469141
949	493	7.225035
991	493	-1.349078
1173	493	1.998462
1407	493	8.243825
2112	493	10.875205
2221	493	3.864597
2341	493	-26.568711
2583	493	6.198579
2669	493	8.188043
3007	493	-16.486021
3567	493	-3.992497
1679	494	4.951674
708	495	18.452049
724	495	8.807675
2028	495	-3.935552
2929	495	-0.095314
449	497	1.108597
732	497	-11.723302
757	497	0.535050
2948	497	16.035737
3978	497	-6.121968
4	500	-16.093709
187	500	-0.101513
407	500	-7.832315
510	500	5.268884
737	500	4.613531
1485	500	-8.058582
1537	500	16.446446
1637	500	7.161876
1675	500	-17.785010
1713	500	-1.421621
1726	500	-0.423510
1756	500	21.310676
1767	500	1.474458
1812	500	5.223382
1947	500	6.579319
1970	500	-7.106822
2060	500	1.107884
2270	500	-6.057340
2523	500	11.567830
2538	500	-7.906836
2685	500	-0.220111
2729	500	3.207063
2816	500	4.231481
3131	500	15.635913
3173	500	14.383463
3274	500	-1.498345
3327	500	-8.217984
3481	500	11.729921
3639	500	-4.530473
3981	500	3.919663
3984	500	4.845073
84	501	3.424429
163	501	-8.338844
456	501	6.390643
663	501	-11.564339
774	501	1.923011
895	501	10.940830
1101	501	-1.886491
1399	501	-5.128648
1402	501	-8.296150
1455	501	0.706379
1501	501	-15.319291
1533	501	2.551675
1682	501	-19.199040
1723	501	-1.947174
1726	501	-17.681433
1735	501	-7.041875
1842	501	-11.525778
1955	501	-11.828836
2105	501	-11.706835
2370	501	16.754895
2436	501	-20.122278
2490	501	-9.689707
2575	501	3.135087
2922	501	5.006220
2981	501	0.019904
3309	501	1.354153
3366	501	-9.833232
3719	501	-6.106590
3744	501	21.478021
3890	501	-6.793846
3950	501	16.350682
3985	501	-15.979174
2575	503	4.925245
76	504	-0.647920
439	504	-10.534666
572	504	4.392348
1271	504	0.673142
1947	504	1.936764
2291	504	-7.689083
2996	504	8.007969
3148	504	-0.327584
3787	504	-7.212147
3460	505	-6.182240
456	506	-2.361302
500	506	-4.111279
506	506	23.020776
1682	506	-5.095874
1854	506	4.998085
2468	506	14.826670
2729	506	-18.775745
2755	506	8.447716
2826	506	2.841275
3041	506	14.454955
3059	506	-5.705746
3614	506	-19.556816
3740	506	-7.522182
828	507	-3.014367
2354	507	24.865680
97	508	-22.772365
379	508	-9.496399
382	508	20.397248
407	508	-1.280054
619	508	2.081526
737	508	-11.294540
744	508	-4.204208
789	508	-6.293515
978	508	2.358893
1075	508	7.589375
1101	508	9.548044
1226	508	0.002991
1328	508	-5.751146
1646	508	-0.719619
1891	508	-14.095659
2232	508	0.819393
2459	508	-10.375303
2492	508	11.495609
2672	508	-1.212908
2846	508	22.179130
3018	508	-22.091981
3057	508	4.505608
3229	508	7.399778
3337	508	-3.122028
3343	508	16.705740
3410	508	5.762234
3447	508	14.690104
3904	508	-4.978814
3910	508	-4.726991
3241	509	0.587581
3510	509	2.416482
3681	509	14.177500
3989	509	-9.847071
364	510	7.681855
448	510	1.970857
685	510	22.621100
2998	510	-25.101590
3143	510	1.494645
3662	510	7.542489
3693	510	4.839478
3692	513	10.538930
51	515	-14.996089
1079	515	9.323583
1374	515	15.602805
1646	515	-2.714303
1902	515	-5.923072
1929	515	11.541236
2299	515	10.145627
2575	515	13.557833
3044	515	4.198308
3719	515	5.853731
2770	516	2.842900
3157	516	-1.059784
864	517	-0.449600
1288	517	19.694641
2543	517	0.296422
1280	519	0.754425
1468	519	-6.547077
2541	519	13.063270
3873	519	-10.795188
1592	520	-16.415517
357	521	11.894733
415	521	-2.167423
456	521	20.503536
521	521	-3.541412
545	521	-1.584312
674	521	-2.553174
792	521	-15.273592
798	521	14.318919
864	521	0.789390
898	521	-3.181688
977	521	3.749086
1078	521	-8.413507
1101	521	2.761206
1179	521	-1.988833
1227	521	9.924402
1340	521	-4.126677
1362	521	-0.451636
1656	521	5.650658
1682	521	0.531945
1715	521	2.457271
1747	521	-1.802289
1816	521	8.812874
1955	521	-30.399390
2010	521	9.524318
2375	521	-2.284649
2472	521	-0.313997
2492	521	-2.170907
2660	521	-3.142674
3310	521	0.277549
3575	521	14.280953
3748	521	-1.671957
3904	521	9.001393
330	523	2.445302
716	523	-17.178946
994	524	-0.590067
1072	524	14.155691
1433	524	0.337785
1514	524	-12.626165
1651	524	7.808799
1873	524	-8.067734
1942	524	5.656512
1960	524	0.217186
2846	524	-8.087908
2925	524	-8.615852
774	525	-0.827563
1131	525	5.323378
1976	525	0.745766
213	527	-15.061457
3250	527	-5.558695
4023	527	6.364586
782	528	6.206489
1534	528	1.759031
1591	528	-2.959013
1947	528	8.545687
2118	528	12.540210
2492	528	-3.512529
2962	528	5.395785
3842	528	13.242925
3976	528	-20.849055
933	531	-9.545975
970	531	-3.205268
1075	531	-9.419118
115	532	-13.945659
477	532	2.376999
852	532	-0.500545
1101	532	10.883143
1992	532	-6.172792
2089	532	-0.322864
2237	532	-3.533423
2561	532	-11.339934
2677	532	15.882211
2981	532	3.175429
2992	532	6.915196
3173	532	6.588137
3596	532	2.017619
3904	532	-1.050155
180	534	-18.797648
1618	534	10.487598
3223	536	-25.105279
1347	537	-13.301799
1841	537	2.392984
2400	537	-1.146768
3345	537	8.558927
3695	537	-2.707406
3973	537	-0.316324
2214	539	-8.079468
2395	539	-13.597838
73	540	8.262252
89	540	2.240031
831	540	3.947592
1072	540	-6.492597
1649	540	-11.210312
1759	540	2.431652
1841	540	-2.101926
2060	540	-0.230084
2477	540	-4.895517
2512	540	-3.257602
2542	540	11.094765
2826	540	-4.851892
3130	540	10.569726
3709	540	11.911037
3770	540	-15.543536
4032	540	3.568446
51	541	22.373865
113	541	-3.143308
187	541	-0.961019
209	541	13.031427
222	541	-0.568137
243	541	29.564816
369	541	-16.247379
400	541	12.975162
541	541	4.753984
705	541	5.280659
895	541	-4.545540
1064	541	9.855648
1088	541	12.539553
1101	541	-7.197908
1400	541	11.108546
1502	541	15.370087
1656	541	16.381532
1723	541	-18.699263
1726	541	17.221142
1738	541	6.480332
1802	541	-7.342486
1831	541	-1.251252
1897	541	10.245486
2221	541	6.240065
2366	541	6.739220
2505	541	10.686355
2846	541	13.544763
2907	541	-31.976904
3144	541	8.800763
3441	541	11.168904
3744	541	3.545125
3802	541	-15.204006
72	545	-2.901595
97	545	-3.980933
113	545	8.562170
170	545	-5.695943
184	545	-16.542796
211	545	4.696151
365	545	-2.368881
394	545	5.178267
407	545	22.846770
417	545	-19.725076
456	545	-21.200693
480	545	11.685362
524	545	-7.671142
553	545	-5.296030
615	545	-9.960143
623	545	-1.977694
663	545	3.125333
737	545	9.219546
777	545	-2.423245
789	545	-2.974556
843	545	17.455877
849	545	6.438998
927	545	-11.965961
1023	545	3.380439
1025	545	-5.334468
1071	545	-16.623592
1092	545	13.256020
1101	545	9.620051
1132	545	-10.775259
1179	545	2.555793
1328	545	-1.402086
1425	545	13.307074
1463	545	8.729606
1485	545	-15.419039
1498	545	-1.531319
1522	545	-7.077862
1591	545	10.570396
1637	545	8.171079
1646	545	-0.803708
1656	545	-20.034333
1657	545	12.885698
1662	545	-10.287935
1679	545	3.482010
1682	545	-9.203270
1718	545	-7.145993
1792	545	-6.020271
1976	545	-7.926153
2027	545	-23.791724
2054	545	-2.203203
2066	545	3.187199
2089	545	1.365286
2181	545	-7.382520
2254	545	17.139401
2267	545	-2.666231
2270	545	2.850767
2412	545	-4.103425
2436	545	-0.356757
2464	545	-6.322413
2505	545	1.593709
2520	545	6.864542
2538	545	-18.942528
2577	545	6.809036
2665	545	14.387747
2845	545	-5.089967
2953	545	6.959841
2981	545	-12.849880
3018	545	22.685127
3145	545	14.788764
3146	545	4.694914
3229	545	-1.213145
3374	545	-9.489004
3400	545	-1.691799
3430	545	-16.537592
3565	545	7.238941
3568	545	-20.144767
3614	545	-7.812135
3622	545	6.531969
3744	545	7.577618
3786	545	-12.910944
3787	545	4.402481
3795	545	20.484735
3840	545	18.540499
3884	545	-6.149407
3904	545	-17.363612
4027	545	24.768749
4032	545	13.123236
143	548	-6.241284
209	548	2.897503
737	548	-0.046469
1132	548	10.210423
1270	548	-0.839751
1485	548	10.955628
1512	548	-5.847504
1756	548	9.516565
1904	548	-7.298283
1920	548	-1.529883
2182	548	3.049791
3578	548	-11.683637
549	549	-22.845014
1538	549	1.749247
1944	549	6.717624
1955	549	0.131029
2990	549	4.441594
3044	549	24.383363
3245	549	0.310171
97	550	-18.383365
113	550	-14.950961
219	550	4.176195
243	550	-6.917923
286	550	20.203127
407	550	-3.263045
550	550	5.017616
572	550	-15.871300
589	550	-4.829670
643	550	-6.067693
664	550	3.560119
707	550	3.273995
748	550	-15.610954
777	550	10.869403
823	550	14.896520
852	550	-6.540075
857	550	8.988203
862	550	-8.922251
886	550	-5.563429
1058	550	9.078714
1085	550	8.986871
1088	550	19.576074
1101	550	21.271880
1259	550	1.244468
1275	550	-0.858360
1286	550	-4.890708
1328	550	-26.047378
1362	550	-19.511180
1376	550	-11.706784
1396	550	-8.576014
1522	550	11.857665
1630	550	11.712983
1655	550	-3.749470
1679	550	-5.790611
1682	550	2.859770
1735	550	-18.881604
1751	550	-0.875312
1802	550	-3.922959
1922	550	8.052462
1942	550	10.688313
1955	550	5.858994
1976	550	-15.687994
2056	550	-3.012272
2060	550	9.461423
2066	550	5.570420
2083	550	11.449038
2089	550	-3.237134
2137	550	-5.419131
2232	550	-19.272215
2270	550	-35.041614
2347	550	-13.372339
2472	550	-0.704555
2586	550	2.751901
2665	550	22.928604
2726	550	-3.918840
2764	550	6.575298
2920	550	0.303273
3032	550	-0.524198
3080	550	9.643483
3222	550	-5.333920
3229	550	-34.762913
3241	550	-5.565770
3256	550	-11.436960
3395	550	-6.518918
3461	550	-8.973605
3519	550	-6.450764
3626	550	7.297982
3769	550	8.380373
3770	550	13.726632
3793	550	-4.140922
3847	550	-8.978764
3858	550	14.132953
3867	550	6.900960
3889	550	-0.533303
3904	550	-3.589270
3920	550	-2.461772
3945	550	-0.750712
4032	550	-16.003866
4056	550	-4.823287
4082	550	14.250709
4086	550	-9.935545
551	551	2.623257
1105	551	0.166024
97	552	2.624146
552	552	-4.152675
559	552	22.655229
1249	552	1.196648
2046	552	1.501289
2384	552	-0.799104
2538	552	5.957973
3223	552	11.082300
895	553	-1.895299
1088	553	-16.550609
1185	553	-2.475470
1508	553	-9.067225
1589	553	19.287932
1947	553	6.396551
2999	553	-11.338633
3423	553	6.756178
3885	553	-0.713134
2524	554	-6.638644
214	555	-3.504741
310	555	8.659201
789	555	-11.188379
907	555	-0.021237
1226	555	-8.725416
1437	555	0.521849
2619	555	4.395163
3222	555	-13.050367
3460	555	-22.790432
3532	555	-13.106483
3578	555	-9.302703
3738	555	-3.424931
5	557	-0.432944
439	557	-3.339057
469	557	10.195211
823	557	6.142883
1646	557	-0.692614
1842	557	11.676638
2505	557	2.544674
2571	557	-3.463130
3002	557	-1.353512
3175	557	19.134698
3256	557	-4.151324
3620	557	21.983809
3622	557	-11.749711
3719	557	-8.805987
2630	560	-11.521110
631	561	12.380889
732	561	15.597277
3521	561	11.078426
982	564	-3.504386
2226	564	0.307744
2278	564	-0.068734
3405	564	-5.084652
663	565	-14.607335
1714	565	-10.026292
2465	565	-6.295798
3733	565	-1.835793
279	566	-21.004174
1315	566	-2.533373
2468	566	-17.121962
384	568	8.408634
407	568	-0.410069
550	568	8.863621
949	568	8.737426
1155	568	8.312317
1386	568	-15.128975
1396	568	-7.696649
1688	568	2.341653
1741	568	-0.134883
1947	568	5.862845
2265	568	6.079673
2604	568	-4.460589
2724	568	-37.505583
2765	568	-1.166786
2927	568	4.016656
177	569	8.127543
3633	569	9.956696
58	572	-10.097383
146	572	2.484294
170	572	-1.099063
187	572	2.480850
279	572	-1.691906
305	572	-8.433128
328	572	11.514773
393	572	4.871324
521	572	-1.120966
541	572	5.080198
572	572	-15.377484
615	572	-12.699649
700	572	10.256170
736	572	-8.483939
737	572	-6.656176
745	572	8.718817
893	572	11.334030
895	572	-18.568173
933	572	-0.672294
1024	572	-15.955667
1101	572	-21.148346
1120	572	14.488544
1155	572	-2.954272
1230	572	-0.862124
1328	572	0.649893
1350	572	11.939528
1362	572	-15.891225
1407	572	13.859614
1452	572	25.114907
1468	572	11.680546
1485	572	-16.822117
1589	572	-6.481022
1763	572	12.946658
1811	572	-10.569429
1851	572	-9.793467
1867	572	2.609930
1883	572	12.049851
1915	572	11.007280
1955	572	-6.336379
1980	572	-11.220214
1990	572	1.390432
1992	572	-3.002267
2060	572	3.272229
2089	572	3.509510
2129	572	5.534889
2137	572	11.436216
2181	572	14.192624
2277	572	-12.017248
2284	572	-10.168937
2341	572	16.428214
2349	572	-0.695279
2386	572	7.708978
2432	572	-11.187774
2463	572	15.188874
2490	572	10.767102
2610	572	-1.710060
2618	572	16.024300
2653	572	-10.801149
2665	572	16.472584
2685	572	9.813486
2729	572	-17.823258
2826	572	1.636520
2827	572	-11.376811
2885	572	-1.595349
2892	572	15.956905
2921	572	-0.660898
2981	572	-3.218249
2987	572	-11.399842
3158	572	7.365028
3250	572	7.416055
3256	572	-7.733756
3275	572	3.292969
3317	572	1.404183
3345	572	-6.243140
3519	572	-31.487729
3688	572	-21.863297
3719	572	-8.774579
3756	572	8.425084
3758	572	9.121292
3802	572	16.794601
3813	572	14.587182
3945	572	-10.898112
852	576	-8.700791
1887	576	4.007272
2089	576	-7.144692
2223	576	-22.867416
3700	576	-10.724774
144	577	-10.623662
209	577	15.388450
214	577	16.643056
623	577	12.995492
666	577	-13.601150
895	577	-11.714708
996	577	-0.130366
1328	577	-0.413682
1537	577	1.429523
1657	577	-11.103243
1806	577	4.238306
1812	577	-0.322390
1970	577	6.493779
2089	577	8.171018
2630	577	6.088579
2836	577	-8.213413
3173	577	10.170330
3317	577	9.534654
4082	577	-0.682380
170	578	-9.377373
2172	578	6.170922
3992	578	4.666067
1077	579	12.428474
1799	580	10.343553
1955	580	-3.828195
456	581	-1.828136
976	582	-10.194135
2412	582	-0.887880
2583	582	1.012852
221	583	-7.301892
711	583	-4.935791
1510	583	-6.282240
2465	583	-10.689853
4083	583	7.357443
830	585	12.852237
328	586	0.014662
516	586	-26.228056
623	586	-2.587323
664	586	-7.111388
780	586	8.052639
841	586	-1.422253
1097	586	-2.518113
1512	586	-8.792650
1710	586	8.527622
1732	586	-1.001926
2354	586	-9.971679
2845	586	-8.402277
3194	586	11.335805
3411	586	-14.764205
3485	586	-4.172206
3969	586	4.290294
4021	586	24.508710
4059	586	-18.910072
115	588	8.275555
113	589	11.522208
170	589	16.816512
400	589	5.010622
456	589	2.250675
589	589	5.875141
615	589	3.397922
1209	589	1.849934
1328	589	2.109761
1900	589	-8.278118
1922	589	-1.224359
1955	589	14.109501
2370	589	8.779963
2412	589	3.801781
2485	589	-17.092612
2538	589	6.681550
2665	589	-12.824091
2724	589	-6.938163
2766	589	1.004808
2861	589	14.037755
3039	589	-9.589286
3084	589	19.022084
3143	589	-10.158551
3250	589	-0.434630
3310	589	-15.852468
3398	589	17.522230
3497	589	-13.228869
3568	589	11.883501
3691	589	2.709503
3904	589	2.732220
3959	589	-1.879481
91	590	-6.561515
2843	590	-1.547983
6	591	-3.266177
3659	591	10.728967
400	592	-2.271174
1555	592	19.629674
1766	592	20.217629
2620	592	4.900552
3197	592	-4.164510
3229	592	-3.008519
135	594	14.108943
151	594	5.666998
557	594	-0.757375
369	596	4.836275
941	597	3.211000
1710	597	-0.624246
2768	597	4.835717
3196	597	14.037856
3278	597	-8.616288
3793	597	-13.717733
97	599	-5.426978
1726	599	6.786831
3740	599	3.442618
3885	599	-3.847398
97	600	-0.662427
445	600	-4.862762
744	600	-6.290483
1101	600	-8.073749
1498	600	1.995315
1955	600	21.344977
2089	600	7.040336
3158	600	9.122283
3476	600	-11.081875
3567	600	8.996316
3837	600	-10.380535
3842	600	6.578754
1485	601	1.442724
2972	601	-3.756363
217	602	-0.825842
2617	602	-1.860527
323	603	-8.690967
852	603	-11.417853
933	603	7.897135
1238	603	16.192752
1338	603	0.403618
1667	603	1.097645
2559	603	13.942090
2599	603	0.717226
2987	603	3.598640
3000	603	34.864123
3010	603	-2.862192
3044	603	-4.108740
3054	603	14.042277
3157	603	13.750426
3185	603	-1.324374
3740	603	-7.119126
4005	603	13.547488
540	605	-2.114654
1155	605	-0.306581
1679	605	18.377307
2441	605	6.266983
628	607	-7.633282
1169	607	13.008320
2672	607	-17.384121
2830	607	2.221420
2907	607	-1.244033
3696	607	-0.304167
3866	607	3.121959
1794	608	12.190424
2270	608	10.885250
2631	608	-10.278534
1112	609	13.149413
92	610	-8.101401
221	610	-15.517399
1537	610	-7.254852
2480	610	7.760376
2754	610	-3.104477
3441	610	3.657577
1291	612	-4.589308
1814	612	14.174983
3089	612	8.032794
91	613	-6.258018
793	613	-2.877627
2667	613	-4.790913
14	615	-1.132454
97	615	-3.070640
113	615	-3.091244
288	615	16.263151
320	615	-3.341295
450	615	-28.166114
577	615	-8.438494
610	615	10.013383
615	615	-9.405957
621	615	7.901529
737	615	69.118797
843	615	7.104273
852	615	-16.472363
864	615	-21.550918
895	615	-3.518538
941	615	-9.981484
976	615	-12.691063
1097	615	7.021052
1101	615	-2.571467
1230	615	22.441757
1377	615	7.551306
1428	615	-13.070239
1441	615	5.464921
1485	615	-3.266386
1538	615	-1.350670
1586	615	-10.910344
1591	615	3.130291
1682	615	13.945932
1710	615	-17.527756
1812	615	1.358743
1889	615	9.827388
1897	615	13.687757
1939	615	15.688729
1955	615	-13.683478
1992	615	3.074716
2010	615	-11.283302
2060	615	4.213492
2089	615	26.736359
2214	615	-15.119006
2221	615	-25.127272
2256	615	8.965031
2341	615	-17.872118
2354	615	-10.311564
2432	615	3.753739
2438	615	1.584029
2538	615	4.373908
2653	615	-2.687985
2675	615	2.752995
2709	615	-8.796696
2826	615	31.359787
2907	615	-8.373267
3016	615	-5.032628
3019	615	-5.113042
3044	615	12.533447
3185	615	-4.885012
3229	615	0.709857
3293	615	-9.019383
3333	615	26.216658
3343	615	22.084675
3349	615	-19.491270
3485	615	-14.496510
3489	615	16.746190
3519	615	7.462559
3553	615	-4.174701
3575	615	-3.035626
3653	615	-4.158218
3689	615	16.965342
3719	615	-10.229585
3740	615	-19.392573
3776	615	2.349220
3842	615	1.296177
3853	615	4.479456
3902	615	-7.432996
3945	615	-1.682493
3954	615	-5.647114
4005	615	-3.954434
4027	615	14.446151
4032	615	-0.750301
4041	615	4.973131
895	616	2.012712
976	616	-14.273735
1735	616	2.186878
3208	616	-10.297114
63	617	10.182421
1428	617	16.165074
2156	617	-9.367924
3588	617	-0.156720
2472	618	-2.252206
3350	618	-0.943447
131	619	-7.381752
619	619	-0.050051
736	619	-1.191909
949	619	9.059977
1071	619	14.228238
1101	619	1.400715
1113	619	9.803001
1216	619	11.592909
1577	619	6.590116
2028	619	7.663582
2610	619	-8.163031
2911	619	7.417453
3234	619	0.971427
3668	619	-6.530811
3772	619	-1.733780
578	620	-9.141473
2968	620	8.156223
80	621	18.578773
281	621	-10.158770
407	621	3.882687
737	621	-3.576242
1246	621	3.353920
1401	621	6.585559
1496	621	-20.243307
2066	621	-21.588452
2302	621	-8.214919
2436	621	-1.717433
3229	621	1.849664
3527	621	-1.402085
3734	621	-4.013819
4037	621	4.622726
756	622	1.803831
914	622	4.920381
1429	622	9.870028
1759	622	2.232721
2372	622	-3.522720
3904	622	-11.948188
4	623	-0.562591
97	623	-1.616906
113	623	6.289346
184	623	12.648922
211	623	1.678140
234	623	9.132658
369	623	-12.089905
439	623	-1.724262
456	623	-13.601571
551	623	3.134255
572	623	9.473482
589	623	-5.360190
623	623	18.947001
737	623	1.298085
757	623	-5.847225
774	623	-0.584054
868	623	5.734666
895	623	5.269986
958	623	-0.994833
976	623	-1.398158
977	623	-23.708258
1019	623	4.468862
1039	623	-2.353318
1101	623	21.791096
1332	623	2.867999
1374	623	1.148302
1401	623	2.284972
1485	623	-2.578959
1502	623	-2.955115
1533	623	-1.951347
1589	623	-0.771800
1667	623	3.143628
1692	623	-11.216584
1710	623	1.649549
1723	623	-4.304248
1767	623	16.703328
1787	623	-5.758151
1922	623	0.357096
1942	623	-5.035683
1947	623	-6.651346
1955	623	-0.481902
2054	623	-0.362817
2064	623	-4.241384
2066	623	4.741574
2181	623	-7.969621
2216	623	1.082683
2270	623	-0.310825
2465	623	-5.481494
2468	623	16.439395
2490	623	-21.168066
2523	623	11.707226
2538	623	34.352476
2683	623	9.901556
2766	623	9.291796
2780	623	-21.006309
2803	623	-0.991758
2816	623	4.110202
2911	623	-5.595733
2990	623	-14.607705
3229	623	1.974938
3274	623	-7.723953
3286	623	-9.382140
3310	623	2.860210
3374	623	-9.094889
3380	623	0.338750
3567	623	0.508252
3568	623	4.489363
3740	623	-7.514388
3793	623	-12.402858
3915	623	8.467174
3919	623	7.371671
3945	623	-0.951471
3974	623	-3.678736
3998	623	6.968668
4022	623	-6.180401
4	625	9.522158
97	625	-7.426410
663	625	-12.566724
737	625	19.127620
745	625	-12.746615
757	625	0.649110
837	625	7.182523
893	625	2.202033
894	625	-11.369702
976	625	9.966074
1070	625	-15.424384
1328	625	10.599312
1445	625	1.811407
1483	625	-14.027489
1504	625	11.217966
1564	625	1.220313
1635	625	6.021062
1682	625	-12.415244
1691	625	5.065357
1903	625	-2.315238
1913	625	-2.410727
2971	625	6.815910
3016	625	-7.672705
3088	625	-8.410412
3118	625	-3.482509
3333	625	0.800904
3441	625	-18.558608
3460	625	-7.031499
3666	625	-13.748133
3904	625	-36.817899
4034	625	-8.028068
757	628	3.428985
1347	628	-18.349390
1512	628	-12.293723
2027	628	6.427961
2803	628	3.932484
3438	628	-7.417380
3476	628	-1.311259
3794	628	3.890244
4005	628	-5.441258
4073	628	8.575903
3032	629	-3.182422
3795	629	-1.257080
1429	630	-6.124988
1485	630	-11.886753
1842	630	-19.246752
1992	630	15.929407
557	632	0.091135
855	632	14.548035
1945	632	-11.301644
3208	632	-1.072364
4073	632	-4.811464
895	633	7.056883
3414	633	8.628652
2870	634	5.631556
2105	637	2.018068
2845	637	-10.875503
1396	638	-0.565284
2521	639	-8.301962
2617	639	2.854299
3904	639	-2.351106
4085	639	9.162811
1841	640	-6.275312
1955	640	2.641367
2460	640	8.673980
3692	640	11.971529
711	641	-3.679490
3241	641	0.613479
37	643	-11.819732
947	643	-16.349939
3784	643	7.935944
4	644	3.987539
418	644	3.691922
2998	644	14.256511
476	646	-5.686059
737	646	5.638746
744	646	13.153562
757	646	-14.565725
1169	646	4.183179
1213	646	4.342777
1437	646	10.620113
1726	646	-21.363596
2027	646	10.457462
2278	646	13.791602
2408	646	13.664800
2468	646	11.613355
2729	646	-9.657748
2913	646	-3.985053
2998	646	-13.129574
3138	646	-12.835338
3229	646	18.605581
3285	646	-11.445574
3485	646	-3.393008
3578	646	-6.216387
3598	646	15.199360
2943	647	21.652525
1192	649	16.351695
1269	652	-6.226110
288	653	-0.866842
1723	653	-11.460128
688	655	8.434196
2212	655	18.231500
80	656	0.607642
113	656	-15.916693
681	656	-8.829611
801	656	11.542090
1328	656	-2.918560
1945	656	-0.894377
2060	656	-2.297744
2232	656	9.109200
2270	656	-2.451801
2538	656	-0.066773
2791	656	-1.192305
2907	656	-9.130241
3280	656	-13.518744
3529	656	-19.294388
3699	656	-18.518275
3904	656	7.679677
199	657	7.065220
724	657	5.417833
895	657	-17.361408
2436	657	-4.495202
3945	657	8.391253
663	658	4.236958
1070	658	4.277890
1126	658	4.390668
1580	658	-6.622686
1591	658	-6.578862
2066	658	-16.804566
2214	658	-6.164782
2531	658	6.801786
2827	658	-3.358703
3006	658	-2.957931
3108	658	-10.105061
3143	658	5.250438
3438	658	11.698094
3733	658	12.064926
2783	660	20.567555
2037	661	-14.400892
4062	661	-0.375910
2646	662	-9.860973
13	663	-0.234390
42	663	1.258758
97	663	-24.167832
143	663	-13.771904
214	663	16.435473
357	663	-13.650602
364	663	-5.826443
400	663	1.327873
407	663	-24.151610
456	663	-1.764677
615	663	7.674398
623	663	-9.851940
663	663	0.946092
730	663	3.913661
744	663	-3.312960
770	663	-6.633441
812	663	-10.043279
843	663	-23.041068
895	663	15.731811
934	663	9.702089
949	663	-4.393105
976	663	4.767997
977	663	-10.056145
982	663	10.531802
1089	663	-14.932437
1101	663	25.495061
1120	663	-2.020433
1160	663	-5.433985
1299	663	-0.205294
1328	663	8.497178
1360	663	-5.591793
1362	663	-7.075826
1367	663	4.833452
1374	663	-6.003938
1427	663	-4.795270
1522	663	-9.565349
1564	663	6.591064
1581	663	-7.671701
1637	663	8.640475
1646	663	-16.117581
1655	663	2.971211
1682	663	1.216471
1747	663	11.023870
2006	663	2.381355
2056	663	1.619043
2060	663	16.115010
2089	663	0.731546
2125	663	3.537730
2181	663	-9.739415
2182	663	-2.624564
2226	663	12.451496
2232	663	-1.034023
2267	663	-2.519475
2287	663	20.412644
2371	663	0.846548
2379	663	-0.492865
2436	663	-11.579838
2453	663	-7.642596
2458	663	0.294349
2472	663	14.306615
2803	663	-6.940153
2825	663	-10.289998
2907	663	-7.717089
2943	663	6.414442
2962	663	-11.464040
3143	663	-22.194657
3146	663	-14.504363
3301	663	-3.555728
3386	663	18.993507
3460	663	8.034727
3564	663	0.023883
3662	663	0.991483
3770	663	4.772894
3786	663	-1.231158
3788	663	31.823986
3904	663	-7.770733
3945	663	-11.636694
3967	663	9.768528
4024	663	-10.069041
4032	663	13.052836
4083	663	22.976353
73	664	10.792890
97	664	-6.420992
163	664	9.414226
197	664	-12.900288
362	664	-14.271079
439	664	-9.420174
663	664	9.153547
664	664	2.196739
674	664	8.601602
798	664	0.982316
822	664	7.559130
832	664	-3.772109
978	664	-7.914525
1034	664	26.108915
1101	664	-7.383419
1127	664	2.726915
1362	664	-0.649117
1440	664	3.303378
1679	664	-1.024631
1767	664	14.542928
1884	664	7.603825
2181	664	2.207749
2192	664	-5.612919
2221	664	5.095428
2250	664	1.506087
2344	664	9.257387
2538	664	22.779731
2561	664	18.723277
2586	664	7.514670
2685	664	-13.146528
2766	664	6.433928
3075	664	2.380044
3776	664	8.228269
3795	664	-8.098930
3802	664	-20.834526
3879	664	-16.501945
4073	664	-3.065090
64	665	-3.494067
539	665	-0.067883
579	665	10.578539
1092	665	11.937597
2782	665	4.819736
3380	666	-4.802464
3756	666	-1.430139
163	667	-9.431498
274	667	-9.241470
521	667	11.009021
1408	667	18.756953
1733	667	10.773792
2490	667	1.955096
3815	667	-17.084136
736	669	-11.736004
2971	669	6.852360
1347	670	-5.872458
2272	670	-2.640134
400	672	-2.289353
456	672	5.823162
580	672	-4.354002
187	673	-6.773520
1279	673	-12.552999
1903	673	1.329868
2204	673	4.441887
2738	673	-0.527393
2798	673	0.225220
3058	673	-2.748755
1089	674	-14.974989
1564	674	-9.610426
2724	674	-12.935458
177	675	3.731451
1216	675	9.960452
1431	676	-20.054323
243	677	4.483096
677	677	2.098452
736	677	4.008267
1018	677	7.429241
1089	677	10.044237
1101	677	8.722789
1851	677	0.741937
1910	677	15.097815
1969	677	4.136473
2341	677	0.408088
3144	677	9.223369
3565	677	19.919751
3866	677	-1.756452
3945	677	23.558947
970	678	-7.368314
2608	679	-1.196162
209	681	17.133041
1756	681	4.414135
2169	681	0.153942
2441	681	-8.802924
2748	681	4.673589
3213	681	7.189276
3684	681	5.354439
3795	681	-2.145920
3889	681	-0.625607
4	682	8.427171
398	682	-4.647830
1374	682	-14.296372
2468	682	-15.081103
2573	682	2.999345
49	683	5.698683
1867	683	-10.995666
1897	683	-10.367568
2045	683	15.718556
2541	683	18.467995
3335	683	7.637459
3689	683	1.251374
977	684	16.162140
1238	684	9.299619
2794	684	5.396659
3664	685	15.385652
1646	686	-8.773142
1891	686	4.661733
2130	686	-7.261792
2285	686	-11.061310
2347	687	-9.199040
2523	687	-15.228824
2629	687	-6.618894
3645	687	9.815192
3984	687	23.251982
970	688	9.394304
1470	688	8.532737
1741	688	24.602394
2913	688	-15.031587
494	689	-11.745543
1967	689	-11.400036
2077	691	-2.576171
1903	692	-2.277830
2532	692	6.123962
3733	692	-2.205630
1230	694	-11.312778
3915	695	-3.705899
447	696	0.321549
781	696	-6.481399
1456	697	-0.972753
1726	697	5.389875
2907	697	-6.698851
3922	697	7.378587
1	698	2.829856
18	698	3.544304
1485	698	2.431260
1649	698	2.783959
1854	698	-4.867383
1955	698	15.167213
2214	698	-10.830099
3189	698	18.766323
3441	698	-12.233061
3578	698	22.496003
3881	698	-1.169429
4062	698	-1.256693
2054	699	2.205118
3876	699	16.449528
2129	702	3.988458
3293	702	-4.339204
656	703	6.819462
666	703	6.476950
1400	703	8.146799
1485	703	15.290509
1800	703	-5.899074
2109	703	2.994649
2498	703	-8.085288
19	704	-18.393400
20	704	-12.299582
226	704	-12.673867
439	704	5.982394
589	704	12.214950
895	704	14.490123
1849	704	-32.682378
2089	704	-15.032767
2100	704	-13.155182
2272	704	14.164317
3360	704	-4.814618
3409	704	7.997566
3426	704	-4.912527
1759	705	4.387694
1791	705	-12.064771
3577	705	-21.514512
60	707	-10.075010
200	707	23.789021
1374	707	-6.118558
3740	707	5.202815
170	708	-13.912633
540	708	-8.458599
1146	708	4.464857
1155	708	-13.214869
1242	708	25.247718
1557	708	-3.667357
2290	708	10.476888
2347	708	0.894942
2561	708	23.360246
2663	708	-6.396079
3229	708	-6.636534
3430	708	7.090729
3567	708	14.573165
3668	708	-8.220958
3726	708	13.137703
4023	708	-2.659240
4066	708	3.874535
2223	709	6.384234
2970	709	-0.764549
83	710	-5.827986
400	710	10.777332
830	710	7.509753
1286	710	2.089475
1959	710	5.722693
2247	710	3.077915
2683	710	6.029115
2795	710	-1.555203
3067	710	6.949581
3272	710	-9.319547
3622	710	-32.414681
84	711	4.586374
97	711	2.559245
557	711	-1.763471
711	711	13.781990
737	711	3.225722
744	711	-4.533075
895	711	6.902888
1101	711	-5.763955
1428	711	-4.274118
1437	711	4.724553
1608	711	-3.035460
1791	711	-2.602155
1829	711	-1.911365
2066	711	-6.197973
2157	711	5.220765
2212	711	-13.140895
2318	711	9.242198
2538	711	-14.713844
2689	711	5.649732
2766	711	-6.917416
3044	711	-20.797982
3171	711	7.464737
3189	711	5.132018
3570	711	4.276477
3945	711	22.223487
4082	711	6.153035
4086	711	-1.332094
424	712	10.158620
1107	712	6.990036
2906	712	-7.906763
3529	712	-2.426120
1215	713	-2.292883
3623	713	21.850364
3733	713	-9.803516
3793	713	13.514167
2550	714	-11.397794
1047	716	-14.985095
3256	716	8.366028
125	717	-5.445369
407	717	-0.320859
737	717	-7.658068
976	717	9.274514
1635	717	0.153809
1738	717	2.225888
2066	717	-9.356736
2546	717	-12.271328
407	718	-6.922314
3579	718	-2.301238
84	719	-11.749899
113	719	-0.052274
417	719	1.881139
1374	719	-1.585786
1958	719	6.707874
3227	719	4.294885
1471	723	0.025214
2856	723	-6.276945
2969	723	-2.559748
914	724	0.018880
1236	724	3.357031
1950	724	3.630826
2105	724	13.486686
1384	726	-9.482322
1903	726	0.232361
852	730	5.808712
2102	730	13.789637
2441	730	3.416843
2463	730	-2.940088
3783	730	-0.253318
51	732	-4.907565
170	732	8.142107
462	732	5.000417
798	732	-4.748988
1195	732	-4.805093
1485	732	-1.272268
1719	732	8.459510
2577	732	9.994355
762	733	3.244550
864	733	-9.298086
2279	734	-1.792502
3121	734	-4.850460
19	736	-7.974998
113	736	-6.949868
163	736	-23.989625
439	736	-13.876592
493	736	-1.379461
527	736	-4.063065
623	736	-4.015993
737	736	-10.499938
813	736	3.230694
823	736	-6.119249
938	736	-1.741143
1101	736	14.440337
1238	736	-10.096019
1377	736	-2.855296
1715	736	-9.394559
1791	736	-3.247581
1867	736	16.121712
1903	736	-3.783270
2270	736	10.828153
2332	736	7.773221
2412	736	-8.670025
2436	736	-4.422273
2538	736	-6.579327
2599	736	-0.566635
2665	736	4.007486
2675	736	-15.396588
2981	736	17.466483
2990	736	21.623817
3003	736	-4.590920
3173	736	-3.160190
3256	736	-12.483940
3310	736	-5.826829
3476	736	-6.338173
3519	736	-6.819281
3575	736	17.786287
3945	736	-17.407680
3959	736	10.077194
4	737	6.647699
37	737	-5.118332
42	737	-6.204203
47	737	7.789968
49	737	0.661310
51	737	9.050178
58	737	-0.346832
97	737	16.775769
113	737	13.551708
134	737	-2.294660
151	737	3.335984
187	737	-16.154265
214	737	-6.740920
238	737	5.285739
243	737	10.754604
407	737	-0.685408
424	737	-14.773123
439	737	-2.838646
453	737	3.326389
456	737	4.556647
500	737	8.695268
508	737	-4.923080
555	737	22.368093
572	737	4.592816
615	737	-12.053522
623	737	-5.580530
674	737	-1.744257
677	737	1.503940
730	737	-0.935900
737	737	44.601637
748	737	-0.374965
777	737	-18.500925
780	737	2.929803
789	737	5.294890
798	737	-13.303564
852	737	17.037086
862	737	-1.278668
864	737	-5.637241
874	737	-3.185420
895	737	-0.280448
933	737	0.206009
976	737	-8.468909
1033	737	-9.420714
1039	737	5.258087
1046	737	-0.804876
1101	737	34.983078
1103	737	-3.775556
1127	737	0.446578
1169	737	11.274170
1185	737	15.760063
1186	737	-18.509779
1213	737	-22.967971
1238	737	-3.291573
1328	737	-7.906040
1357	737	14.726861
1374	737	-1.873363
1377	737	39.460828
1396	737	-1.487235
1437	737	-1.342919
1456	737	7.436783
1485	737	-8.553851
1504	737	7.788566
1537	737	-8.395879
1581	737	-7.726837
1655	737	2.025404
1679	737	-15.879404
1710	737	0.639611
1723	737	1.387999
1738	737	-2.878637
1763	737	-4.753468
1767	737	-0.191190
1777	737	2.181280
1812	737	-7.992675
1816	737	6.047339
1883	737	10.862457
1889	737	-0.690578
1891	737	3.807327
1898	737	-6.657470
1955	737	20.369403
2010	737	8.502600
2027	737	2.355632
2054	737	1.894714
2060	737	-8.168132
2062	737	-7.169615
2066	737	2.922945
2089	737	31.298981
2181	737	-6.185112
2216	737	-9.874585
2221	737	3.119965
2226	737	4.241699
2265	737	0.210667
2284	737	-13.165388
2287	737	-3.463616
2347	737	-5.187462
2349	737	4.107418
2454	737	19.961560
2464	737	2.140143
2468	737	18.358100
2472	737	1.067596
2490	737	12.091582
2492	737	-0.308833
2571	737	-15.830932
2575	737	-0.532723
2579	737	5.463582
2619	737	-1.724264
2665	737	-13.979075
2702	737	-16.315688
2721	737	4.220685
2729	737	-13.336583
2754	737	-15.835213
2766	737	-10.854881
2787	737	-11.576739
2820	737	-4.882281
2821	737	-0.942040
2826	737	2.284245
2843	737	8.669519
2845	737	10.080229
2853	737	-7.125663
2866	737	-21.804515
2907	737	-1.201789
2943	737	1.941673
2983	737	13.039102
2987	737	-7.045000
2990	737	5.585430
3032	737	3.435744
3143	737	-9.865201
3145	737	9.782932
3185	737	0.742092
3229	737	7.302625
3249	737	5.878858
3274	737	29.640501
3333	737	-9.563073
3343	737	7.370107
3374	737	6.704050
3423	737	-5.610626
3441	737	-14.849728
3477	737	6.821040
3485	737	31.289264
3501	737	-5.791554
3529	737	3.835509
3553	737	-21.938120
3567	737	-10.361156
3622	737	1.551903
3686	737	-3.167513
3701	737	-1.888944
3709	737	19.242701
3734	737	-4.278759
3740	737	-3.749945
3773	737	-2.968515
3793	737	-5.175051
3902	737	-11.272153
3904	737	0.432727
3945	737	26.237853
3983	737	-1.820819
4004	737	-9.863189
4005	737	31.336840
4021	737	-5.091501
4027	737	-1.436951
4071	737	7.146548
3912	739	-9.523603
42	742	7.490664
365	742	16.404034
799	742	23.334144
1310	742	-4.181247
1955	742	7.803370
2003	742	1.359401
2010	742	-4.758516
2212	742	5.705819
2465	742	0.963291
2604	742	9.659507
2690	742	6.286302
2761	742	11.317368
2836	742	7.519993
2950	742	-5.611312
3935	742	7.006911
163	743	-2.530752
185	743	8.049489
320	743	0.314783
572	743	10.093177
743	743	-2.208894
964	743	8.419275
1516	743	10.348244
1646	743	13.761061
1710	743	-3.080004
1955	743	-4.319381
2146	743	-6.201342
2642	743	16.706660
3171	743	0.571748
97	744	14.262102
384	744	-31.775288
472	744	15.782988
674	744	-3.877800
744	744	-4.326018
976	744	8.504117
1038	744	5.972781
1089	744	15.174360
1101	744	12.543031
1160	744	-0.636019
1374	744	-17.879576
1398	744	-17.172613
1555	744	-4.891183
1637	744	22.278044
1643	744	1.795503
2024	744	5.231473
2047	744	-9.907407
2232	744	0.038586
2265	744	11.185971
2520	744	20.716028
2766	744	18.720380
2852	744	-8.812777
2880	744	24.557371
3044	744	0.797296
3229	744	6.184377
3262	744	6.395871
3275	744	-4.945635
3663	744	-14.011331
3871	744	-25.772596
3904	744	5.326401
3915	744	5.159809
16	745	-1.381054
456	745	-11.294069
1005	745	1.363867
1929	745	-8.568673
2595	745	-5.462032
3622	745	-3.117006
3651	745	-8.217143
3750	745	-11.070033
3840	745	-5.419226
4021	745	8.061975
4022	745	8.639118
209	746	-1.407061
394	746	-7.065027
1238	746	5.070627
1328	746	13.386358
1362	746	-1.671245
1518	746	-0.048026
2083	746	3.440073
2287	746	-20.700190
2468	746	12.137778
2665	746	-0.562530
3519	746	6.869574
3614	746	-7.460420
3810	746	-11.456107
25	748	11.101483
51	748	-14.562012
97	748	-9.756675
148	748	-3.675274
627	748	16.928488
895	748	-5.560171
1006	748	-10.775470
1281	748	-7.132762
1994	748	18.603356
2270	748	1.473902
2407	748	15.755568
2479	748	-6.614431
2599	748	-20.502383
2663	748	12.264243
2846	748	-1.346095
3283	748	-22.098790
3578	748	-2.030359
1515	751	-22.588164
1838	752	-10.413977
4041	752	-1.920871
463	753	4.309316
895	754	4.578521
928	755	10.116619
987	755	-9.154511
4	756	5.052186
886	756	-1.632442
961	756	-0.762487
1191	756	-6.778816
1455	756	3.540454
1909	756	-1.047344
2056	756	-7.871103
2181	756	-1.302300
3374	756	-1.585203
3663	756	4.774116
113	757	16.854447
170	757	-6.985651
214	757	4.934729
264	757	0.550005
412	757	-2.753967
623	757	4.831002
757	757	3.304730
895	757	-9.786012
989	757	-5.704210
1075	757	-14.884119
1080	757	-7.474859
1101	757	-12.422307
1134	757	6.617486
1151	757	-1.729138
1227	757	-2.805177
1261	757	4.287838
1396	757	-9.159587
1429	757	1.692273
1504	757	-18.427334
1594	757	-5.404838
1701	757	-1.650091
1784	757	-13.141790
1821	757	-11.536719
1891	757	5.869386
1955	757	-10.499653
1981	757	4.388434
2010	757	3.493197
2089	757	-4.328069
2226	757	-17.494228
2295	757	1.694156
2468	757	31.456032
2772	757	-16.056493
3044	757	-9.963273
3180	757	12.958571
3259	757	-1.451159
3343	757	-5.415683
3441	757	-13.500081
3485	757	8.204125
3529	757	13.951416
3578	757	-6.001336
3614	757	-6.448100
3795	757	1.403067
3847	757	-13.841072
3866	757	-13.529684
214	760	11.378362
3333	760	10.928628
3692	760	0.547560
615	762	-2.450982
737	762	-0.915444
762	762	0.414075
2213	762	7.508019
2412	762	-9.812299
2465	762	5.871022
2729	762	-10.175355
3201	762	27.927382
3232	762	-5.806839
3519	762	3.791101
3719	762	-12.601124
580	763	-24.068464
2089	763	3.851273
2541	763	7.239621
2618	763	21.874162
764	764	-6.009299
864	764	-12.198058
866	765	-8.871495
2330	765	5.700271
2813	765	-4.101733
3325	765	9.439334
3795	765	11.913309
4021	765	28.506406
1714	766	24.810231
2312	766	5.700128
3955	766	12.274806
34	767	-17.157232
131	767	4.514347
767	767	0.237344
852	767	0.292382
964	767	-2.490591
1101	767	-5.817126
1667	767	2.857028
2028	767	3.549592
2535	767	5.436252
3215	767	2.682747
3709	767	7.337342
3740	767	0.147946
2758	768	3.482209
25	769	6.669687
68	769	15.994431
97	769	-2.902656
288	769	0.580353
549	769	-15.245631
843	769	3.741416
911	769	2.355385
1169	769	1.846459
1396	769	-2.759293
1897	769	-1.391259
2129	769	-11.379312
2250	769	1.018775
2727	769	8.503386
2782	769	-7.259066
2907	769	-12.678239
2962	769	-0.225794
3060	769	-3.915192
3510	769	-5.333659
3820	769	-2.012910
3889	769	2.945004
1710	770	8.347786
2490	770	12.793937
2770	770	0.323665
3540	770	-10.742811
3603	771	-25.200036
439	772	13.064744
1851	772	-0.166108
2254	772	2.231814
2605	772	-17.460808
3304	772	-20.348286
131	773	8.449439
1942	773	6.368893
163	774	-8.001315
211	774	1.278490
424	774	5.482666
521	774	14.242608
1078	774	2.376432
1114	774	-7.942159
1148	774	6.495786
1431	774	-9.305023
1802	774	10.040406
2218	774	-5.076934
3183	774	-3.790014
3275	774	-7.341928
211	776	-12.879514
1101	776	-3.229568
1195	776	7.835945
1453	776	-29.655167
1682	776	2.139921
2332	776	3.554070
2575	776	3.243623
97	777	-13.339155
214	777	-8.777081
348	777	-7.263421
404	777	13.041083
424	777	-2.001532
483	777	-0.130575
550	777	0.102190
623	777	12.851844
677	777	1.321543
737	777	0.995651
777	777	12.855242
1101	777	-15.062141
1374	777	-6.868209
1667	777	-3.017133
1710	777	-20.241096
1812	777	-7.412822
1895	777	-7.393207
2105	777	16.895092
2268	777	0.343313
2463	777	-1.560578
2464	777	-10.066029
2472	777	-5.872717
2619	777	7.020260
2921	777	-6.599740
3080	777	2.683608
3227	777	-2.994009
3273	777	-10.656320
3327	777	0.987629
3519	777	6.047785
3740	777	14.227738
3885	777	-6.914818
3935	777	17.925457
3945	777	13.064090
1092	778	-8.650627
2377	779	-4.202208
3549	779	7.802842
780	780	2.804968
1990	780	5.383249
2747	780	2.728731
2766	780	0.437591
2846	780	-0.711491
3032	780	5.784302
3256	780	-15.477579
3308	780	-8.152783
3370	780	-13.857238
3450	780	-3.991595
3769	780	-4.386315
3782	780	-1.357422
4023	780	12.324343
42	781	11.759980
214	781	-14.515864
572	781	0.752071
757	781	8.953362
976	781	-4.151726
1375	781	4.079558
1428	781	2.755558
1522	781	16.379798
1942	781	-5.248879
3229	781	-14.965538
3310	781	2.147012
3870	781	-1.484082
4016	781	6.190396
3651	782	3.320950
323	783	3.481723
1883	783	-7.213925
3669	787	-9.782136
472	789	2.905371
508	789	5.799897
711	789	0.567573
798	789	-5.825359
1667	789	-12.739562
2575	789	6.195004
1396	791	8.199652
2889	791	-0.702915
480	792	1.423152
1113	792	-5.541805
1126	792	-2.871683
1498	792	14.141292
3689	792	-12.318371
774	796	9.012546
2135	796	8.015564
3019	796	-12.579077
80	798	4.875943
113	798	-12.454564
163	798	2.309659
170	798	3.265036
253	798	6.748806
407	798	-4.347519
456	798	14.937938
615	798	7.902612
663	798	16.532342
737	798	-4.893074
738	798	-17.581680
798	798	-9.748700
843	798	3.167391
845	798	16.948537
976	798	13.471629
1101	798	5.196687
1122	798	-0.516336
1437	798	0.101717
1883	798	-12.186461
1897	798	2.652492
2436	798	0.132647
2459	798	-3.841070
2765	798	-15.867065
2869	798	-29.671474
3041	798	-19.283533
3145	798	-1.319055
3343	798	-16.270995
3405	798	5.525589
3430	798	-7.543716
3486	798	0.811862
3552	798	19.356784
3578	798	11.896005
3738	798	-5.745880
3773	798	-1.168868
3776	798	-2.983057
3945	798	-14.415869
4085	798	-1.128646
993	799	6.320420
1630	800	-15.306247
603	801	23.453457
1036	801	6.177710
134	803	0.275431
625	803	-12.507998
798	803	14.148002
1157	803	1.504859
1367	803	-16.957325
1555	803	-8.766600
1955	803	-10.067593
2419	803	4.166593
2685	803	-13.055980
2816	803	0.720709
3242	803	-11.402858
3530	803	-6.519628
3777	803	-9.948655
3882	803	-1.344371
357	804	-15.247843
1569	804	-6.307755
3782	804	8.422102
778	806	-2.924241
1157	807	3.918248
2341	807	-1.325570
3291	808	-7.071747
1226	811	1.100015
1564	811	-3.617662
2727	811	9.138302
299	813	-7.875716
1734	813	-3.235744
3719	813	4.570885
58	815	-5.172938
456	815	7.503274
818	815	-0.478299
854	815	21.634515
2629	815	12.464294
2826	815	9.897984
3888	815	-11.269109
151	819	-2.687543
1362	820	11.429686
663	822	-3.322576
1414	822	-1.032693
1849	822	7.213671
2232	822	1.783190
2542	822	12.840757
3988	822	0.426463
238	823	20.796666
823	823	10.969339
1169	823	-10.519519
2130	823	-9.147779
2341	823	1.007145
2599	823	-4.118734
2616	823	-0.747095
2846	823	-20.502311
3426	823	-0.132226
3750	823	5.978775
3802	823	-9.143994
3804	823	10.429803
3820	823	-3.392454
852	824	6.742476
939	824	-6.933880
1075	824	13.468627
1226	824	-16.169361
3245	824	0.328794
3802	824	8.315575
3928	824	-6.870611
407	826	7.765593
2408	826	14.298820
1690	828	11.545685
3118	828	-5.569140
3481	828	5.061404
3486	828	-12.101797
3659	828	-4.625774
209	829	2.453521
785	829	4.373052
1213	830	-4.199323
3660	830	-24.234343
3795	830	6.994728
2270	831	-5.179518
2349	831	-12.298790
3182	831	-9.915300
3285	834	-0.319199
3441	834	5.890889
500	835	7.520896
1656	835	-15.027696
1679	835	7.381555
2490	835	1.534852
2523	835	12.233454
2826	835	4.550478
3740	835	-7.760756
4071	835	-4.632818
1767	836	1.025407
1437	837	-2.599953
1533	837	-15.483930
324	838	-16.448468
1226	838	1.283468
1298	838	-11.949393
1614	838	9.911795
1851	838	-2.271362
1955	838	-3.188407
2216	838	0.611495
3006	838	10.950037
1039	839	-0.776133
1710	839	1.088227
1792	839	10.478701
2804	839	-1.642673
3567	839	6.533603
2092	840	-27.531760
243	841	-6.540009
320	841	-6.184274
508	841	3.059829
893	841	15.399270
1976	841	-3.965846
3060	841	-4.567932
3310	841	0.617063
3374	841	0.806559
3622	841	7.342418
3693	841	-3.502099
3740	841	-0.703884
3847	841	-4.125205
4	843	18.345014
151	843	3.543607
209	843	-14.546437
417	843	5.163854
501	843	-7.606617
545	843	4.316121
572	843	-25.700225
616	843	-19.512029
843	843	-4.551039
947	843	-19.670065
1101	843	10.960308
1216	843	2.556115
1349	843	12.922710
1504	843	6.192363
1522	843	-1.858165
1552	843	-5.657615
1591	843	0.942990
1706	843	3.913475
1741	843	-2.374651
1842	843	-0.253557
2178	843	-10.980585
2267	843	-22.498687
2277	843	-2.071040
2341	843	-6.806509
2347	843	26.977592
2380	843	4.372759
2417	843	3.831728
2436	843	-30.896550
2468	843	6.895820
2724	843	-1.276286
3108	843	12.810059
3158	843	1.868794
3175	843	-13.807750
3194	843	-8.271386
3426	843	0.778924
3567	843	8.752516
3587	843	-3.182193
3691	843	1.793043
3719	843	2.750418
3742	843	-6.174883
3748	843	5.975244
3945	843	-7.186926
3344	847	-24.869853
976	848	17.792032
2283	848	-15.725780
3996	848	-4.120218
471	849	-10.203314
1216	849	-8.916334
1246	849	-6.606805
1396	849	13.569781
1679	849	-12.971008
2045	849	7.101243
2062	849	9.161208
2377	849	12.490772
2588	849	-1.864523
3197	849	16.452688
3969	849	5.029223
44	850	15.120609
1955	851	-2.132234
2212	851	1.477123
2221	851	7.412866
2412	851	8.759180
3457	851	13.347759
4021	851	6.579297
15	852	-7.819192
22	852	1.408487
37	852	-4.295833
80	852	2.116312
92	852	-1.500578
137	852	4.826092
151	852	-14.330981
214	852	7.732878
310	852	2.326129
448	852	8.888332
452	852	2.694604
500	852	17.620000
600	852	9.528838
663	852	4.583340
737	852	25.946358
745	852	3.155286
778	852	6.013942
852	852	-19.686150
862	852	-14.990917
895	852	-0.309029
1049	852	18.729944
1101	852	-10.844012
1155	852	-1.896761
1186	852	24.953178
1238	852	4.837437
1280	852	14.789528
1288	852	-3.516332
1328	852	23.572569
1374	852	1.959607
1375	852	-0.447879
1396	852	-0.498626
1414	852	-19.023897
1428	852	13.804738
1504	852	-8.518804
1591	852	0.076203
1791	852	1.736064
1947	852	6.895318
1953	852	-6.420854
2010	852	5.487669
2026	852	-2.307124
2060	852	13.005272
2066	852	-16.056492
2089	852	-6.359994
2109	852	-8.465790
2181	852	-20.562425
2270	852	13.429585
2281	852	-1.441825
2287	852	13.375090
2302	852	-21.385228
2412	852	-3.709048
2490	852	-8.505798
2492	852	9.608075
2574	852	-10.771080
2575	852	8.997566
2586	852	-5.551171
2665	852	14.148513
2827	852	-10.351515
2853	852	-12.492578
2907	852	20.650948
2910	852	-2.473295
2990	852	-6.792820
3146	852	-9.992685
3148	852	-11.104090
3217	852	-10.448557
3229	852	-9.935357
3241	852	15.674189
3333	852	5.020380
3344	852	-22.689321
3441	852	-5.219685
3457	852	9.930183
3529	852	-26.283766
3567	852	1.144342
3578	852	11.502920
3620	852	6.576686
3622	852	9.782501
3684	852	5.356038
3688	852	2.329100
3701	852	-15.808552
3727	852	-6.619738
3795	852	-9.411661
3945	852	-36.798112
3983	852	9.381270
4028	852	0.696185
4083	852	5.876845
97	853	-6.634735
1058	853	4.639540
1646	853	8.510548
2494	853	-5.741406
3179	853	-7.025938
3945	853	-1.378967
73	854	-19.188812
92	854	17.410056
253	854	-3.503618
815	854	-5.872422
1230	854	13.881094
1682	854	0.149304
1714	854	-20.507658
1904	854	19.521743
2062	854	-3.577048
2116	854	-3.760543
2665	854	9.074768
2729	854	-6.775718
2766	854	-10.284025
2794	854	-1.635404
3204	854	0.524611
400	855	-9.666925
2047	855	-2.864386
2066	855	-5.576341
2349	855	-3.257096
2545	855	4.964557
2599	855	-3.157700
3795	855	10.958646
756	856	-7.727888
3241	856	-3.681468
2295	857	-1.142651
3360	857	11.510631
3945	857	-2.005571
384	858	-5.664208
661	858	-5.721545
101	859	11.272335
395	859	-16.687509
2393	859	-0.477309
1396	861	0.074432
1522	861	1.475255
2780	861	-18.580721
115	862	2.397238
289	862	-3.915805
456	862	28.177731
508	862	-5.707715
565	862	6.231184
1089	862	2.723020
1185	862	1.827533
1291	862	-19.467677
1441	862	-2.023786
1741	862	12.296151
1922	862	-2.225486
2023	862	0.091713
2192	862	3.925524
2466	862	-0.329880
2468	862	8.069860
2845	862	2.614906
2846	862	4.252367
2907	862	-3.677477
3092	862	8.965369
3194	862	7.018419
3213	862	-7.232712
3256	862	-7.788872
3343	862	12.535168
3376	862	3.955181
3740	862	24.131026
3889	862	7.843246
3904	862	-4.510835
3945	862	-9.116126
4066	862	10.916385
113	864	-1.039130
148	864	-4.166767
151	864	2.172960
508	864	0.346468
737	864	21.333237
745	864	5.753659
911	864	23.293890
962	864	13.090322
1078	864	13.903332
1101	864	4.797356
1538	864	35.069526
1581	864	-13.067438
1756	864	0.919453
1791	864	-0.858810
1829	864	-6.399432
1898	864	-4.686433
2010	864	24.231244
2270	864	-14.156111
2414	864	6.565806
2541	864	8.612675
2727	864	1.733671
2853	864	3.256201
3075	864	-7.953724
3229	864	-6.884886
3241	864	7.779779
3283	864	14.095128
3510	864	6.354740
3629	864	-2.876762
3713	864	-24.548636
3748	864	-2.394610
3853	864	-2.386873
4041	864	2.608117
1684	865	2.212468
215	866	-3.505508
454	866	10.311401
895	866	10.516811
978	866	0.435408
1126	866	2.467215
1137	866	7.635036
1347	866	-12.720940
1374	866	10.573134
1458	866	-12.750557
1723	866	-4.743441
2021	866	13.796788
2069	866	4.436182
2229	866	7.595398
2883	866	-13.778565
3256	866	13.003577
3922	866	0.878493
3945	866	-11.926268
472	867	11.299343
1101	867	-23.360947
1604	867	-5.217049
1679	867	6.079654
1718	867	-2.993338
2469	867	-1.515712
2776	867	-4.174616
2971	867	-9.065416
3481	867	5.738648
307	868	-2.093482
369	868	8.252005
417	868	10.830005
1092	868	9.829974
1656	868	10.294023
1925	868	9.278194
2066	868	-2.252696
2090	868	2.316448
2214	868	-4.370536
2436	868	-2.211867
2729	868	11.552395
2832	868	-0.114468
3241	868	-8.528267
3481	868	8.779859
4013	868	-7.605749
4073	868	-0.555203
2187	869	-8.859069
97	871	10.162308
231	871	13.819970
456	871	-1.431816
1312	871	-16.000667
2010	871	7.649798
2154	871	9.080678
2240	871	4.939766
2270	871	19.637941
2349	871	13.955540
2412	871	7.250026
2653	871	0.433729
2683	871	-5.537918
2987	871	-4.218112
3103	871	-5.520063
3476	871	6.698629
3776	871	15.109379
691	872	-10.466454
1375	872	17.603204
16	873	9.778457
163	873	10.840637
205	873	-4.486044
557	873	-3.523331
895	873	-13.977057
917	873	18.350186
926	873	-4.055498
962	873	8.805513
970	873	-6.565593
1238	873	7.191495
1444	873	-0.448549
1452	873	-2.612442
1504	873	-3.371584
1577	873	-21.881821
1791	873	-17.363554
1914	873	6.586099
2028	873	-4.273351
2181	873	3.110458
2249	873	-9.046609
2538	873	-2.092032
2733	873	-9.552073
2737	873	-8.194307
2766	873	-6.847814
2896	873	-4.599364
3211	873	-0.940213
3414	873	-11.353001
3436	873	5.764545
3519	873	16.491517
3529	873	-6.410096
3607	873	13.980047
3688	873	4.173053
3882	873	0.638705
3910	873	11.385797
4041	873	6.252695
59	874	8.254738
572	874	-6.920695
972	874	0.716482
1157	874	-11.813728
1216	874	0.141974
1350	874	6.039812
1513	874	21.891300
1574	874	-5.833480
2492	874	19.466453
3178	874	19.923095
3519	874	-4.735327
3847	874	2.784888
193	875	-1.697299
1246	875	5.128588
1328	875	6.817200
1942	875	4.233703
2278	875	-15.744875
2665	875	13.141929
3525	875	-4.031742
3622	875	0.344758
3782	875	2.677755
868	879	1.023958
2169	879	-7.382237
3510	879	15.075467
2843	883	2.320766
3748	883	-0.798047
97	886	18.384086
214	886	7.548000
521	886	-0.123420
664	886	0.947949
843	886	-6.161857
898	886	15.444511
1097	886	-16.233763
1976	886	2.356254
3256	886	-5.637478
3368	886	20.836734
3663	886	1.554490
3770	886	5.381320
3786	886	-4.002636
1088	887	4.234879
95	889	5.261175
1538	889	-4.774213
2170	889	-1.727368
2468	889	1.128888
2604	889	-14.059963
3215	889	-5.617059
3404	889	-21.093050
1110	891	-14.544719
2782	891	-1.484108
3016	891	-0.173159
424	893	-0.566442
572	893	-7.942299
589	893	-1.218684
623	893	-13.362662
736	893	-5.481690
895	893	7.258455
917	893	-6.475596
1071	893	-1.139435
1101	893	4.557492
1144	893	0.957401
1295	893	19.106896
1332	893	12.413456
1377	893	-14.896352
1396	893	5.883497
1399	893	6.821319
1497	893	12.448467
1723	893	-13.053277
1735	893	-5.786923
1780	893	-13.646086
1994	893	-14.559235
2185	893	3.739502
2379	893	1.412147
2464	893	6.523910
2494	893	-13.247597
2665	893	-5.837339
2755	893	-20.701163
2778	893	1.182141
2841	893	-3.658226
2991	893	4.912482
3032	893	-1.049910
3194	893	20.348448
3358	893	10.592941
3449	893	4.072052
3568	893	-7.965223
3688	893	-11.302946
3868	893	1.759184
3922	893	-2.007947
8	894	-0.396357
80	894	2.829073
110	894	13.140163
663	894	-10.998405
1101	894	-7.120385
1401	894	-0.933496
1408	894	-1.476539
2468	894	-11.952352
2546	894	8.833202
2904	894	-20.090287
3098	894	-15.074987
3165	894	-18.102962
3410	894	-5.948564
3622	894	5.137331
3793	894	4.095403
4048	894	-6.329480
14	895	16.758335
30	895	-8.240416
60	895	-2.708071
84	895	27.086352
97	895	-1.408312
113	895	-7.593330
155	895	17.170565
209	895	-6.127248
252	895	18.069674
289	895	-8.467662
369	895	9.064256
407	895	-5.276483
429	895	-0.972802
439	895	-2.265613
456	895	-22.187197
474	895	9.655740
476	895	22.163527
501	895	-3.911781
508	895	7.817846
553	895	-5.117621
557	895	18.137611
572	895	7.483967
589	895	-15.174706
600	895	-5.187250
623	895	-2.683876
628	895	-7.078049
704	895	21.598529
708	895	-1.831673
737	895	18.404427
754	895	-1.437414
764	895	-20.857635
843	895	15.790437
859	895	-1.220119
873	895	0.929100
894	895	-16.847588
895	895	-53.704393
933	895	-17.869152
949	895	7.672752
976	895	-10.720637
977	895	-0.860916
1015	895	-14.133666
1046	895	5.825425
1077	895	3.324162
1085	895	-2.530762
1097	895	-0.398592
1101	895	38.559934
1120	895	-19.277917
1137	895	4.507755
1155	895	2.549205
1160	895	6.043584
1216	895	-10.176355
1347	895	-18.943814
1350	895	17.951577
1362	895	20.644631
1429	895	17.928782
1437	895	-5.585059
1452	895	-3.825845
1485	895	37.824037
1504	895	-1.993018
1524	895	0.500394
1538	895	-12.244048
1581	895	-0.530444
1646	895	-8.734804
1651	895	12.087364
1655	895	1.222275
1656	895	-5.839956
1682	895	5.688160
1706	895	-6.858684
1710	895	1.257826
1715	895	-14.481775
1719	895	4.005450
1738	895	-4.685730
1749	895	-7.495300
1756	895	13.930380
1816	895	5.300682
1842	895	-3.151972
1865	895	9.777329
1883	895	12.412302
1889	895	-2.249359
1925	895	-7.344289
1945	895	19.050669
1947	895	9.118472
1950	895	-7.450012
1952	895	9.681038
1955	895	-4.532944
1979	895	11.849949
1990	895	11.031314
1994	895	-14.077514
2002	895	-4.172430
2010	895	16.443785
2023	895	10.787254
2060	895	-13.176719
2066	895	1.893361
2089	895	7.680854
2129	895	9.782027
2167	895	-9.731845
2181	895	17.582656
2254	895	-5.208668
2302	895	-8.123515
2341	895	-8.106248
2349	895	-2.733488
2409	895	-2.820402
2468	895	-6.045816
2472	895	-5.418397
2490	895	2.701166
2492	895	-20.666198
2494	895	-18.667368
2538	895	8.845479
2541	895	17.223476
2550	895	3.169629
2588	895	1.334248
2639	895	20.931775
2646	895	4.767532
2665	895	9.332931
2724	895	-1.315471
2755	895	-9.127346
2764	895	6.081831
2766	895	-4.816954
2907	895	-8.022773
2981	895	-1.606812
3002	895	4.389550
3006	895	13.187283
3195	895	13.791739
3222	895	1.168636
3229	895	29.149791
3259	895	-17.987014
3310	895	5.231806
3333	895	2.309555
3376	895	7.462855
3423	895	-15.137745
3430	895	-15.772160
3441	895	9.134170
3488	895	-6.310785
3519	895	-17.171728
3522	895	20.238980
3575	895	-2.095862
3578	895	10.942205
3622	895	-10.080735
3688	895	22.688204
3692	895	-11.708784
3701	895	-4.382924
3719	895	6.638940
3734	895	5.836368
3769	895	8.014197
3793	895	1.584914
3795	895	-0.262079
3802	895	3.573399
3811	895	-0.301719
3842	895	-20.379370
3847	895	0.519600
3885	895	17.389203
3890	895	-3.907707
3904	895	-17.219810
3930	895	13.935105
3945	895	12.546498
3983	895	-14.683911
4004	895	1.224257
4011	895	-9.393202
4056	895	-18.801131
4073	895	-13.207315
1791	897	4.875138
2990	897	4.403531
874	898	-5.628808
1950	898	-5.028720
2453	898	-2.744412
3027	898	12.247520
3319	898	2.245530
4073	898	20.018179
97	900	-9.049050
209	900	15.940751
310	900	-13.073345
1635	900	-3.411284
2543	900	13.884058
3825	900	13.239105
3904	900	7.837756
4033	900	2.267076
1710	901	2.438691
3293	901	12.690848
736	903	-15.792600
903	903	-2.466797
1044	903	-0.819644
3081	904	22.509409
895	907	10.064211
1169	907	-12.582107
1312	907	-0.316039
2223	907	-8.125484
2411	907	-13.193351
3686	907	-4.673228
757	908	-0.735085
828	908	-3.398702
3423	908	9.514568
3614	908	11.343471
3965	908	-6.943490
1150	911	-1.051365
1610	911	-6.560635
1816	911	12.537686
2512	911	24.124685
3396	911	-21.030224
3510	911	-4.386246
3770	911	13.811865
14	914	-6.141924
151	914	-7.724765
663	914	5.424317
777	914	0.869719
1396	914	-15.248318
1560	914	9.220399
2429	914	-10.059087
2436	914	-7.078312
2643	914	-1.032807
3256	914	-15.090668
3485	914	3.225919
3823	914	2.335756
3983	914	-11.854779
287	915	-8.065585
835	915	13.149424
1238	915	-17.257256
1328	915	10.393965
2214	915	1.014949
3414	915	-2.638486
84	917	-7.211184
382	917	-9.977218
926	917	6.736523
1077	917	-13.898999
2718	917	-16.315570
3044	917	-2.165753
3158	917	-3.647852
269	918	-5.614049
456	919	-5.665424
1700	921	-3.567505
2066	924	5.026080
2393	924	-7.035543
3529	924	11.344709
3909	924	5.778573
3525	925	5.576480
507	926	-0.530647
700	926	1.793477
1108	926	0.672594
1522	926	6.072311
1842	926	2.076628
1889	926	-11.996144
2010	926	-2.113768
2059	926	-5.530831
2647	926	-8.362036
2724	926	-0.674146
3146	926	0.919774
3629	926	7.381594
3847	926	3.449321
3884	926	10.505288
4083	926	-3.910421
395	927	6.527845
580	927	-7.478969
1349	927	7.767175
1663	927	-1.150621
14	928	-0.130990
284	928	-10.183912
424	928	12.500407
617	928	-1.022761
794	928	15.138472
824	928	-7.094263
835	928	-6.100663
873	928	-9.795052
933	928	4.768039
1216	928	-2.740076
1591	928	4.187624
1763	928	-1.686802
1851	928	-8.669506
2066	928	-7.755566
2071	928	-5.308345
2538	928	7.506949
2755	928	-2.676674
3032	928	-13.889886
3229	928	0.703752
3476	928	2.798265
1144	929	-6.443485
187	932	20.204793
1030	932	-22.025231
14	933	21.294398
25	933	-3.667005
113	933	-0.258565
396	933	14.266839
424	933	-3.577480
506	933	13.547503
862	933	15.766581
871	933	1.170712
886	933	2.885269
933	933	-4.881378
977	933	-14.032040
1159	933	4.122549
1186	933	9.642398
1485	933	-0.247058
1533	933	13.643008
1581	933	-8.019362
1656	933	-5.745972
2010	933	-10.790256
2092	933	-12.357011
2393	933	1.297849
2717	933	0.029163
3066	933	-21.250678
3117	933	-22.957990
3333	933	1.287286
3374	933	3.314960
3485	933	19.158471
3563	933	6.737535
3564	933	-0.224148
3595	933	-8.836557
3735	933	-8.745358
3770	933	-0.891291
1122	934	-9.265698
2520	934	-6.891075
323	935	4.602010
892	935	7.350436
1948	935	-3.550995
1955	935	-10.211417
1976	935	-10.549689
2066	935	-8.372899
2454	935	-2.989755
2766	935	-4.198243
2866	935	-2.679281
3215	935	4.472388
3229	935	-8.842586
3828	935	-5.703993
4037	935	-13.031767
3915	936	-7.440061
696	937	0.835784
737	937	10.152234
996	937	-2.011265
1101	937	4.406742
1147	937	3.757345
1408	937	2.816744
1538	937	0.438512
1865	937	-2.461868
2170	937	2.343713
2183	937	-4.686598
2436	937	6.323759
2505	937	-5.804763
2512	937	19.465348
2715	937	-26.627267
2845	937	-5.692502
3049	937	-8.099035
151	938	3.898805
288	938	11.752368
506	938	3.938612
938	938	6.363251
1922	938	5.889618
2010	938	2.335592
2185	938	-1.017243
2270	938	-7.236702
2412	938	-4.941843
2683	938	3.660274
2709	938	-4.104773
2803	938	-20.946871
2991	938	2.917943
3525	938	0.418435
4021	938	8.389261
1294	939	-6.557139
2066	939	-10.348071
3510	939	-1.452154
3814	939	-11.297468
2181	940	4.373447
2827	940	-13.007803
2910	940	5.221668
14	941	22.741229
111	941	-8.254224
113	941	-5.040174
933	941	-22.623291
1260	941	3.972091
1429	941	10.079021
1756	941	-7.478454
2205	941	-7.328688
2225	941	-12.715998
2692	941	14.821119
2936	941	4.675283
3057	941	8.373875
3172	941	-6.763297
3689	941	-7.561310
4005	941	-17.985218
555	942	4.801358
2327	942	2.016063
2341	942	-2.489943
3885	942	0.254731
2733	945	-5.975223
2753	945	0.605791
3032	945	14.085152
3578	945	-4.961481
1524	947	-13.148869
2659	947	-7.599819
3009	947	4.685090
170	949	-4.715502
399	949	2.114236
407	949	-6.038636
471	949	11.889485
545	949	3.533168
568	949	-8.593899
737	949	43.459211
756	949	15.138000
1101	949	-20.595140
1328	949	18.161070
1363	949	0.287690
1682	949	-2.459972
1809	949	-3.995814
1812	949	5.923524
1976	949	5.476446
2214	949	5.105094
2232	949	5.442073
2490	949	-11.364306
2669	949	11.314092
2727	949	1.520215
2766	949	3.042142
2842	949	1.996352
3343	949	4.140499
3447	949	3.387827
3620	949	-0.602930
3645	949	19.516284
3740	949	3.685303
3842	949	-16.649633
3927	949	16.741550
4	953	-7.476397
1197	953	-0.754591
1375	953	1.901575
2492	953	-0.568650
2787	953	14.394607
957	957	7.441085
1570	957	3.221821
2393	957	-8.552406
2587	957	0.715515
3310	957	5.583200
756	958	3.765295
3614	958	7.396575
129	959	16.185323
541	959	-3.337508
895	959	8.992589
959	959	-24.317727
1856	959	-8.346209
1885	959	-3.958266
2996	959	-14.140162
3175	959	11.065286
3945	959	-4.552186
25	961	2.126488
110	961	10.315053
866	961	2.093059
1261	961	-3.206397
2766	961	-4.864308
3237	961	-19.450786
253	962	-10.524360
1015	962	1.110068
1101	962	7.525724
1646	962	-20.778724
1669	962	14.859417
2523	962	-13.590160
1000	963	4.385444
2665	963	-3.969590
3578	963	-30.608435
3648	963	13.966903
163	964	-13.360695
288	964	14.028240
426	964	-11.673547
744	964	18.812446
976	964	3.442361
977	964	-1.147958
1023	964	0.861231
1126	964	-2.007360
1144	964	5.099110
2278	964	5.460949
2436	964	-14.052859
2794	964	16.635739
2986	964	-3.852347
3915	964	-1.864790
4001	964	-14.249662
4083	964	-4.116576
457	965	1.112148
1384	965	0.014181
1496	965	-0.347806
1755	965	-3.946365
1958	965	-3.331457
2229	965	3.215469
2827	965	3.132766
3830	965	4.409015
2803	968	2.153366
472	970	-11.500052
867	970	-0.754781
894	970	24.000367
1085	970	14.252960
1202	970	-8.701803
1377	970	0.588951
1816	970	4.453047
1971	970	-2.052827
3847	970	9.031378
3942	970	7.315347
3945	970	-6.577928
3359	973	6.908002
19	975	-7.875592
756	975	-5.090024
927	975	18.595193
1533	975	-6.261065
1591	975	-11.329362
2028	975	4.921066
2167	975	-0.516902
2489	975	16.769136
2741	975	-9.481891
2763	975	8.182374
3476	975	3.396551
25	976	5.277776
37	976	-4.198543
80	976	-4.632071
97	976	-9.638666
209	976	-6.081578
211	976	3.486100
357	976	4.140454
369	976	5.853907
384	976	-0.061739
400	976	3.315607
456	976	-6.637918
508	976	-9.903769
521	976	-8.968724
617	976	6.784075
625	976	-6.944307
663	976	-9.130427
699	976	6.827366
707	976	2.483123
782	976	-11.024675
843	976	8.321291
859	976	14.832817
975	976	6.759755
976	976	10.157153
1023	976	-11.225081
1092	976	-6.782681
1101	976	-32.900549
1185	976	-5.126726
1374	976	20.464087
1396	976	-8.459029
1437	976	4.810489
1442	976	-1.829682
1502	976	5.600987
1522	976	-5.296842
1524	976	3.553895
1723	976	3.577567
1726	976	-0.308944
1738	976	-0.675637
1743	976	0.597051
1809	976	-15.088414
1889	976	6.961990
1942	976	-3.541665
1949	976	-22.235795
1955	976	-23.429075
2047	976	-12.078124
2066	976	36.704563
2081	976	-8.429612
2118	976	16.424773
2129	976	0.938743
2179	976	-2.837207
2181	976	-3.035142
2216	976	-12.594384
2278	976	6.240121
2315	976	30.355839
2436	976	-16.103468
2464	976	-3.319119
2492	976	9.901149
2513	976	-2.301490
2542	976	8.011383
2617	976	-7.270352
2665	976	5.987946
2691	976	-5.337986
2702	976	14.241828
2729	976	-18.349661
2764	976	7.183091
2925	976	4.541339
2971	976	-5.673087
3001	976	12.643031
3016	976	-15.102029
3018	976	-5.127857
3158	976	11.600575
3310	976	-10.958777
3364	976	14.265941
3373	976	-3.861507
3430	976	2.538839
3476	976	-11.593350
3622	976	-13.768046
3713	976	3.202452
3734	976	13.349164
3788	976	7.656392
3802	976	10.215078
3904	976	21.013049
3925	976	2.499484
3945	976	-14.394061
14	977	17.020764
18	977	-11.890139
97	977	8.936028
113	977	-2.635364
187	977	-3.458579
214	977	-2.439691
217	977	7.624995
323	977	-7.325337
394	977	-9.234458
456	977	-0.700627
572	977	13.263921
708	977	-19.834574
895	977	-6.220195
977	977	-13.033294
996	977	-20.145544
1099	977	-2.915936
1101	977	-28.924693
1113	977	-1.613383
1159	977	-6.026693
1216	977	5.630940
1226	977	-8.532264
1327	977	-2.746670
1332	977	13.652639
1374	977	-55.151680
1390	977	4.119685
1399	977	3.027714
1401	977	3.518719
1437	977	0.511363
1462	977	3.952663
1485	977	-27.519279
1511	977	20.002802
1522	977	-1.404371
1560	977	-10.679599
1596	977	8.976164
1668	977	2.942384
1759	977	10.648748
1763	977	0.499747
1812	977	-1.861001
1955	977	9.441439
1970	977	-17.095133
1979	977	7.051400
2010	977	2.597400
2028	977	9.038693
2066	977	-3.035841
2129	977	-10.427732
2436	977	-18.976163
2480	977	3.102758
2512	977	10.226753
2523	977	-6.601226
2538	977	15.796649
2541	977	3.322163
2550	977	4.509455
2571	977	10.438583
2639	977	7.155080
2672	977	6.775834
2683	977	-12.639742
3006	977	-1.516371
3061	977	20.717263
3145	977	-4.289459
3229	977	-29.571574
3374	977	4.954381
3551	977	-6.454920
3709	977	-14.862642
3730	977	-7.525958
3740	977	8.229558
3774	977	-6.786886
3847	977	-40.262800
3904	977	-4.345367
3910	977	13.924629
3984	977	-4.982775
4016	977	8.424598
4035	977	-5.391869
186	978	4.040718
299	978	2.724408
390	978	8.280611
780	978	-4.353491
935	978	-1.004508
1101	978	-13.153577
1186	978	-2.374754
1328	978	-5.731868
1741	978	2.360622
1992	978	-5.559319
2026	978	0.865281
2066	978	6.453240
2229	978	-1.021741
2393	978	15.341979
2492	978	-3.031726
2766	978	18.310404
2907	978	10.692006
2911	978	15.732523
3173	978	2.645730
3207	978	10.930643
3229	978	-12.552385
3310	978	1.169457
3571	978	24.304155
3622	978	4.509682
3945	978	20.754031
890	980	-5.670396
1816	980	-11.408059
2060	980	-7.212592
2653	981	-12.559165
73	982	1.342484
1075	982	-12.678856
1226	982	-2.511268
1812	982	3.590411
2133	982	3.284002
2497	982	-5.009868
2936	982	2.697247
2987	982	-11.877770
3044	982	3.848825
3245	982	-15.439162
3561	982	-10.591557
3629	982	4.812709
3693	982	-6.481266
3915	982	2.431118
2508	985	14.230245
131	987	-5.022660
407	987	1.462121
454	987	24.454690
456	987	5.952135
711	987	-5.018220
855	987	-25.637088
994	987	9.385468
1101	987	-3.846403
1290	987	4.292468
1386	987	-11.508358
1524	987	20.535799
2270	987	-18.315900
2485	987	-0.097925
2780	987	5.201066
2836	987	14.393994
3275	987	6.511595
3626	987	17.006828
3701	987	-7.021061
4005	987	16.065168
5	989	-0.199147
39	989	-1.759353
562	989	-12.462855
989	989	7.072406
2059	989	12.539144
2060	989	-12.069075
2221	989	16.665402
2437	989	-13.242594
2665	989	11.702691
3032	989	2.898939
3503	989	-7.279319
3701	989	0.596785
1132	990	-0.662677
1955	990	13.935591
3488	990	17.966390
3959	990	-6.927368
765	992	-4.352047
1310	992	9.652064
1637	992	-1.214876
3039	992	14.985573
3942	992	0.167564
3622	993	8.261542
80	994	-5.148174
211	994	-18.048569
369	994	1.159338
473	994	-18.232560
577	994	-8.257309
698	994	-13.825282
868	994	-1.289423
994	994	3.545957
1332	994	10.836565
1408	994	4.618612
1538	994	-6.687676
2464	994	-3.652850
2634	994	4.654485
3039	994	23.976875
3310	994	7.318554
3614	994	1.808806
129	995	-3.445572
336	995	-21.754991
3207	995	-15.902403
113	996	15.268473
253	996	-13.288035
633	996	-15.313529
728	996	-5.918179
854	996	0.840764
937	996	-27.961941
1039	996	1.277900
1097	996	-13.786071
1125	996	9.404740
1216	996	-1.013547
1325	996	-1.131390
1362	996	12.785392
1485	996	2.206676
2064	996	6.971392
2066	996	1.631616
2226	996	-2.935560
2332	996	0.832585
2464	996	2.707092
2521	996	-7.474029
2555	996	4.183846
2901	996	-13.565574
3044	996	14.116672
3229	996	-0.649034
3261	996	-4.253091
3405	996	-10.523381
3551	996	11.732649
3713	996	-1.174899
3740	996	-7.412370
3851	996	2.466062
3882	996	0.905910
3904	996	-4.716251
4009	996	-13.061950
2647	997	-5.008316
384	998	13.763426
3099	998	-17.948684
3152	998	-3.736956
3575	998	8.564469
3614	998	2.418649
1402	999	-4.228759
2064	1000	14.066237
74	1001	4.486305
92	1001	17.697822
2127	1001	-10.061811
2216	1001	-2.873316
2684	1001	-2.148393
2685	1001	15.979348
2931	1001	14.820596
2971	1001	-3.788106
3795	1001	6.205929
603	1004	7.706376
3880	1004	-0.811446
167	1005	-1.512935
306	1005	14.253708
400	1005	-23.978435
456	1005	-4.564854
623	1005	9.846853
737	1005	-26.831332
871	1005	1.347994
933	1005	1.504792
976	1005	-14.703536
1281	1005	9.593705
1456	1005	-7.783878
2066	1005	-16.656032
2574	1005	18.103742
3333	1005	-6.964899
3441	1005	7.894479
3793	1005	5.587312
290	1006	8.021917
1025	1007	-10.230760
1485	1007	3.391661
1955	1007	15.199280
3945	1007	4.937219
2090	1008	-2.012518
2371	1008	4.756530
852	1010	-4.023533
1140	1010	14.384938
1227	1010	-0.498744
2436	1010	-18.539859
2724	1010	4.193508
3622	1010	-8.816972
4034	1010	13.905149
473	1011	-7.979117
2665	1011	1.763078
2922	1011	8.543210
550	1013	-10.614215
664	1013	14.518002
1031	1013	19.120614
1630	1013	13.396295
2639	1013	14.175152
3044	1013	7.485769
947	1015	5.689654
1015	1015	4.374347
1051	1015	0.317152
1101	1015	-19.080996
1127	1015	2.530170
1195	1015	0.566573
1396	1015	4.385054
1655	1015	-12.481171
1725	1015	0.301878
1854	1015	-2.473241
1891	1015	-1.395124
1976	1015	5.686418
2089	1015	18.358867
2129	1015	-13.053963
2302	1015	-10.778173
2571	1015	-11.493107
2653	1015	16.011934
2665	1015	6.970748
3229	1015	-4.624513
3241	1015	-1.748187
3343	1015	15.191449
3501	1015	-1.026635
3578	1015	-7.237093
3691	1015	5.008571
3701	1015	-11.073087
3847	1015	0.183249
3904	1015	-17.811159
39	1017	10.636968
4055	1017	-5.978376
507	1018	-4.990299
1705	1018	18.904041
3637	1018	-7.279304
46	1019	13.836301
456	1019	0.738276
663	1019	-1.028796
841	1019	15.174772
1071	1019	-26.723746
1127	1019	-32.696369
1216	1019	-4.214639
1806	1019	6.143869
2089	1019	2.626937
2130	1019	5.405078
2278	1019	-23.650202
2840	1019	-9.625067
3685	1019	6.845535
2066	1020	1.718710
2270	1020	8.735174
2337	1020	8.741861
3364	1020	-1.886250
187	1021	-0.689245
471	1021	-4.250757
1726	1021	14.455650
3882	1021	-3.278142
5	1023	13.490257
110	1023	-8.853358
568	1023	-9.440874
572	1023	5.688360
583	1023	13.989984
663	1023	6.782345
838	1023	7.168335
889	1023	17.855205
1078	1023	-0.897219
1179	1023	16.780827
1362	1023	5.831650
1468	1023	-12.850223
1538	1023	12.536160
1560	1023	-16.699487
1809	1023	-11.162088
1889	1023	-18.158317
1955	1023	-7.266643
2066	1023	-0.825805
2436	1023	12.880180
2532	1023	10.045357
2604	1023	5.145814
2665	1023	-0.614263
2766	1023	-27.325268
2816	1023	5.200121
2943	1023	-8.722989
3158	1023	-15.544631
3325	1023	-6.392521
3534	1023	-19.102386
3542	1023	6.622365
3904	1023	7.249856
3930	1023	12.780798
4025	1023	12.863725
491	1025	-28.147993
521	1025	-2.522392
548	1025	19.363399
752	1025	1.232439
789	1025	-11.949228
1025	1025	2.203798
1291	1025	-3.160815
1882	1025	-19.273616
2816	1025	9.968241
2922	1025	10.976014
2943	1025	0.546728
3512	1025	6.375947
3769	1025	-0.154297
3847	1025	3.166461
3977	1025	3.195791
4016	1025	3.473619
3889	1028	-3.715834
2727	1029	8.425064
830	1030	14.789171
2129	1030	11.127567
3363	1030	0.861750
68	1033	11.045585
407	1033	-0.069496
494	1033	4.382674
545	1033	6.547899
1033	1033	-2.685355
1099	1033	-0.914107
1328	1033	-2.099824
1737	1033	1.366726
2214	1033	-17.512624
2265	1033	-5.527398
2288	1033	-4.080381
2753	1033	11.497186
3084	1033	0.128406
3534	1033	-12.923957
3684	1033	11.812735
3740	1033	-2.230125
3866	1033	-0.791272
3063	1034	23.156220
3889	1034	-4.855777
424	1036	-13.308407
1080	1036	-1.159935
1485	1037	13.152407
1955	1038	1.966469
2604	1038	-4.046083
2689	1038	10.850524
37	1039	-7.471119
97	1039	-1.419634
113	1039	-1.796109
150	1039	-2.189698
187	1039	9.034929
456	1039	0.421902
572	1039	-0.470653
947	1039	-14.102254
1101	1039	7.621308
1485	1039	6.112336
1727	1039	-0.556502
1733	1039	5.753082
1802	1039	1.785342
1885	1039	-19.129251
1944	1039	2.988540
2141	1039	10.034696
2347	1039	-1.955684
2371	1039	12.768801
2400	1039	11.857180
2545	1039	-8.218139
2599	1039	-10.559029
2619	1039	4.215572
2721	1039	-13.430875
2754	1039	12.324829
2836	1039	-14.695748
2845	1039	21.680490
3016	1039	13.547010
3069	1039	13.994533
3719	1039	4.333643
3734	1039	19.847688
3795	1039	-2.517347
3882	1039	-5.031068
3904	1039	-10.994773
3945	1039	1.362098
4000	1039	0.326834
4	1040	7.005789
500	1040	-0.156082
1160	1040	1.396298
2643	1040	-11.331645
2496	1041	0.307378
444	1042	-13.528215
586	1043	-11.387691
1043	1043	3.615030
1093	1043	6.511113
3529	1043	7.841192
1101	1045	3.497929
5	1046	1.043577
14	1046	5.752588
732	1046	4.368558
1192	1046	12.884673
1273	1046	3.148844
1791	1046	-13.570268
2441	1046	7.581926
2468	1046	1.352122
2083	1047	-1.796166
3004	1047	4.871413
3776	1049	10.666198
2459	1050	-13.865862
2665	1050	-19.592269
2772	1050	-6.283047
3423	1050	-8.413960
148	1051	-23.425525
221	1051	-8.873498
364	1051	4.142068
508	1051	12.180644
746	1051	-11.408666
852	1051	-8.896904
873	1051	-6.528928
933	1051	13.503073
1051	1051	5.754123
1945	1051	-20.719244
2156	1051	-3.308064
2216	1051	10.470302
2232	1051	21.150067
2332	1051	21.121602
2468	1051	15.207831
2690	1051	-5.911234
2703	1051	33.932846
2869	1051	-4.767447
2911	1051	-4.576931
2922	1051	-5.821445
3240	1051	24.464351
3274	1051	-2.039052
3726	1051	-4.438675
3733	1051	-1.345590
2836	1052	5.762806
3854	1052	14.473963
708	1053	14.394761
1898	1053	-12.542862
3129	1053	-4.663521
3194	1053	-6.664257
3712	1053	5.719190
1723	1055	4.533078
3044	1057	-0.434673
3920	1057	11.947938
1538	1058	0.087390
1922	1058	4.697191
2181	1058	-17.936527
2493	1062	12.315025
610	1064	-9.252755
1425	1064	6.216641
2542	1064	-6.236316
1395	1068	-9.322807
3356	1068	11.741024
209	1069	-11.591313
1704	1069	10.053428
430	1070	-7.436316
742	1070	-10.278761
838	1070	0.972968
1776	1070	31.091315
2971	1070	24.426891
148	1071	-1.136862
523	1071	-0.680560
589	1071	-8.626175
1071	1071	4.965091
1122	1071	-3.002379
1452	1071	1.938831
1703	1071	14.956699
1767	1071	22.911827
2538	1071	7.081672
2775	1071	-1.442265
2965	1071	-5.033404
3108	1071	8.703976
3882	1071	-13.744787
4027	1071	13.164255
977	1072	7.509131
3730	1072	-10.231082
4028	1072	-9.377059
214	1074	-9.320385
2535	1074	-18.052752
3978	1074	6.540374
113	1075	-10.383740
247	1075	-0.955427
444	1075	-3.699422
450	1075	-8.264534
623	1075	5.377963
757	1075	-7.082485
928	1075	-5.530440
1146	1075	8.783826
1147	1075	-4.277870
1179	1075	0.585875
1431	1075	4.348741
1485	1075	-6.118400
1538	1075	0.807223
1555	1075	-4.552433
1763	1075	0.741797
1854	1075	-4.743672
1897	1075	15.411936
1955	1075	-22.784383
2028	1075	-17.995710
2066	1075	-23.279420
2212	1075	11.857870
2278	1075	-20.920942
2523	1075	20.239875
2586	1075	7.868857
2665	1075	4.050821
2729	1075	-4.002497
2738	1075	-26.349808
2782	1075	1.228466
3060	1075	-1.758218
3256	1075	-1.657739
3310	1075	-7.430235
3389	1075	-9.314476
3400	1075	6.592239
3511	1075	-17.384615
3689	1075	7.094154
3847	1075	-5.156325
841	1076	0.909794
4	1077	-8.414324
37	1077	-0.644597
97	1077	2.525501
214	1077	-10.387621
228	1077	-20.443135
278	1077	-6.422133
284	1077	-15.765335
407	1077	13.338194
456	1077	-18.570627
472	1077	9.452283
737	1077	-21.055263
798	1077	10.805149
908	1077	-4.054756
928	1077	1.796640
1088	1077	3.693522
1092	1077	-8.154106
1428	1077	-6.987787
1468	1077	8.213225
1759	1077	-12.889082
1819	1077	-7.056701
2051	1077	0.720702
2060	1077	6.006844
2062	1077	5.723908
2110	1077	18.548907
2214	1077	-2.252309
2665	1077	-10.191792
2724	1077	-1.453174
2826	1077	1.160974
2966	1077	3.390435
3208	1077	-4.964348
3220	1077	12.268846
3256	1077	-2.136188
3283	1077	-3.626157
3309	1077	-18.801316
3327	1077	-5.088610
3527	1077	3.867803
3769	1077	-14.669027
3798	1077	27.635582
3853	1077	-7.080664
4085	1077	15.092665
171	1078	-8.656298
439	1078	8.461372
456	1078	9.639844
550	1078	-1.828100
615	1078	-31.001400
868	1078	14.205805
895	1078	-3.703067
964	1078	-18.870963
977	1078	1.423208
1078	1078	14.579216
1101	1078	-8.756073
1213	1078	-11.743749
1377	1078	-37.161798
1485	1078	-4.861035
1656	1078	-0.716404
1723	1078	3.566131
1727	1078	-0.792666
1756	1078	-20.358422
1777	1078	9.636498
1842	1078	8.191052
1942	1078	12.403412
2108	1078	10.500165
2265	1078	-7.149083
2341	1078	-14.682024
2412	1078	-17.387813
2472	1078	-1.799224
2482	1078	-18.026315
2983	1078	10.338559
3044	1078	-5.221808
3061	1078	10.016506
3173	1078	5.854857
3565	1078	-6.074192
3719	1078	-2.750726
3945	1078	-5.245955
4041	1078	1.801871
430	1079	-11.609832
541	1079	-3.481727
572	1079	-8.238842
589	1079	-5.210075
677	1079	-5.949446
1155	1079	13.897888
1396	1079	0.138636
2223	1079	8.422828
2607	1079	-7.436228
2763	1079	7.537936
3256	1079	1.771298
3510	1079	-10.653459
3559	1079	-7.516756
444	1080	-8.533373
1132	1080	-8.101343
1362	1080	0.869620
1794	1080	2.888070
1898	1080	-2.575816
2845	1080	9.056017
3189	1080	13.066601
3519	1080	-11.111311
3769	1080	-10.017027
3985	1080	10.726863
1216	1082	9.115223
3575	1082	-5.324443
73	1085	2.241772
113	1085	1.101116
630	1085	9.226627
664	1085	-6.682969
743	1085	15.123515
1023	1085	-4.169949
1058	1085	-2.861801
1078	1085	-19.109305
1101	1085	27.249645
1146	1085	25.149275
1310	1085	11.336583
1339	1085	13.215639
1350	1085	8.000795
1468	1085	-3.756937
1630	1085	-15.185541
1655	1085	-7.225021
1706	1085	-21.114796
1804	1085	-2.392950
1922	1085	-15.342304
1979	1085	-1.058776
2014	1085	-3.660464
2023	1085	-20.911273
2229	1085	5.478644
2364	1085	-12.770791
2379	1085	4.974866
2393	1085	-8.402166
2472	1085	10.500679
2485	1085	1.160564
2570	1085	3.083840
2987	1085	8.304321
2990	1085	5.504893
3684	1085	7.466110
3777	1085	13.666370
3847	1085	2.722985
3945	1085	3.942756
4041	1085	16.060979
4071	1085	-11.695583
3596	1086	3.414112
58	1087	6.584472
572	1087	-12.804669
765	1087	13.498666
895	1087	5.628169
1101	1087	1.706016
1437	1087	2.995253
1891	1087	0.243133
1976	1087	-4.387967
1979	1087	-19.918869
2192	1087	-1.253154
2419	1087	11.398598
2494	1087	23.696020
2685	1087	4.158829
2798	1087	6.542622
3240	1087	-3.177177
3605	1087	-6.201477
3622	1087	-1.774561
323	1088	4.693421
403	1088	-6.529142
977	1088	5.443085
2028	1088	-3.160300
2054	1088	3.136997
2929	1088	-4.021124
3274	1088	6.658412
3847	1088	9.921062
3925	1088	-7.026428
4041	1088	-2.906980
73	1089	-8.124469
97	1089	-0.359568
407	1089	-3.186412
501	1089	19.062743
646	1089	20.200786
663	1089	-5.206611
748	1089	-8.398373
961	1089	-3.451147
1087	1089	0.625436
1089	1089	15.995310
1261	1089	12.070496
1375	1089	2.881208
1396	1089	2.483329
1401	1089	5.363999
1522	1089	-2.666483
1536	1089	5.289737
1591	1089	3.662624
1594	1089	18.345792
1624	1089	-15.032213
1646	1089	-9.823785
1661	1089	-0.843769
1669	1089	5.078625
1809	1089	-10.341164
1949	1089	-13.886003
2232	1089	8.595730
2270	1089	-10.353588
2621	1089	-0.512290
2688	1089	1.188435
2724	1089	2.288302
2729	1089	-9.696563
3044	1089	11.719474
3158	1089	14.426484
3447	1089	-15.404166
3733	1089	-9.860568
3816	1089	11.230411
4005	1089	3.200723
4073	1089	12.719412
1555	1090	22.747981
80	1092	-2.343019
214	1092	21.550526
407	1092	-9.138202
464	1092	-9.585514
545	1092	-2.047616
855	1092	-1.173771
976	1092	-3.195915
1023	1092	2.731085
1046	1092	9.551312
1088	1092	-16.462401
1101	1092	-14.411308
1299	1092	13.710926
1374	1092	-7.441875
1435	1092	1.364057
1626	1092	-18.211895
1950	1092	-5.773370
1965	1092	2.991098
2060	1092	17.454485
2208	1092	13.126204
2216	1092	2.953512
2265	1092	0.834979
2385	1092	7.661915
2397	1092	-8.256027
2441	1092	-0.850034
2604	1092	16.525423
2629	1092	3.387655
2661	1092	3.641514
2665	1092	-2.346685
2729	1092	29.199442
2755	1092	6.778800
2940	1092	-4.167476
3145	1092	-7.962887
3158	1092	-6.624187
3213	1092	10.322540
3352	1092	1.866502
3441	1092	9.825430
3614	1092	-4.144918
3904	1092	-2.373000
4004	1092	4.889992
1396	1093	-2.903606
37	1096	-13.256301
3627	1096	9.709311
68	1097	2.670649
132	1097	7.493009
477	1097	-14.031283
516	1097	-3.799341
550	1097	4.712863
698	1097	-7.561871
868	1097	2.982798
1159	1097	8.318355
1655	1097	14.432549
1667	1097	16.987798
1829	1097	8.834904
1841	1097	-14.562603
1854	1097	9.420424
1996	1097	-12.583497
2060	1097	16.583106
2066	1097	-23.252111
2393	1097	2.514505
2571	1097	8.036221
2729	1097	-8.308700
3079	1097	-7.330044
3108	1097	10.856165
3158	1097	-2.202411
3256	1097	-19.563830
3342	1097	-3.221015
3441	1097	-9.521929
3519	1097	-7.344334
3734	1097	-5.522401
3889	1097	-4.844862
3922	1097	-4.555543
3945	1097	6.184165
3965	1097	-7.198560
4032	1097	6.078804
170	1099	12.758462
736	1099	-22.471919
1092	1099	-5.778804
1099	1099	-11.883460
1870	1099	13.865079
1953	1099	-3.560193
2270	1099	-15.124212
2393	1099	-7.009410
2649	1099	-4.005291
2846	1099	-9.337923
2986	1099	-6.265486
3689	1099	14.174520
3965	1099	6.859860
4083	1099	-9.794979
113	1100	-4.729286
382	1100	-0.210368
1673	1100	2.285288
2538	1100	0.763289
2729	1100	-1.005857
2932	1100	25.691632
4089	1100	9.120871
4	1101	-0.278341
14	1101	17.998928
18	1101	18.132950
25	1101	-3.012607
37	1101	9.967322
41	1101	5.387930
42	1101	-8.517444
51	1101	9.310503
73	1101	20.051996
80	1101	-12.119570
97	1101	8.561984
113	1101	-61.586264
122	1101	-21.344056
151	1101	4.014948
155	1101	-1.301969
163	1101	6.634047
187	1101	-41.210784
209	1101	7.023779
212	1101	-7.529404
213	1101	1.460260
214	1101	5.658243
228	1101	-2.938078
238	1101	6.169094
253	1101	-17.272590
264	1101	-11.380053
285	1101	7.421470
289	1101	9.427989
320	1101	-2.897370
323	1101	-2.056471
382	1101	1.520600
384	1101	9.042412
390	1101	10.988896
407	1101	30.025247
412	1101	-8.476509
419	1101	18.418853
439	1101	59.799677
450	1101	7.550604
456	1101	-60.014223
462	1101	0.042619
471	1101	1.422808
477	1101	-9.545466
510	1101	21.052634
521	1101	3.432497
540	1101	-5.389745
545	1101	5.235967
550	1101	-34.086325
589	1101	-4.906984
615	1101	10.284893
623	1101	28.739151
625	1101	-9.225795
658	1101	-16.264730
664	1101	3.673685
737	1101	38.369589
743	1101	1.640264
745	1101	0.614885
757	1101	8.266551
769	1101	6.459232
781	1101	6.873800
798	1101	-0.856509
815	1101	-9.425233
819	1101	10.104599
843	1101	24.829028
852	1101	16.052499
857	1101	-1.639781
862	1101	4.624141
864	1101	-18.703028
874	1101	27.462368
893	1101	-3.403721
895	1101	38.547510
933	1101	-4.050716
935	1101	0.009485
938	1101	1.636414
949	1101	5.605482
957	1101	-3.841782
965	1101	-1.108865
976	1101	-40.182872
977	1101	21.670648
978	1101	4.621525
987	1101	-15.809368
996	1101	-4.659398
1015	1101	14.768678
1019	1101	-15.568965
1039	1101	-1.782291
1046	1101	6.796204
1071	1101	-17.548974
1077	1101	-20.639916
1079	1101	-28.066762
1089	1101	-16.146068
1092	1101	-2.798154
1097	1101	-1.532762
1101	1101	-62.401370
1104	1101	-6.408544
1125	1101	-6.996658
1132	1101	12.533172
1155	1101	1.407650
1179	1101	-1.255147
1209	1101	12.929064
1213	1101	28.144816
1216	1101	-20.842614
1238	1101	-3.755805
1242	1101	11.839098
1288	1101	0.447759
1310	1101	-13.111449
1328	1101	-2.268575
1332	1101	-1.238711
1362	1101	6.970743
1374	1101	1.872704
1375	1101	13.261263
1377	1101	0.962379
1386	1101	0.510867
1396	1101	-23.773727
1408	1101	-13.657105
1435	1101	-3.873732
1442	1101	8.944617
1468	1101	11.300246
1485	1101	67.574344
1504	1101	-7.862493
1522	1101	-36.089953
1524	1101	11.404510
1533	1101	5.923206
1537	1101	-7.186996
1538	1101	-50.212330
1554	1101	5.794793
1555	1101	-11.368236
1560	1101	12.931766
1594	1101	11.156299
1608	1101	6.622609
1614	1101	-9.958539
1637	1101	12.555280
1646	1101	7.388875
1651	1101	16.233426
1655	1101	15.423832
1656	1101	-14.795284
1667	1101	8.712638
1679	1101	-48.996778
1682	1101	33.446678
1714	1101	-3.645928
1715	1101	10.361844
1719	1101	-13.924812
1726	1101	-0.197001
1727	1101	9.247061
1738	1101	8.669558
1747	1101	-2.726845
1756	1101	-0.380293
1767	1101	-0.875905
1791	1101	-6.114346
1806	1101	-6.731383
1816	1101	12.799079
1829	1101	-1.154455
1854	1101	6.510379
1865	1101	7.587870
1897	1101	-6.882558
1898	1101	20.467534
1945	1101	16.061651
1948	1101	12.059066
1955	1101	-44.365134
1958	1101	-4.997617
1964	1101	-7.624441
1970	1101	-9.302450
1976	1101	3.318672
2010	1101	-15.216232
2020	1101	0.221130
2054	1101	-13.068890
2060	1101	2.124872
2062	1101	26.406698
2066	1101	-34.524549
2125	1101	12.422896
2129	1101	41.265887
2170	1101	7.620692
2178	1101	3.303375
2181	1101	14.327667
2187	1101	18.117679
2212	1101	26.892682
2214	1101	19.438466
2216	1101	-2.737339
2221	1101	1.997986
2226	1101	12.663071
2229	1101	-4.005978
2270	1101	9.011593
2272	1101	8.845712
2295	1101	-3.298055
2302	1101	6.230981
2332	1101	10.007026
2341	1101	9.512466
2370	1101	-1.609083
2391	1101	11.421063
2393	1101	4.509018
2401	1101	4.756009
2412	1101	26.466831
2425	1101	-5.909996
2436	1101	-26.886830
2465	1101	-13.024278
2468	1101	12.929094
2472	1101	-7.719687
2490	1101	12.141860
2492	1101	-5.263681
2494	1101	-16.411307
2505	1101	-0.288072
2512	1101	13.992516
2538	1101	27.507137
2541	1101	-10.930076
2550	1101	-11.590577
2551	1101	-11.561153
2561	1101	-9.183812
2571	1101	5.103032
2586	1101	-1.470801
2599	1101	1.801952
2605	1101	4.874535
2617	1101	-6.909290
2619	1101	5.144907
2653	1101	-16.822768
2665	1101	-0.174406
2683	1101	-22.732726
2685	1101	11.692734
2691	1101	-0.142689
2724	1101	10.778076
2755	1101	13.943305
2766	1101	-17.109237
2768	1101	-1.440804
2772	1101	-6.367089
2782	1101	9.735958
2798	1101	-4.975382
2803	1101	16.865227
2825	1101	14.791105
2826	1101	-10.783475
2827	1101	-4.731678
2845	1101	-16.868253
2846	1101	-5.585348
2857	1101	16.926420
2907	1101	-3.394070
2913	1101	-1.252423
2916	1101	2.925306
2922	1101	-12.519712
2925	1101	1.564535
2943	1101	21.337064
2957	1101	2.023193
2984	1101	-5.862660
2987	1101	-5.250805
2990	1101	-3.743268
3006	1101	0.476429
3015	1101	-10.430866
3018	1101	4.348968
3019	1101	4.801984
3032	1101	3.987963
3033	1101	16.816040
3039	1101	-10.817707
3044	1101	-0.491492
3060	1101	3.015020
3067	1101	0.935401
3103	1101	-10.650878
3129	1101	1.038510
3143	1101	-15.513686
3144	1101	26.229208
3145	1101	-18.955927
3158	1101	-16.610814
3227	1101	11.854841
3229	1101	-82.785852
3237	1101	-4.323569
3256	1101	-3.341214
3259	1101	12.504813
3274	1101	7.550179
3275	1101	-9.029130
3313	1101	3.099872
3325	1101	12.625134
3333	1101	11.467648
3349	1101	-4.558882
3352	1101	0.846446
3366	1101	2.837791
3380	1101	5.965072
3399	1101	12.138374
3430	1101	10.305883
3441	1101	-38.307263
3447	1101	6.935788
3465	1101	-20.723306
3476	1101	18.618256
3485	1101	-5.597225
3494	1101	3.587272
3532	1101	13.198429
3578	1101	-8.112634
3605	1101	16.376096
3614	1101	10.050692
3622	1101	11.713720
3629	1101	-7.119412
3651	1101	-16.621203
3686	1101	-12.923185
3688	1101	-3.390968
3689	1101	-4.757290
3713	1101	-3.798379
3727	1101	-10.924460
3733	1101	16.408380
3734	1101	7.594543
3740	1101	-1.801588
3748	1101	10.378342
3769	1101	-0.791820
3776	1101	-24.537437
3788	1101	-4.626255
3793	1101	-0.320826
3795	1101	-21.112452
3802	1101	7.900772
3804	1101	0.069389
3816	1101	0.042471
3826	1101	-0.440304
3842	1101	-6.969571
3847	1101	-14.482179
3866	1101	5.009117
3879	1101	-6.581260
3885	1101	2.024249
3889	1101	-16.060362
3904	1101	-3.710342
3922	1101	-15.177170
3930	1101	2.932378
3935	1101	-13.783005
3945	1101	27.343909
3965	1101	-15.915388
3973	1101	-13.447204
4005	1101	-2.698969
4068	1101	6.178526
4071	1101	32.123671
4083	1101	-25.215427
4086	1101	0.125290
109	1104	-0.497617
2723	1104	-3.162383
2981	1104	-2.590375
3146	1104	4.888387
297	1105	-9.150405
1618	1107	17.356763
170	1108	-3.781418
238	1108	-3.867384
492	1108	5.252499
798	1108	4.265233
996	1108	-0.759405
1216	1108	0.766799
1325	1108	-4.189762
1456	1108	1.350365
1522	1108	4.796880
1533	1108	-11.785760
1682	1108	-9.509889
1756	1108	1.262160
2665	1108	8.788673
3403	1108	-10.167248
3738	1108	5.662067
3904	1108	29.450532
4034	1108	17.731913
187	1110	-14.650238
3802	1110	1.411400
3970	1110	6.856329
859	1113	-7.126854
1213	1113	-6.822573
1358	1113	2.383364
1555	1113	-16.033591
1679	1113	-20.055331
1955	1113	-3.243315
2109	1113	-3.639701
2181	1113	-5.050808
2480	1113	12.868291
2764	1113	6.863107
3194	1113	2.807913
3565	1113	3.900174
3688	1113	-22.095822
3696	1113	-9.487225
3853	1113	2.978417
3955	1113	-10.449412
1148	1114	8.573984
1726	1114	-1.962029
2027	1114	9.314485
2167	1114	3.359708
2265	1114	12.597965
2408	1114	-5.878885
3483	1114	15.663876
3899	1114	-0.262467
2169	1115	-18.196333
2604	1115	-5.825418
2667	1115	-3.392249
2846	1115	-5.075165
2984	1116	-4.548966
3414	1116	-10.938155
18	1117	-14.511392
200	1117	-5.636529
1377	1117	-4.469965
2010	1117	4.708661
2022	1117	12.666545
2221	1117	-8.807741
2341	1117	7.628142
2541	1117	8.420899
2827	1117	-7.526932
3185	1117	1.030300
3770	1117	-0.008170
3802	1117	-10.797869
42	1120	-8.640700
328	1120	4.605348
548	1120	13.437026
664	1120	18.427616
894	1120	0.292749
895	1120	32.624473
1375	1120	-5.738794
1427	1120	-13.588224
1710	1120	-5.740202
1719	1120	-13.371649
1883	1120	11.279051
2010	1120	9.232071
2872	1120	-0.246567
3579	1120	1.504020
3631	1120	15.177789
4021	1120	13.582575
273	1122	-3.527333
852	1122	7.367224
1101	1122	11.654206
1931	1122	-8.419712
2232	1122	-5.944096
2436	1122	9.147317
3510	1122	1.655584
3950	1122	8.108039
4028	1122	6.584126
937	1124	-12.129064
1101	1124	-3.886456
1328	1124	-9.790882
3430	1124	-0.751284
3578	1124	17.785845
3871	1124	-4.860852
4001	1124	7.715951
4	1125	0.512585
238	1125	9.490388
449	1125	-20.624053
493	1125	2.584446
937	1125	5.239514
1374	1125	1.027940
1947	1125	-6.105180
2571	1125	2.830011
3746	1125	-0.148339
3795	1125	7.552517
4021	1125	5.885790
352	1126	-5.458885
586	1126	12.367043
697	1126	-10.035855
1185	1126	7.679100
1738	1126	-7.633782
2014	1126	-19.678666
2181	1126	4.462074
2409	1126	-1.806466
2978	1126	19.179549
3802	1126	1.117658
4059	1126	-1.802679
83	1127	3.187433
252	1127	-6.058072
540	1127	7.409141
1085	1127	4.287069
2653	1127	0.957599
2663	1127	9.767636
3145	1127	-3.541344
3332	1127	-4.739148
3411	1127	-3.821097
3882	1127	-16.374414
879	1128	1.496262
886	1128	9.531977
3820	1128	-4.128577
1039	1129	-27.063071
1787	1129	-11.216773
2072	1129	-4.257079
2167	1129	-12.341576
3180	1129	-16.941362
113	1131	13.020947
767	1131	6.379813
895	1131	-9.373468
1139	1131	11.810770
1225	1131	-1.471006
1575	1131	-10.009795
1726	1131	2.448098
2617	1131	24.603321
2765	1131	10.412016
2962	1131	-1.744295
3430	1131	5.987772
3793	1131	11.605042
3804	1131	4.518740
14	1132	8.620242
710	1132	-16.896925
1723	1132	-22.732757
1791	1132	4.489791
1851	1132	3.589100
1929	1132	6.910539
2212	1132	0.393267
2220	1132	-2.475203
3032	1132	-0.095530
3605	1132	7.036541
3663	1132	8.519341
3793	1132	-17.708807
2921	1133	-0.066567
3811	1133	13.707245
3670	1134	-2.869485
996	1136	-3.441655
1147	1136	1.007280
3519	1136	0.161987
3838	1136	1.483368
1023	1137	27.422650
1442	1137	3.072532
1705	1137	9.632889
2075	1137	-9.124694
2216	1137	26.480700
2288	1137	18.589565
2349	1137	-3.640838
3983	1137	-2.566906
2721	1138	12.144261
512	1139	14.814190
895	1139	-13.788533
1927	1139	-10.278330
2605	1139	-9.893369
3143	1139	4.413136
3747	1139	16.073918
596	1142	2.163228
471	1143	2.589804
633	1143	-13.329351
1075	1143	3.834579
1865	1143	-3.937598
3229	1143	-0.689053
231	1144	-5.302686
737	1144	3.452084
1847	1144	-21.775679
1851	1144	-11.493432
1948	1144	6.833892
2574	1144	-3.347828
2932	1144	-4.813207
2981	1144	4.292062
3182	1144	16.235621
3241	1144	13.070815
3629	1144	-0.228086
976	1145	-4.563732
2553	1145	-5.380997
170	1146	-6.094699
323	1146	-27.230634
737	1146	1.713462
1085	1146	-0.819221
1110	1146	7.967231
1294	1146	-13.623746
1362	1146	12.942886
1787	1146	3.547288
3333	1146	-13.849185
3802	1146	10.217650
3904	1146	5.190967
3922	1146	-3.450633
3945	1146	10.520354
253	1147	24.804090
521	1147	11.605331
1045	1147	3.956249
1485	1147	-0.635650
1867	1147	1.701461
2122	1147	6.834807
2135	1147	-7.940416
2468	1147	20.825498
2794	1147	5.610481
3006	1147	-7.758257
3514	1147	5.188295
3709	1147	7.487009
214	1148	7.121082
524	1148	-9.716445
615	1148	7.680514
646	1148	-2.430215
745	1148	9.056481
776	1148	-1.128447
1581	1148	10.255079
1699	1148	-15.707146
2214	1148	-2.503987
2291	1148	12.884453
2465	1148	-5.292170
2618	1148	6.262673
3352	1148	-3.441113
3522	1148	13.893839
3622	1148	-3.326843
3746	1148	15.096303
3830	1148	11.384714
3885	1148	4.689051
464	1150	7.853318
2690	1150	-3.885324
1761	1151	-6.237932
163	1153	-4.848486
390	1153	-9.872349
1496	1153	4.868574
2472	1153	11.531720
3084	1153	-5.025399
3408	1153	-11.435703
3445	1153	7.233513
3904	1153	1.076999
113	1155	0.723989
456	1155	13.914240
568	1155	2.521563
572	1155	7.331808
737	1155	2.736889
792	1155	16.168949
1000	1155	-5.515105
1101	1155	11.875394
1377	1155	17.398925
1396	1155	-11.285989
1526	1155	2.223119
1741	1155	9.954312
1816	1155	-20.869794
1917	1155	-0.000623
1947	1155	-5.052135
1955	1155	6.457794
2181	1155	-5.485486
2221	1155	0.694823
2438	1155	-2.292418
2471	1155	14.321711
2593	1155	-7.832907
2665	1155	7.847287
2685	1155	-7.084693
2753	1155	11.765597
2827	1155	1.765480
2845	1155	9.818749
3032	1155	-24.518041
3080	1155	3.607897
3189	1155	-0.671768
3348	1155	-6.834705
3441	1155	21.785212
3567	1155	9.656621
3678	1155	1.095374
3709	1155	10.897623
3843	1155	-3.074419
3865	1155	1.425153
3882	1155	-7.756138
4059	1155	4.363192
737	1156	-9.835406
3183	1156	-4.883043
4	1157	7.904745
97	1157	-10.179518
240	1157	2.176610
456	1157	20.024417
615	1157	-25.483523
619	1157	10.317331
730	1157	11.107820
893	1157	-6.963296
1157	1157	-1.985101
1357	1157	0.702362
1533	1157	0.947132
1969	1157	2.767625
1970	1157	-6.156517
2066	1157	3.291904
2217	1157	-8.502672
2460	1157	7.425924
2766	1157	-6.269096
2226	1158	-1.929256
14	1159	-15.713596
51	1159	10.446820
122	1159	5.270526
682	1159	7.089207
1101	1159	-0.219638
1668	1159	-9.172824
1955	1159	-13.841786
2060	1159	10.213186
2885	1159	3.948984
4024	1159	16.416678
4	1160	1.225140
15	1160	-4.185437
113	1160	6.686280
186	1160	17.738350
209	1160	-9.297732
394	1160	-5.496046
407	1160	10.338822
647	1160	0.767364
711	1160	8.678699
893	1160	17.272254
895	1160	0.988847
958	1160	-0.757461
1011	1160	2.700653
1160	1160	-32.064414
1179	1160	2.547102
1238	1160	-7.762711
1310	1160	18.628321
1375	1160	6.275486
1408	1160	6.253216
1522	1160	1.467800
1646	1160	-2.806924
1679	1160	-0.745687
1682	1160	22.380388
1849	1160	-1.432904
1889	1160	-6.810339
2062	1160	10.635659
2441	1160	2.282780
2665	1160	-13.722967
2794	1160	-3.104826
2803	1160	19.172958
2937	1160	-5.061054
2984	1160	21.171764
3241	1160	-15.450169
3615	1160	1.489544
3928	1160	6.120123
3930	1160	6.137118
3945	1160	4.907933
4083	1160	2.548439
760	1162	4.249195
266	1164	1.425906
271	1164	-15.541104
1710	1164	2.083242
2181	1164	-2.979126
2295	1164	7.293902
2685	1164	6.421362
2961	1164	-1.455413
3194	1164	5.940987
1883	1165	-14.755876
3666	1165	9.666038
3885	1165	-1.511343
1051	1168	-7.644373
97	1169	-19.566973
209	1169	0.248474
214	1169	17.243300
328	1169	2.641655
364	1169	-5.128581
396	1169	-2.462581
688	1169	6.996330
780	1169	14.520491
852	1169	-14.228592
895	1169	0.677237
1169	1169	5.972538
1213	1169	8.623726
1216	1169	7.581926
1502	1169	-7.305182
1651	1169	13.449460
1851	1169	3.743284
1958	1169	-1.489194
2061	1169	6.764273
2089	1169	-10.118475
2287	1169	7.160332
2302	1169	15.007742
2376	1169	9.536100
2379	1169	-7.844910
2393	1169	3.180176
2463	1169	-0.523145
2490	1169	7.100063
2551	1169	22.132418
2616	1169	6.085409
2754	1169	5.879638
2907	1169	-13.800848
3016	1169	-18.736931
3044	1169	-2.941902
3158	1169	-8.531801
3481	1169	2.485903
3507	1169	17.711304
3696	1169	12.201031
3904	1169	-3.917332
4024	1169	-3.415290
4062	1169	-1.310041
3264	1171	1.203515
3923	1172	-11.023557
218	1173	6.054008
330	1173	-16.975272
557	1173	6.004937
1532	1173	-5.839736
1668	1173	-3.800213
1787	1173	-3.849620
2429	1173	6.080310
2512	1173	7.653283
3229	1173	5.746861
2176	1175	9.476989
737	1178	14.693277
1772	1178	-1.694407
2470	1178	-1.411615
4	1179	14.907023
11	1179	-14.933101
336	1179	-6.552479
369	1179	-0.800451
439	1179	-29.874546
456	1179	-18.256300
736	1179	-15.530291
737	1179	5.443274
975	1179	-8.252901
976	1179	-10.738892
1075	1179	-1.471140
1078	1179	-1.470828
1400	1179	-26.502026
1502	1179	3.946363
1667	1179	3.437989
1881	1179	-7.799272
1958	1179	6.438526
2010	1179	-2.056044
2066	1179	3.849874
2089	1179	11.390699
2129	1179	14.540842
2167	1179	-3.941415
2523	1179	-1.914053
2538	1179	0.139316
2546	1179	5.178614
2655	1179	-14.387787
2665	1179	-12.251403
2683	1179	-21.034675
2962	1179	3.732377
3229	1179	0.705998
3245	1179	1.605565
3441	1179	10.078403
3813	1179	7.326490
3945	1179	-0.988597
4027	1179	-1.406075
25	1180	-4.067956
2481	1180	-3.412474
3330	1180	-4.727934
137	1181	-11.255728
163	1181	21.471222
798	1181	-2.534963
1180	1181	22.207434
2059	1181	-17.743598
2409	1181	-7.027705
2950	1181	13.511311
239	1183	7.982959
252	1183	8.633273
789	1183	-7.448430
2027	1183	-4.313669
3567	1183	3.351454
3956	1183	-22.190759
135	1185	-17.822096
171	1185	10.525422
219	1185	10.212718
702	1185	-16.292604
737	1185	-6.093524
744	1185	-10.579168
781	1185	-2.006290
843	1185	-5.544059
898	1185	-4.139694
976	1185	-21.052919
977	1185	16.189904
1019	1185	0.125217
1101	1185	10.008972
1120	1185	-2.317036
1126	1185	16.041423
1127	1185	1.956149
1185	1185	-21.226041
1202	1185	0.798277
1452	1185	27.651167
1594	1185	16.345454
1821	1185	9.713531
1955	1185	16.291399
1964	1185	16.900391
2066	1185	-12.135849
2347	1185	-14.023970
2420	1185	-17.770880
2463	1185	13.818652
2465	1185	-1.515788
2492	1185	4.907239
2604	1185	-0.002630
2665	1185	-12.943398
2702	1185	-6.760154
2816	1185	18.545319
3131	1185	0.464618
3342	1185	9.585637
3404	1185	-8.217199
3465	1185	2.007450
3565	1185	24.289429
3727	1185	7.076707
3904	1185	-12.178934
3922	1185	-9.587051
3945	1185	-7.197527
151	1186	1.556854
453	1186	-7.541815
550	1186	-3.977145
737	1186	-10.402657
862	1186	-8.771370
1169	1186	4.572853
1314	1186	3.297973
1655	1186	12.393638
1667	1186	11.911901
2291	1186	24.065997
3441	1186	-17.388208
2561	1187	4.065420
3552	1187	-16.426304
737	1189	9.579954
1181	1189	1.991912
1377	1189	-0.628912
3426	1189	22.134638
454	1192	7.390926
1192	1192	8.780623
1401	1192	23.155393
1538	1192	3.334971
1695	1192	17.307813
3476	1192	-5.872583
20	1193	15.146954
915	1193	3.617427
978	1193	-10.338060
1238	1193	6.505688
3740	1193	-1.607807
3945	1193	1.426036
1374	1195	-13.503887
3739	1195	10.116769
4081	1195	12.386571
1562	1197	-10.293292
1829	1197	3.619309
2492	1197	-17.812640
2505	1197	20.612766
3454	1197	-8.491089
1077	1198	-5.216191
1855	1200	11.004054
2821	1200	2.130671
1195	1201	1.084015
459	1202	-8.570168
1155	1202	15.694359
1310	1202	14.275908
2685	1202	10.281200
3080	1202	-4.367206
3770	1202	14.413661
2054	1203	22.122558
472	1204	-5.788237
1763	1204	5.369502
2302	1204	-11.697129
2575	1204	-11.090360
2182	1208	8.572630
748	1209	5.278388
788	1209	0.037979
1518	1209	-2.666678
2870	1209	4.625918
3430	1209	13.287763
3689	1209	11.175423
472	1211	11.363897
1211	1211	-9.978826
2911	1211	2.829582
743	1212	3.669274
1181	1212	-9.400872
1992	1212	-4.475210
2137	1212	-14.076501
2586	1212	-0.666385
3009	1212	4.281833
3713	1212	-15.113219
98	1213	5.446247
113	1213	4.610130
737	1213	-15.004554
757	1213	3.418743
844	1213	-3.592316
852	1213	2.167458
895	1213	-16.238910
1039	1213	22.670596
1089	1213	-19.804216
1101	1213	4.933478
1309	1213	3.102892
1485	1213	10.029749
1555	1213	10.219032
1630	1213	3.252421
1635	1213	10.323904
1679	1213	-7.765446
1891	1213	-6.185640
1947	1213	-12.343151
1949	1213	2.102359
2078	1213	-2.886214
2092	1213	-14.254667
2129	1213	-7.894708
2156	1213	-5.355084
2169	1213	10.498170
3044	1213	-2.266835
3131	1213	11.526650
3203	1213	3.486014
3485	1213	-4.932862
3486	1213	-15.973085
3519	1213	-12.149349
3631	1213	9.037343
3634	1213	-4.057888
3793	1213	8.390852
3811	1213	9.331547
3889	1213	15.965609
831	1214	13.621005
1953	1214	5.801002
615	1215	-11.884874
2586	1215	0.110003
4	1216	-7.705070
73	1216	2.761555
84	1216	0.817603
97	1216	-2.899775
113	1216	1.917606
146	1216	-1.207277
170	1216	-6.919402
186	1216	-1.494599
209	1216	-9.802610
214	1216	17.954606
253	1216	-9.207902
284	1216	-4.002490
400	1216	-13.411576
519	1216	11.482585
549	1216	13.108794
572	1216	10.903131
623	1216	-20.356843
628	1216	6.355584
708	1216	-0.085876
852	1216	29.856680
854	1216	5.267668
894	1216	15.070591
895	1216	-11.769502
1078	1216	-0.756274
1101	1216	9.743064
1216	1216	6.888742
1217	1216	-6.103493
1238	1216	-18.377615
1299	1216	1.250869
1347	1216	11.809323
1362	1216	0.026793
1375	1216	5.782496
1386	1216	-6.781001
1485	1216	1.322521
1512	1216	3.118208
1533	1216	11.651241
1646	1216	-1.808578
1667	1216	-5.973460
1682	1216	0.267788
1714	1216	17.394700
1844	1216	-1.595243
1883	1216	18.645290
1941	1216	0.635909
1955	1216	1.158964
1976	1216	16.124724
2060	1216	-10.720542
2066	1216	-5.051066
2084	1216	-7.117390
2089	1216	-14.064487
2214	1216	24.073106
2229	1216	3.981735
2283	1216	-6.199037
2295	1216	-22.066768
2332	1216	24.168282
2347	1216	-12.616028
2409	1216	-2.446515
2420	1216	-18.702129
2448	1216	-8.639605
2492	1216	-18.015273
2521	1216	-1.314487
2535	1216	2.058416
2541	1216	1.605609
2729	1216	14.946432
2816	1216	11.627214
2826	1216	-0.684098
2922	1216	-2.492074
2978	1216	-10.933745
3006	1216	-7.314068
3186	1216	6.637319
3227	1216	9.788022
3229	1216	10.522128
3240	1216	4.545704
3250	1216	9.532498
3373	1216	-18.833259
3519	1216	-1.115236
3575	1216	-5.781278
3604	1216	-10.643169
3688	1216	4.597544
3719	1216	2.989563
3740	1216	5.201382
3756	1216	-6.481839
3795	1216	-5.949750
3816	1216	-5.561235
3847	1216	-14.870565
3904	1216	22.402192
4007	1216	-14.896634
4016	1216	1.246551
4073	1216	-10.352033
20	1217	8.548996
113	1217	-2.275861
737	1217	-10.525807
1325	1217	5.301165
1485	1217	19.344029
2490	1217	-2.920729
3423	1217	-0.835132
545	1218	0.511948
756	1218	0.170693
1679	1219	-8.705688
1763	1219	10.161092
3461	1219	-0.406553
419	1220	-15.361488
1064	1220	2.931049
1288	1220	-3.328125
2223	1220	8.313347
2146	1221	-1.363959
3853	1222	-10.790178
964	1225	11.994857
1806	1225	-20.980521
1849	1225	-12.979391
33	1226	-17.686646
123	1226	0.824450
185	1226	-5.208142
545	1226	2.260848
733	1226	6.713574
977	1226	-6.541487
1101	1226	-10.378447
2113	1226	0.203124
2464	1226	17.024798
2520	1226	0.428961
2654	1226	11.961784
2870	1226	-7.610660
3004	1226	-14.792443
3273	1226	-4.913427
3343	1226	5.012954
3793	1226	-2.783913
3861	1226	10.405509
187	1227	-1.306818
456	1227	10.894629
737	1227	18.526647
1560	1227	-9.906500
1891	1227	-6.290385
1981	1227	19.782146
2653	1227	-4.248421
2913	1227	-17.133199
3108	1227	6.515211
3217	1227	-2.669237
3441	1227	8.552443
3919	1227	1.354558
838	1228	16.221794
3194	1229	17.163801
439	1230	-3.887329
456	1230	10.224033
895	1230	2.679554
1230	1230	11.067479
1524	1230	-1.768133
1829	1230	-11.261568
2151	1230	-12.212878
2341	1230	17.547075
2659	1230	-5.518357
2683	1230	6.520435
2907	1230	-1.256143
3032	1230	-1.275743
3380	1230	10.713340
3405	1230	8.121110
3410	1230	-4.467703
3522	1230	-23.203714
3904	1230	11.573628
2986	1232	0.652553
3631	1232	15.425976
279	1233	5.038772
501	1233	10.222178
915	1233	4.992036
2468	1233	-24.145909
2727	1233	-3.533996
2891	1233	-17.099048
3719	1233	4.005569
2156	1235	6.554673
3274	1235	-7.503506
160	1236	-7.508726
516	1236	18.060913
2265	1236	14.751127
3157	1236	11.952942
14	1238	-1.225120
48	1238	9.474175
51	1238	-11.891022
97	1238	12.242408
113	1238	-4.182777
163	1238	-5.389197
209	1238	-16.623973
253	1238	12.643091
281	1238	5.181614
284	1238	1.229857
407	1238	-3.576900
417	1238	-26.752116
419	1238	10.281441
456	1238	-26.770149
500	1238	11.565707
501	1238	11.605149
507	1238	-2.062838
572	1238	-28.504262
579	1238	-17.933654
618	1238	-15.749721
623	1238	-2.009095
689	1238	7.929638
719	1238	-3.011692
744	1238	1.203472
746	1238	4.055833
828	1238	-3.297112
830	1238	4.532220
895	1238	6.766374
926	1238	11.923897
971	1238	6.450396
996	1238	0.200418
1047	1238	-2.649355
1079	1238	-5.701827
1101	1238	-12.441228
1113	1238	-4.350526
1127	1238	4.187713
1148	1238	5.265268
1160	1238	-14.128955
1216	1238	-12.761573
1238	1238	24.168638
1280	1238	13.219056
1362	1238	17.255679
1408	1238	1.657686
1468	1238	1.825816
1522	1238	-1.315726
1679	1238	13.625755
1842	1238	9.949017
1955	1238	-14.665407
1992	1238	0.508939
2066	1238	9.533344
2237	1238	-4.086203
2270	1238	14.587354
2302	1238	20.282244
2332	1238	-12.263661
2538	1238	-0.738534
2604	1238	-0.813015
2665	1238	-16.671849
2743	1238	17.626373
2766	1238	5.520127
2826	1238	15.085258
2987	1238	4.604342
3131	1238	22.274477
3158	1238	-7.384538
3171	1238	-17.807309
3175	1238	5.277591
3213	1238	15.003623
3221	1238	2.897735
3229	1238	-1.272534
3310	1238	-23.827075
3457	1238	3.930952
3485	1238	11.471533
3519	1238	-14.328075
3534	1238	-14.294837
3578	1238	13.099431
3701	1238	22.136739
3719	1238	6.892389
3798	1238	7.277384
3816	1238	12.211906
3904	1238	-12.508375
3945	1238	9.274715
4022	1238	8.790326
774	1240	-11.707899
125	1242	11.896339
375	1242	-19.081283
1401	1242	8.466723
2212	1242	8.571804
1851	1244	13.587316
2902	1245	10.506386
3964	1245	-2.727745
51	1246	-5.529058
456	1246	-7.519809
471	1246	-6.226556
501	1246	9.130554
875	1246	-2.583629
914	1246	10.525851
1502	1246	11.029986
1537	1246	2.133795
1767	1246	-3.366880
2125	1246	19.565181
2423	1246	-4.910836
2585	1246	-6.052209
2683	1246	11.126954
2962	1246	14.576863
3278	1246	1.041268
3645	1246	18.634006
3769	1246	-1.479329
3867	1246	9.924211
357	1249	8.614578
621	1249	-4.205187
1085	1249	8.784549
1706	1249	25.778365
2465	1249	3.901580
2962	1249	-11.182616
3633	1250	6.505785
3408	1251	-1.743230
862	1253	14.949139
2618	1253	-4.515867
975	1256	1.067955
1722	1256	-12.779444
2384	1256	-21.863213
2436	1256	1.732765
2512	1256	-1.826279
3039	1256	3.814905
3742	1256	-7.726434
81	1257	-0.447726
148	1257	-19.361371
1485	1257	-7.829569
25	1259	8.873790
84	1259	3.678778
516	1259	2.691630
1342	1259	-0.975227
1362	1259	2.987943
1568	1259	16.761547
1767	1259	14.503332
1903	1259	5.362462
2346	1259	9.296260
2599	1259	-21.474060
2729	1259	2.922727
2925	1259	-2.758896
3580	1259	0.788725
3909	1259	8.781549
615	1260	-10.304604
1375	1260	3.622179
1601	1260	-4.859972
2043	1260	10.262746
2181	1260	0.391798
3788	1260	-1.882659
25	1261	5.076536
589	1261	-1.268960
615	1261	-0.757828
663	1261	1.453841
1485	1261	5.761044
2713	1261	7.895108
2729	1261	6.466119
3063	1261	10.007448
3158	1261	-12.476005
3485	1261	0.954749
1074	1264	-3.359546
1332	1264	15.839628
2066	1269	19.244085
3256	1269	-7.051677
3637	1269	5.928680
55	1270	2.209839
209	1270	4.197600
853	1270	8.869359
1460	1270	-1.553004
1555	1270	-6.360683
1725	1270	-8.031603
2229	1270	-3.951991
2465	1270	-3.310079
2538	1270	7.483607
2683	1270	-11.358401
2761	1270	6.510031
3080	1270	-10.434230
3431	1270	4.421544
3519	1270	-7.136183
3584	1270	-0.969031
3744	1270	-5.241283
3945	1270	-10.083746
187	1273	6.892318
767	1273	-10.192794
1185	1274	-3.277037
3880	1274	2.261964
3556	1276	1.378029
3945	1277	5.161439
146	1278	-7.171500
1918	1279	-10.357701
792	1280	-5.763353
1020	1280	4.377978
1046	1280	10.222562
2397	1280	-9.603037
3229	1280	-12.559402
4071	1280	9.343536
677	1283	-1.451505
1682	1283	-12.052546
2540	1283	15.639613
151	1284	-15.491898
214	1284	2.122580
364	1286	9.177585
388	1286	2.338988
857	1286	-4.007125
1715	1286	-5.253489
2803	1286	-11.755501
3060	1286	9.590438
3965	1286	7.965541
1675	1287	-4.585445
1894	1287	7.636090
113	1288	-17.670268
307	1288	8.047217
450	1288	13.119150
572	1288	-1.175402
625	1288	-6.601354
935	1288	-18.967775
1075	1288	0.057734
1701	1288	14.799083
1959	1288	-10.992174
2010	1288	4.318708
2249	1288	-7.349632
2285	1288	-18.452282
2492	1288	-7.166051
2541	1288	7.478402
3184	1288	-1.390400
3229	1288	14.822450
3256	1288	4.871271
4004	1288	-0.816929
4037	1288	18.713114
2787	1289	-12.113236
430	1290	-4.293030
545	1290	4.281165
982	1290	-2.251518
1749	1290	-5.601282
1831	1290	1.633926
2085	1290	-1.376375
2584	1290	-2.434670
2870	1290	-0.587094
2988	1290	-12.123257
3229	1290	-4.181561
407	1291	20.274960
456	1291	22.678159
597	1291	-1.057854
615	1291	-11.906545
663	1291	15.255957
1101	1291	4.969251
1127	1291	-5.690020
1246	1291	-10.140503
1564	1291	-9.643178
1715	1291	5.448240
1942	1291	-9.350513
1955	1291	3.425740
1956	1291	12.471178
1976	1291	-10.031050
2221	1291	-15.143541
2232	1291	-3.223987
2302	1291	2.460482
2429	1291	16.117864
2514	1291	-3.438227
2571	1291	13.336978
2665	1291	-3.037832
2685	1291	-0.275692
2845	1291	-3.581916
2919	1291	5.362749
2981	1291	-3.551287
3016	1291	-15.447693
3141	1291	-22.407192
3152	1291	6.742698
3499	1291	4.729467
3778	1291	-0.449315
3786	1291	-8.877341
3904	1291	6.326748
3942	1291	0.725046
3945	1291	5.826518
4032	1291	-1.793059
1485	1293	3.145791
2665	1293	11.836018
3510	1293	-7.207230
171	1294	-4.163343
471	1294	-14.798378
572	1294	15.685840
1474	1294	5.197861
2494	1294	-1.863903
2497	1294	1.423574
2547	1294	-7.222707
3196	1294	8.176106
3392	1294	0.945347
3802	1294	-10.127680
628	1295	-17.065659
1435	1295	15.488950
1559	1295	-13.937190
2436	1298	-21.278950
2754	1298	-3.842653
2926	1298	-9.694802
83	1299	1.693726
474	1299	14.444549
873	1299	10.529218
2413	1299	15.359782
2826	1300	-14.926142
51	1301	10.291353
163	1301	3.501734
789	1301	-7.032560
1411	1301	-6.210387
1849	1301	-9.738440
2737	1301	-2.303128
3143	1301	-12.930832
3469	1301	-3.990525
3871	1301	14.296882
3563	1304	-9.187305
1136	1306	7.643693
3240	1306	6.765838
2663	1308	-9.026719
1732	1309	-4.901853
2410	1309	-15.746473
171	1310	13.655114
182	1310	0.821568
187	1310	-9.398257
288	1310	-3.166102
589	1310	4.802613
933	1310	-7.575390
1101	1310	-7.689079
1110	1310	10.582948
1310	1310	0.602521
1397	1310	7.801077
1690	1310	2.316260
1812	1310	2.650619
2216	1310	-5.638015
2291	1310	-11.916557
2393	1310	6.279962
2436	1310	8.150148
2538	1310	-2.624400
2826	1310	14.265771
2836	1310	14.072689
3032	1310	-7.534696
3183	1310	-6.693830
3374	1310	-7.232603
3816	1310	8.588582
3873	1310	-0.335644
3904	1310	-6.981195
3945	1310	3.728699
3959	1310	3.760964
4041	1310	-13.341160
1125	1312	-19.104399
2907	1312	2.770624
1953	1314	9.329141
737	1315	-5.444846
1279	1315	-3.862094
2653	1315	5.401106
338	1316	7.881559
1767	1316	8.931604
3196	1316	21.894518
357	1320	-1.124953
382	1320	-0.267593
384	1320	6.464197
895	1320	-4.437652
1320	1320	0.885197
1767	1320	-14.729407
2265	1320	-10.085301
2604	1320	9.521944
2639	1320	-22.321996
3111	1320	2.389264
3196	1320	5.235499
3330	1320	0.667039
3542	1320	9.385173
3689	1320	14.151415
3733	1320	-6.057225
14	1323	9.311456
84	1324	19.562251
704	1324	-11.755196
3343	1324	13.164700
3373	1324	-0.557486
357	1325	-20.378261
404	1325	-4.241552
1217	1325	4.540313
1332	1325	3.932689
1485	1325	-0.884749
2411	1325	1.920298
2853	1325	5.135278
2888	1325	-8.579474
3578	1325	0.341347
3696	1325	2.326783
3709	1325	10.261227
3719	1325	9.569560
1058	1326	-10.431362
15	1328	6.657487
68	1328	6.033458
80	1328	-10.189180
113	1328	-23.748126
131	1328	-27.127227
163	1328	16.513647
186	1328	-6.477084
187	1328	-1.650102
228	1328	4.478404
243	1328	21.472962
407	1328	-8.904960
456	1328	-2.376267
508	1328	-3.208504
555	1328	-5.590334
658	1328	-14.389331
737	1328	11.096708
769	1328	13.788322
861	1328	-7.945847
893	1328	12.159466
895	1328	12.415179
911	1328	5.246422
928	1328	-5.960526
949	1328	7.823182
964	1328	-4.505555
1101	1328	-2.387105
1153	1328	-30.596792
1160	1328	-6.557736
1179	1328	-12.446661
1291	1328	-2.076454
1325	1328	12.631476
1328	1328	24.184367
1396	1328	13.409295
1485	1328	-23.778615
1501	1328	1.098481
1524	1328	-6.748933
1560	1328	-0.129339
1577	1328	0.095330
1791	1328	10.787824
1870	1328	7.507356
1942	1328	4.952510
1970	1328	0.129854
1976	1328	9.285067
2010	1328	-0.660236
2028	1328	16.412901
2129	1328	20.512072
2194	1328	3.172203
2216	1328	-24.506051
2332	1328	5.306519
2341	1328	0.247343
2404	1328	-3.844796
2436	1328	-4.047818
2464	1328	-17.129932
2490	1328	11.951879
2538	1328	-23.010852
2571	1328	13.458034
2604	1328	18.862607
2688	1328	-2.685180
2702	1328	-3.437536
2706	1328	-14.342509
2758	1328	10.130348
2766	1328	-0.612899
2798	1328	-6.338768
2853	1328	-13.913890
2907	1328	11.084218
2919	1328	17.833571
2954	1328	-9.239841
2962	1328	11.092322
2987	1328	3.149165
3032	1328	-1.241762
3103	1328	-18.180450
3155	1328	2.234065
3175	1328	2.744030
3229	1328	-12.763858
3241	1328	-17.003305
3290	1328	-1.366472
3296	1328	0.473113
3358	1328	-7.291669
3405	1328	6.741661
3430	1328	9.895277
3499	1328	5.129876
3510	1328	3.319185
3622	1328	-12.687767
3645	1328	-7.719688
3660	1328	9.263290
3795	1328	9.438855
3847	1328	-8.801355
3904	1328	4.852701
3978	1328	-4.969530
843	1329	-23.951440
1791	1329	-5.588828
2685	1329	-1.706798
3313	1329	10.242089
476	1330	-2.235855
2110	1330	-5.174961
1632	1331	-19.886175
454	1332	12.880359
456	1332	3.887868
461	1332	7.654311
540	1332	12.188701
746	1332	3.207289
976	1332	2.936981
1367	1332	5.175151
1408	1332	5.946917
1458	1332	16.835737
1471	1332	7.806736
1485	1332	13.262946
2051	1332	-14.607252
2212	1332	7.847205
2393	1332	1.241192
2445	1332	-0.149177
2798	1332	-4.799525
2937	1332	-0.019808
2971	1332	8.480352
3242	1332	2.861198
3256	1332	-16.981386
3327	1332	1.454034
3570	1332	-2.054683
3701	1332	5.989211
3733	1332	-14.869021
3740	1332	-0.163607
1523	1333	8.425465
3391	1334	2.502480
37	1335	5.174907
1462	1335	-2.346418
1940	1336	-5.332552
591	1337	-6.109373
1437	1337	-1.674650
297	1339	20.352163
1955	1339	-0.909544
3565	1339	6.401316
1341	1341	-17.194493
2129	1341	1.531369
2998	1341	-9.434116
84	1342	-9.478482
170	1342	-6.341282
452	1342	6.653193
576	1342	-9.831251
737	1342	-6.281663
1101	1342	5.116011
1520	1342	-10.455343
1637	1342	-9.307435
1982	1342	-5.402455
2665	1342	-12.809388
2683	1342	16.075667
2907	1342	-8.068179
3172	1342	2.213731
3651	1342	-2.725498
3706	1342	-7.349584
3879	1342	3.729908
3922	1342	-25.466997
1384	1344	4.403018
2020	1344	6.743197
3386	1344	4.716141
3983	1344	25.681812
1068	1346	-18.373751
2465	1346	-0.297666
3023	1346	10.297068
134	1347	-0.438042
209	1347	-7.032810
214	1347	-4.885084
221	1347	-6.048569
454	1347	1.576188
485	1347	-17.762531
555	1347	13.747018
572	1347	-18.172571
737	1347	2.108809
985	1347	13.929430
1085	1347	-5.513606
1101	1347	2.296011
1294	1347	0.903677
1347	1347	-0.507063
1362	1347	16.358574
1375	1347	10.427971
1408	1347	18.270949
1485	1347	6.191947
1504	1347	5.050700
1582	1347	-8.281465
1741	1347	11.358973
1958	1347	3.505098
2066	1347	-13.651285
2413	1347	-2.006041
2468	1347	3.954951
2494	1347	-6.504298
2523	1347	10.711331
2665	1347	9.328551
3108	1347	-14.124468
3229	1347	7.075429
3310	1347	11.220203
3373	1347	-13.997774
3441	1347	4.671762
3555	1347	-2.353013
3595	1347	1.030005
3631	1347	-1.594975
3719	1347	-5.620391
3740	1347	9.723300
3866	1347	-8.206799
3922	1347	16.422174
3950	1347	9.677831
3998	1347	6.068849
392	1349	0.533419
457	1349	12.274031
2772	1349	14.351554
171	1350	-1.009529
328	1350	-7.209568
551	1350	15.500400
977	1350	1.369290
1039	1350	7.216613
1216	1350	-0.455726
1294	1350	-15.197555
1377	1350	-13.856504
1408	1350	-12.312967
1897	1350	3.711469
2412	1350	-4.393001
2492	1350	-20.513345
2541	1350	6.340679
2794	1350	8.293751
2948	1350	-5.228784
3578	1350	8.615474
3793	1350	0.621330
3885	1350	0.513060
3945	1350	7.730244
2244	1351	-6.941041
95	1352	1.762568
2871	1352	-13.328118
3551	1353	10.209513
4	1357	-9.701603
384	1357	-9.252561
407	1357	11.314740
1452	1357	-5.952308
2066	1357	7.606059
743	1358	8.406467
1686	1359	22.697314
117	1360	-11.299333
146	1360	-13.109327
289	1360	11.645010
428	1360	-15.970659
777	1360	-3.073279
1101	1360	1.351954
1429	1360	-7.344434
2391	1360	-2.356996
3044	1360	-6.101852
4	1362	-4.429447
37	1362	-0.083251
60	1362	16.771139
84	1362	12.057001
95	1362	-3.679173
97	1362	-12.886341
122	1362	-1.583988
155	1362	-18.325964
221	1362	0.710573
299	1362	-11.265026
369	1362	-6.784639
394	1362	22.112841
439	1362	-1.000763
456	1362	3.595386
550	1362	0.706102
623	1362	0.099883
663	1362	-1.820361
737	1362	13.485499
895	1362	-4.052143
1101	1362	4.626398
1147	1362	31.531978
1169	1362	11.673720
1213	1362	2.488313
1288	1362	4.629034
1291	1362	3.377135
1362	1362	13.573159
1374	1362	7.798948
1375	1362	9.738292
1390	1362	17.314370
1396	1362	-11.856028
1408	1362	6.618925
1485	1362	-8.251632
1504	1362	-5.484183
1646	1362	-14.657807
1715	1362	-24.676971
1767	1362	5.280061
1812	1362	16.610981
1903	1362	-11.109939
1904	1362	-10.607154
1947	1362	-18.582638
2028	1362	-4.344454
2047	1362	-1.926335
2089	1362	-6.698592
2169	1362	5.080346
2265	1362	18.328541
2332	1362	-6.498674
2393	1362	5.180634
2472	1362	2.294333
2490	1362	-10.410240
2512	1362	1.558385
2538	1362	0.423194
2665	1362	-14.940475
2755	1362	-8.301301
2766	1362	-2.903832
2803	1362	1.018776
2826	1362	-7.643098
2907	1362	7.306736
3015	1362	8.238489
3018	1362	-0.172678
3044	1362	-0.672593
3117	1362	-16.765953
3158	1362	9.813805
3204	1362	7.639152
3229	1362	-1.322563
3261	1362	18.018942
3373	1362	-10.600093
3528	1362	2.906724
3568	1362	-9.797719
3578	1362	11.759063
3689	1362	-21.415105
3692	1362	-2.037577
3733	1362	2.807458
3748	1362	-16.113538
3802	1362	-7.879311
3816	1362	29.241953
3904	1362	-14.499273
4028	1362	-0.057127
4073	1362	6.022171
1310	1363	16.949090
2181	1363	-17.158191
463	1364	-3.073127
264	1365	24.042135
663	1365	-6.612945
1039	1365	0.258073
1733	1365	3.846900
2594	1365	4.946320
3668	1365	-1.360999
3793	1365	10.982493
577	1366	4.202626
894	1366	3.190928
1291	1366	-19.454401
1715	1366	-12.078662
135	1367	-4.311798
150	1367	-13.048820
280	1367	-0.906222
597	1367	-4.150693
673	1367	8.887017
1181	1367	-0.063368
1216	1367	16.360479
1261	1367	5.101563
1374	1367	-13.270522
1522	1367	-14.393231
2054	1367	-3.435638
2871	1367	10.796942
3288	1367	-2.446726
3728	1367	-0.453754
1688	1368	-0.685326
2386	1372	-3.949905
3240	1372	-5.759471
4012	1373	24.809262
37	1374	8.154178
73	1374	14.681324
97	1374	24.437415
146	1374	-6.725118
170	1374	-3.998892
214	1374	-0.009051
384	1374	-1.721411
407	1374	-27.197200
424	1374	3.183365
456	1374	-11.087147
479	1374	-3.051838
492	1374	-6.008958
767	1374	-17.941861
777	1374	16.179906
895	1374	-10.322471
938	1374	1.919068
977	1374	6.382592
1089	1374	-4.525041
1099	1374	14.069100
1101	1374	18.288485
1216	1374	-3.006953
1307	1374	-26.797976
1332	1374	-1.516312
1362	1374	15.075880
1374	1374	-25.740535
1396	1374	-7.525122
1428	1374	8.492597
1485	1374	-1.992535
1538	1374	-4.714560
1560	1374	9.975511
1576	1374	-1.498147
1667	1374	1.378917
1759	1374	10.786701
1955	1374	4.938031
2028	1374	4.137142
2066	1374	-4.511967
2089	1374	-6.098104
2170	1374	6.059297
2178	1374	5.407927
2216	1374	-2.037490
2231	1374	1.960146
2270	1374	-2.611192
2347	1374	-10.307811
2354	1374	2.547042
2380	1374	-1.674809
2419	1374	-12.510177
2429	1374	-8.692622
2432	1374	3.981572
2512	1374	16.071161
2599	1374	-7.041809
2665	1374	-8.310713
2685	1374	6.088477
2766	1374	5.617483
2907	1374	6.374056
2925	1374	13.701283
3057	1374	0.283578
3171	1374	-8.855069
3240	1374	10.046622
3274	1374	2.236236
3327	1374	-13.384146
3346	1374	9.121616
3449	1374	-13.784224
3454	1374	12.322966
3485	1374	-24.026615
3696	1374	-6.496573
3727	1374	-12.367329
3730	1374	-15.489022
3740	1374	-4.842941
3749	1374	-4.572410
3866	1374	16.450466
3945	1374	9.769058
4073	1374	11.320519
4082	1374	-3.465969
14	1375	12.943648
42	1375	0.118214
209	1375	-0.803974
253	1375	4.150619
291	1375	8.335018
417	1375	-4.541976
472	1375	-12.260529
501	1375	-2.237443
508	1375	-2.644629
895	1375	1.025728
915	1375	-22.122180
1074	1375	-1.875819
1157	1375	14.360990
1160	1375	-10.862225
1485	1375	-18.808620
1489	1375	-6.606648
1591	1375	8.125507
1726	1375	0.769621
2216	1375	1.552880
2232	1375	6.095867
2436	1375	-0.323363
2764	1375	-4.241817
2816	1375	-8.156042
2865	1375	-4.252494
3081	1375	8.662578
3229	1375	-0.798482
3373	1375	-11.192560
3447	1375	-11.924866
3485	1375	-3.227390
3565	1375	5.567733
3639	1375	2.349612
3904	1375	13.433490
3928	1375	5.348730
97	1376	14.294164
886	1376	10.691510
911	1376	-8.100684
1290	1376	-23.225787
1649	1376	-5.045771
1725	1376	-0.423918
1791	1376	-5.590551
1849	1376	18.658650
1948	1376	-8.189675
2137	1376	2.973815
2535	1376	13.044273
3032	1376	2.498520
3802	1376	0.633179
3889	1376	0.969516
170	1377	-26.285368
171	1377	14.135151
187	1377	-4.463462
204	1377	-9.767449
452	1377	-14.277618
605	1377	-6.183856
717	1377	-4.636387
737	1377	-0.991133
762	1377	6.850065
862	1377	-4.148236
869	1377	-3.575112
1078	1377	-5.966764
1101	1377	-5.724513
1113	1377	-3.744292
1339	1377	3.668965
1377	1377	28.334971
1538	1377	-3.585719
1816	1377	4.654680
1823	1377	1.428127
1955	1377	-12.276133
1993	1377	-3.702867
2010	1377	14.920875
2060	1377	-6.976172
2468	1377	3.964589
2519	1377	7.304058
2571	1377	4.289068
2683	1377	-8.703302
2749	1377	-18.974829
2845	1377	-11.517467
2950	1377	-19.044499
3044	1377	-3.256539
3185	1377	1.356214
3241	1377	-2.899471
3301	1377	5.414868
3510	1377	6.853946
3565	1377	1.034786
3827	1377	5.677149
3847	1377	-3.790537
4015	1377	15.573649
263	1379	-12.984199
2527	1379	-12.397927
938	1380	5.402161
1132	1381	10.736515
1437	1381	-6.946465
1682	1381	-4.296787
2346	1381	7.018339
3719	1381	1.700448
4056	1381	0.136508
1472	1382	-19.564480
1675	1382	3.084590
2965	1382	4.642092
3665	1382	-4.690212
798	1384	-2.958509
1516	1384	-0.677962
2840	1384	14.723927
19	1386	-3.306699
52	1386	-11.863859
64	1386	8.252152
163	1386	19.862148
170	1386	-7.301248
382	1386	28.856082
407	1386	-24.117341
500	1386	-6.322503
893	1386	-16.084833
1051	1386	14.683910
1075	1386	-8.254379
1085	1386	-0.594420
1216	1386	-2.723578
1473	1386	-2.152887
1538	1386	-0.957169
1555	1386	-1.822187
1798	1386	-5.214110
1903	1386	8.472952
2010	1386	6.742178
2122	1386	-13.605696
2311	1386	9.341349
2465	1386	3.033161
2987	1386	13.293664
3086	1386	-13.598100
3207	1386	9.625826
3241	1386	10.297950
3629	1386	6.756289
3709	1386	-6.764850
3842	1386	-0.478250
3873	1386	-9.723311
3985	1386	-15.451923
737	1390	7.135842
779	1390	6.246921
1501	1390	14.508972
1906	1390	21.706507
2538	1390	-10.658186
3802	1390	-5.004479
640	1393	17.501193
1186	1393	2.273496
2150	1393	-14.750849
3662	1393	-11.043821
216	1394	12.134445
4	1396	13.223031
14	1396	15.399210
97	1396	9.897208
187	1396	-7.433069
289	1396	-23.865872
384	1396	8.588949
407	1396	-0.766641
456	1396	-18.081311
711	1396	16.033422
769	1396	-5.606859
862	1396	-19.176322
864	1396	-4.128991
942	1396	1.669083
1101	1396	3.013862
1115	1396	14.632420
1143	1396	0.075245
1169	1396	-3.615308
1238	1396	-6.433720
1396	1396	-9.738270
1428	1396	10.866093
1452	1396	15.462916
1569	1396	8.282155
1667	1396	-7.229478
1945	1396	-15.633953
1955	1396	-14.362766
2066	1396	15.502774
2192	1396	-3.273013
2216	1396	1.883702
2287	1396	-11.229411
2354	1396	4.309688
2419	1396	10.128376
2541	1396	18.860791
2628	1396	-12.430269
2665	1396	11.957979
2702	1396	11.636230
2766	1396	1.203556
2772	1396	-14.676198
2853	1396	-1.125450
2911	1396	19.244048
2972	1396	-9.380968
2999	1396	-2.386120
3044	1396	-8.836521
3171	1396	-3.464157
3184	1396	-0.968482
3229	1396	-2.104592
3325	1396	3.432867
3457	1396	-2.841866
3485	1396	-10.385814
3578	1396	-13.149168
3684	1396	-7.587360
3696	1396	7.103155
3770	1396	-0.857997
3788	1396	-3.743120
3820	1396	-6.230746
3866	1396	-5.671630
3889	1396	20.672032
3904	1396	21.649673
4023	1396	23.998889
4083	1396	0.844701
4086	1396	-5.737118
1213	1397	-12.253702
3663	1397	4.859260
3904	1397	2.842452
2588	1399	7.824021
3519	1399	1.998597
228	1400	-0.767900
243	1400	-1.508947
328	1400	4.861450
1396	1400	2.564196
3018	1400	-10.486550
3310	1400	-2.441696
545	1401	10.908836
1341	1401	-8.263002
1535	1401	-4.476496
1688	1401	3.537829
1747	1401	3.469153
1897	1401	-0.614453
2066	1401	23.070003
2490	1401	5.227576
3402	1401	-3.430333
3802	1401	-1.565475
548	1402	5.281101
1101	1402	10.539040
3502	1402	8.874387
3673	1403	-5.726495
2538	1405	-14.776237
677	1407	12.593214
777	1407	16.139634
1049	1407	-6.001630
1409	1407	-6.334084
4	1408	8.399424
51	1408	3.006556
187	1408	-2.416013
209	1408	5.485910
430	1408	11.136929
500	1408	2.691490
568	1408	4.118973
619	1408	2.840475
649	1408	-19.706224
683	1408	12.323468
764	1408	-18.900418
1023	1408	0.006275
1101	1408	-4.013002
1157	1408	-7.708417
1429	1408	6.440512
1452	1408	-0.792490
1468	1408	3.664932
1485	1408	-2.703558
1679	1408	-6.278281
1741	1408	11.871409
1883	1408	2.584480
1955	1408	5.551158
2010	1408	-10.189023
2028	1408	10.520507
2037	1408	7.667011
2309	1408	2.703613
2379	1408	16.092560
2397	1408	-12.557799
2520	1408	25.263939
2523	1408	-8.074593
2755	1408	-16.072498
2764	1408	-1.237712
3006	1408	3.811002
3184	1408	7.199153
3218	1408	16.945319
3281	1408	16.598353
3430	1408	5.861153
3879	1408	6.420665
3885	1408	2.397557
3904	1408	2.193207
4073	1408	8.343177
1386	1409	16.548287
2574	1409	-0.643968
479	1411	7.978972
732	1411	5.839947
3231	1412	1.915845
57	1413	2.207202
264	1413	-3.595743
407	1413	5.470464
623	1413	11.985712
1014	1413	-10.856239
2341	1413	10.204572
507	1414	0.603997
550	1414	2.491911
1169	1414	8.844435
1231	1414	14.630053
1733	1414	5.988526
2270	1414	-4.393176
2463	1414	5.957434
2907	1414	-4.822894
3117	1414	5.709314
3182	1414	-2.512410
3882	1414	11.008622
3915	1414	6.123403
394	1421	8.383954
976	1421	-11.301615
1898	1421	4.689717
2125	1421	2.783062
3222	1421	3.531225
3288	1421	-3.699653
1732	1422	-11.142964
2669	1422	-8.454145
3108	1422	11.912109
3587	1422	-17.406646
3682	1423	-0.577361
5	1425	-3.181000
37	1425	-14.918037
58	1425	-11.605068
412	1425	-5.975959
439	1425	-26.597478
1425	1425	-6.489886
1570	1425	0.376629
1791	1425	-7.606780
2016	1425	2.193959
2129	1425	9.048553
2522	1425	14.568332
2538	1425	-9.340916
2836	1425	6.039608
2990	1425	-4.817960
2991	1425	18.104169
3194	1425	-2.771423
3684	1425	-15.022911
4028	1425	-10.170910
1095	1426	-14.776445
3906	1426	0.349973
1101	1427	-4.591482
1684	1427	-4.063933
1955	1427	-2.933437
2265	1427	-1.617374
2387	1427	15.293335
2497	1427	-9.756129
3360	1427	-7.307862
3426	1427	0.530021
64	1428	4.366941
113	1428	24.546827
397	1428	-9.888947
407	1428	7.217517
572	1428	0.164443
608	1428	2.876764
752	1428	24.299233
852	1428	-3.446599
941	1428	-3.287485
1286	1428	-11.408913
1325	1428	-18.051058
1360	1428	-3.759221
1428	1428	61.205321
1883	1428	5.492437
2060	1428	5.462235
2066	1428	0.834582
2107	1428	-4.260671
2183	1428	6.969723
2210	1428	-18.363174
2384	1428	-13.229874
2542	1428	2.628255
2561	1428	-2.377366
2766	1428	11.190870
2883	1428	-2.161685
2963	1428	5.210007
3032	1428	11.852008
3158	1428	12.809965
3208	1428	-4.294465
3375	1428	5.685143
3426	1428	2.962318
3529	1428	3.980997
3578	1428	-12.131835
3605	1428	-4.642164
3735	1428	-0.116565
3842	1428	-16.040856
3865	1428	-1.713698
3889	1428	11.196337
3902	1428	-4.985648
3904	1428	-15.432870
4032	1428	-2.217115
44	1429	-4.282356
73	1429	19.362731
113	1429	9.212248
163	1429	-1.027188
238	1429	-5.614235
275	1429	4.400797
439	1429	17.699752
463	1429	-4.816128
664	1429	25.784769
732	1429	8.386580
788	1429	0.592815
935	1429	-10.786862
982	1429	-6.314807
1075	1429	13.354645
1085	1429	5.121583
1088	1429	6.648309
1101	1429	-22.267217
1146	1429	-26.272194
1238	1429	-3.667381
1342	1429	-1.898595
1386	1429	6.361109
1401	1429	27.244705
1429	1429	9.176471
1485	1429	-3.554709
1505	1429	0.783373
1522	1429	-5.826289
1646	1429	2.606515
1763	1429	7.926054
1798	1429	8.421306
1955	1429	7.685017
1976	1429	-13.385627
2010	1429	-0.966614
2066	1429	4.733415
2129	1429	-14.782253
2181	1429	-11.963414
2221	1429	1.193137
2226	1429	-2.943808
2341	1429	17.406252
2376	1429	1.223892
2388	1429	-3.206590
2393	1429	-2.920296
2429	1429	-27.284456
2436	1429	10.203982
2468	1429	7.517591
2494	1429	-13.523470
2561	1429	10.443762
2594	1429	-1.284563
2665	1429	-6.835746
2683	1429	1.469323
2724	1429	1.707866
2831	1429	2.777571
2845	1429	0.824279
2907	1429	-12.682418
2987	1429	35.450522
3044	1429	14.916900
3064	1429	15.032436
3146	1429	-7.213346
3229	1429	13.823295
3374	1429	11.544340
3459	1429	1.395141
3485	1429	-11.110309
3578	1429	-20.223491
3622	1429	2.024908
3689	1429	-26.176946
3691	1429	11.885449
3709	1429	8.161070
3713	1429	-4.284239
3727	1429	11.214980
3730	1429	-2.050730
3802	1429	3.155426
3904	1429	-10.721101
25	1431	-7.732108
1485	1431	9.128704
1976	1431	-2.872711
2109	1431	-2.552863
2156	1431	-5.564894
2464	1431	-1.480970
2782	1431	-16.909014
3172	1431	0.144184
3185	1431	-3.658822
2571	1432	-21.004993
2986	1432	-3.690131
1288	1434	-6.043817
2249	1434	-13.185921
501	1435	-13.651320
746	1435	6.409705
1071	1435	-9.671575
1213	1435	2.219535
1238	1435	-4.136343
1375	1435	-3.753515
1435	1435	-8.536352
1522	1435	5.034149
1570	1435	8.457537
1990	1435	-10.999046
2105	1435	-3.823741
2265	1435	-2.899325
2755	1435	4.054586
2843	1435	-15.910679
3366	1435	-2.287175
3719	1435	-5.731401
3782	1435	6.750466
24	1437	9.774565
73	1437	3.520484
84	1437	10.390196
97	1437	2.897971
113	1437	4.352793
209	1437	9.036925
210	1437	-1.937728
572	1437	-11.871295
895	1437	-5.111698
996	1437	3.020769
1089	1437	-10.482798
1101	1437	-15.019179
1147	1437	7.345114
1325	1437	-0.186226
1342	1437	4.415301
1362	1437	4.581063
1392	1437	-2.182724
1437	1437	-7.501725
1485	1437	14.625729
1522	1437	11.345062
1646	1437	2.449579
1733	1437	-5.483736
1811	1437	1.286671
1922	1437	5.511847
1949	1437	-4.772312
1955	1437	-8.312096
2265	1437	-4.166151
2291	1437	-3.224902
2377	1437	4.435363
2490	1437	11.485519
2542	1437	-13.633212
2778	1437	3.064462
2907	1437	4.483194
2987	1437	14.048403
3143	1437	-15.853539
3504	1437	-12.190425
3578	1437	-0.481256
3579	1437	9.969911
3680	1437	-13.092359
3709	1437	11.693347
3713	1437	-12.926222
3786	1437	13.879258
3882	1437	-1.352142
3930	1437	-3.945244
3945	1437	-1.425403
51	1438	-1.551265
1656	1438	6.078180
2764	1438	15.178036
4079	1438	15.631780
92	1440	-24.062016
400	1440	-18.460507
1646	1440	5.967259
1764	1440	4.656305
2182	1440	-5.846118
2349	1440	2.688285
2472	1440	-11.012897
2549	1440	-0.361314
2586	1440	4.193613
2618	1440	-2.710766
2831	1440	-19.730296
3064	1440	-5.556241
3313	1440	-1.037470
3567	1440	-3.744185
3599	1440	-14.130199
4062	1440	2.362129
131	1441	-20.088503
550	1441	1.904462
933	1441	-11.678194
1034	1441	-5.752384
2950	1441	-10.687625
3249	1441	-11.405355
763	1442	21.303567
1075	1442	4.562857
2465	1442	-9.962861
2755	1442	20.437606
2929	1442	7.677844
1148	1443	-0.140523
129	1445	3.420616
238	1445	3.380755
456	1445	-16.406514
1179	1445	-5.676834
1810	1445	5.236009
1955	1445	-4.328719
2089	1445	-1.595801
2480	1445	3.302553
2575	1445	6.606292
2604	1445	-13.841667
3060	1445	3.696913
3977	1445	-1.563190
4034	1445	6.099937
757	1446	-5.512897
2697	1446	-14.500014
2907	1446	-10.776006
390	1447	8.048743
994	1447	5.218184
1019	1447	-0.122691
1036	1447	-9.415624
1039	1447	-9.549896
1052	1447	5.389409
1468	1447	8.306861
2047	1447	14.041431
2825	1447	5.933538
3632	1447	-12.560843
4021	1447	-0.378630
698	1451	-16.810111
1137	1451	-23.960238
1979	1451	-21.753797
2229	1451	-9.342751
737	1452	-10.525814
1092	1452	-4.039090
1428	1452	1.653544
1555	1452	-1.458682
1695	1452	4.495768
2159	1452	11.310076
2521	1452	15.529078
2665	1452	-19.331141
2729	1452	-15.993565
2755	1452	14.731773
3158	1452	4.351562
3745	1452	-5.786259
3885	1452	-10.226101
42	1455	-3.668862
113	1455	-2.562716
407	1455	6.274723
572	1455	-11.655244
661	1455	8.075418
1101	1455	-6.201442
1160	1455	-7.935758
1375	1455	1.518248
1386	1455	-6.278167
1952	1455	-17.668661
2665	1455	5.587867
2897	1455	7.267867
2918	1455	-2.062670
3551	1455	33.493722
3945	1455	14.884905
4032	1455	-3.782113
209	1456	14.110642
2066	1456	2.559001
2221	1456	1.135014
3404	1456	-8.799804
3769	1456	3.675722
352	1458	10.060640
1485	1458	-25.739213
1537	1458	-14.627335
2954	1458	-7.707642
1990	1459	-5.138027
2169	1460	2.615333
3310	1460	19.946996
214	1461	-6.092493
959	1461	11.033650
1347	1462	-11.277622
1374	1462	-9.764453
1462	1462	5.794883
1608	1462	3.428331
1941	1462	4.700012
1955	1462	-14.136073
2066	1462	6.094699
2393	1462	3.023013
2436	1462	-13.474087
2547	1462	-7.444162
2816	1462	-6.318389
3000	1462	3.721794
3740	1462	2.067416
4024	1462	-0.472407
656	1463	18.785584
2060	1463	1.673947
2232	1463	-3.478274
2270	1463	1.370085
3148	1463	-0.904106
3743	1463	-11.872444
184	1464	-6.216756
352	1464	-4.220730
2520	1465	1.518417
73	1468	9.926234
370	1468	-6.853670
417	1468	-11.115000
572	1468	8.280424
760	1468	-15.650537
762	1468	-5.914575
815	1468	-5.967058
830	1468	5.555312
862	1468	5.173708
873	1468	8.381985
895	1468	4.719657
990	1468	-13.141011
1101	1468	-2.271394
1233	1468	-16.550720
1238	1468	-4.329929
1362	1468	-4.077574
1408	1468	-0.554940
1452	1468	6.500672
1468	1468	0.513174
1513	1468	-15.239755
1535	1468	9.458173
1637	1468	11.309268
1682	1468	-10.630816
2060	1468	-6.532518
2105	1468	-13.788252
2129	1468	-5.578460
2221	1468	1.198634
2538	1468	-3.682293
2604	1468	0.677117
2639	1468	0.318576
2827	1468	-1.279360
2907	1468	-22.125087
2943	1468	-11.082693
2981	1468	2.110636
3080	1468	8.725206
3108	1468	15.861757
3173	1468	-7.193178
3229	1468	-3.804223
3261	1468	-0.254675
3293	1468	-6.501895
3329	1468	-0.607525
3662	1468	7.724209
3701	1468	7.244939
3773	1468	4.728858
3792	1468	-4.731590
3793	1468	3.447019
3945	1468	-6.837459
4016	1468	19.150824
1070	1469	-6.603537
1651	1469	-10.720535
1301	1470	14.959272
214	1471	-8.402789
572	1471	-16.033099
1362	1471	7.700697
1429	1471	-5.602363
2813	1471	20.072278
3310	1471	10.301599
3637	1471	5.576902
3639	1471	-1.758047
1289	1472	-4.484902
2229	1472	-1.330844
2393	1472	-3.251322
2919	1472	2.834663
2931	1472	-2.153602
3588	1472	-9.820021
3802	1472	-7.050764
3344	1473	-2.742782
737	1475	2.335270
1328	1475	11.617222
3782	1475	14.887728
1079	1476	18.383613
2921	1477	11.052130
141	1478	-4.405850
2930	1479	-8.804236
3904	1479	4.936243
2130	1480	19.912169
1511	1482	-0.564330
513	1483	-10.889673
698	1483	-6.509681
1701	1483	0.207708
2168	1483	-3.555660
2222	1483	-7.068701
4008	1483	10.699203
2163	1484	-0.214842
3411	1484	-3.662067
3684	1484	-2.815219
3974	1484	-4.423965
4	1485	15.538899
25	1485	4.042229
42	1485	-12.114795
51	1485	9.666096
73	1485	-26.231412
92	1485	7.300486
97	1485	12.646131
113	1485	-4.269314
148	1485	11.071755
163	1485	-3.407791
170	1485	-12.836099
186	1485	-15.036655
187	1485	-15.791793
214	1485	17.153356
243	1485	-10.489328
271	1485	-2.112851
278	1485	7.964117
279	1485	1.819886
320	1485	-2.542100
344	1485	-2.791703
384	1485	-16.862294
400	1485	-10.472782
424	1485	-19.216311
433	1485	0.379575
449	1485	4.772741
456	1485	43.926545
474	1485	17.015659
493	1485	-9.222737
500	1485	1.564065
508	1485	-7.601773
550	1485	0.522489
553	1485	-4.532719
557	1485	-10.463581
572	1485	10.085959
589	1485	17.741379
599	1485	-8.402403
615	1485	-27.520298
623	1485	-2.110261
640	1485	0.186501
663	1485	-20.195510
698	1485	-23.702372
707	1485	3.059345
777	1485	-5.134028
852	1485	4.889903
894	1485	0.926181
941	1485	-6.456607
977	1485	11.140391
978	1485	-1.780799
987	1485	-10.050083
997	1485	-0.757878
1015	1485	5.710244
1039	1485	9.759904
1051	1485	10.196224
1101	1485	41.730471
1122	1485	13.433515
1128	1485	4.465703
1155	1485	-3.104244
1160	1485	9.055010
1179	1485	-9.080621
1216	1485	24.190584
1227	1485	3.543000
1230	1485	6.910008
1242	1485	-6.695327
1328	1485	-20.562258
1374	1485	-16.349723
1375	1485	-4.754240
1396	1485	4.453186
1462	1485	11.427019
1485	1485	-34.631455
1486	1485	9.277478
1522	1485	-12.008711
1533	1485	8.174836
1537	1485	-10.484028
1538	1485	17.256247
1577	1485	8.057855
1581	1485	-4.182232
1591	1485	0.556514
1630	1485	-9.499957
1646	1485	-8.763270
1679	1485	-7.931570
1682	1485	-36.987333
1701	1485	-0.055601
1710	1485	4.620480
1712	1485	-9.602709
1714	1485	-6.770676
1726	1485	-9.644380
1756	1485	-13.761398
1791	1485	5.230838
1802	1485	9.983567
1854	1485	2.574798
1883	1485	7.731719
1897	1485	25.326012
1955	1485	-18.160010
1976	1485	-14.642690
2028	1485	15.521665
2047	1485	-21.073411
2054	1485	-6.908793
2060	1485	-0.441941
2066	1485	-27.459903
2129	1485	5.399572
2212	1485	3.755650
2214	1485	-2.160818
2216	1485	-16.874852
2263	1485	7.902576
2272	1485	-3.462758
2278	1485	19.774931
2341	1485	-2.317517
2347	1485	-20.268390
2353	1485	8.800971
2463	1485	-8.849724
2468	1485	18.683242
2538	1485	-9.988597
2617	1485	26.691276
2665	1485	-11.955693
2685	1485	-16.133800
2721	1485	7.249772
2765	1485	9.980288
2766	1485	-5.555743
2813	1485	-6.705839
2820	1485	4.075334
2843	1485	-11.937822
2907	1485	9.929050
2911	1485	-17.266305
2969	1485	1.815462
2983	1485	3.436925
3032	1485	17.064943
3044	1485	-2.181425
3229	1485	2.586488
3237	1485	17.048317
3240	1485	-0.616502
3256	1485	-12.304884
3261	1485	11.243678
3349	1485	-2.763753
3360	1485	-3.908659
3376	1485	-4.058026
3380	1485	11.653526
3423	1485	-4.201541
3447	1485	14.737508
3485	1485	-5.515566
3622	1485	3.085263
3662	1485	-10.564729
3684	1485	-2.960781
3709	1485	-0.313443
3713	1485	-5.773882
3719	1485	-13.988954
3725	1485	-2.924185
3730	1485	3.298232
3733	1485	-9.215397
3740	1485	8.236633
3793	1485	-34.315737
3795	1485	-7.178498
3802	1485	-6.080011
3804	1485	-3.976161
3847	1485	-10.340342
3885	1485	-10.715712
3904	1485	-11.297923
3915	1485	-0.166788
3945	1485	-1.571791
3959	1485	23.666018
3983	1485	-8.477816
4083	1485	-2.189572
2653	1486	17.825421
1236	1488	-12.977958
1787	1492	-5.413655
2348	1494	15.825998
902	1495	-12.261809
1812	1495	-9.510073
552	1496	-0.149470
1101	1496	-15.104966
1238	1496	1.274762
1312	1496	-2.849112
1396	1496	9.202486
1922	1496	-19.110028
1950	1496	4.889849
2089	1496	18.639887
2505	1496	5.847062
2826	1496	8.786620
3180	1496	-14.958250
3645	1496	12.922670
2384	1497	-6.067124
589	1498	-9.137964
672	1498	-7.920004
2226	1498	-0.745308
3275	1498	10.454978
898	1501	4.227695
1535	1501	14.810553
1791	1501	-9.292891
200	1502	9.860543
214	1502	14.381553
456	1502	-8.648392
474	1502	17.442492
550	1502	-4.508099
895	1502	6.540751
1328	1502	2.884561
1381	1502	6.272228
1485	1502	1.025292
1589	1502	-10.529346
1679	1502	12.925479
1689	1502	-13.620947
1812	1502	-2.855535
1842	1502	-0.269320
1955	1502	-11.768966
2066	1502	10.479767
2111	1502	0.843030
2130	1502	-4.023685
2216	1502	1.069025
2270	1502	-18.166435
2278	1502	4.219873
2341	1502	-18.091665
2463	1502	40.522415
2599	1502	15.707063
2665	1502	-6.328410
2691	1502	-9.024132
2737	1502	-6.500587
2932	1502	-12.356091
3121	1502	-23.861956
3158	1502	2.585303
3380	1502	-4.019854
3441	1502	-7.743639
3919	1502	2.499181
4021	1502	-4.409522
4073	1502	-5.398983
4082	1502	2.298058
4012	1503	2.352214
113	1504	-0.263805
163	1504	-14.374481
209	1504	12.568491
256	1504	-3.639245
456	1504	-22.344891
545	1504	-7.262964
615	1504	-10.323734
697	1504	9.923418
737	1504	-2.175276
835	1504	-3.259757
873	1504	-5.264385
907	1504	-7.601325
1015	1504	1.194108
1055	1504	-1.069241
1148	1504	-4.270427
1362	1504	14.017872
1476	1504	-2.622442
1504	1504	11.459882
1556	1504	-1.814884
1756	1504	-12.339900
2010	1504	4.174442
2110	1504	-20.266405
2169	1504	13.728562
2229	1504	-1.098367
2459	1504	-23.062618
2575	1504	7.747343
2763	1504	-3.729337
2764	1504	7.044344
2958	1504	1.358751
3088	1504	16.867480
3158	1504	12.672651
3293	1504	-8.309199
3441	1504	5.868543
3686	1504	12.941158
3847	1504	3.212304
3871	1504	-10.902494
3904	1504	-11.691987
1589	1505	8.404055
3374	1507	-7.466185
3842	1507	-1.863524
521	1508	0.800782
1508	1508	7.344244
4003	1509	-6.934088
4005	1509	-1.591720
485	1510	-12.846214
1738	1510	9.590423
1897	1510	1.140606
3529	1510	0.926755
3649	1510	6.709911
3847	1510	11.994209
1459	1511	-18.862722
3108	1511	6.639415
1077	1512	-6.731667
1679	1512	12.007788
2062	1512	-1.489981
2343	1512	-12.847901
2521	1512	-13.255225
392	1513	7.865258
456	1513	34.267300
572	1513	6.118208
893	1513	12.626029
928	1513	4.294311
1468	1513	-6.955435
1663	1513	6.627951
2549	1513	-15.929307
2752	1513	1.432371
2987	1513	22.183294
4083	1513	6.125395
131	1514	-18.407815
39	1516	6.807181
419	1516	8.451117
548	1516	-7.970680
1213	1516	4.383275
1669	1516	-10.520240
2045	1516	-13.832588
2375	1516	-17.544167
2420	1516	1.792060
2724	1516	-14.784159
2766	1516	-3.627524
3684	1516	-1.063146
3804	1516	10.455613
1244	1518	-9.407940
4063	1518	11.260049
3357	1519	3.412302
1033	1520	0.334936
1120	1520	11.112548
2192	1520	4.826217
3044	1520	6.431387
664	1521	4.025867
15	1522	2.413259
84	1522	-8.024940
113	1522	10.711486
163	1522	-0.604993
288	1522	-2.726982
324	1522	0.449741
357	1522	-4.134075
371	1522	0.227384
456	1522	11.152867
500	1522	-12.584154
545	1522	31.833604
555	1522	-0.996550
663	1522	4.806069
736	1522	-14.057639
737	1522	3.442243
742	1522	-2.566896
798	1522	-6.849177
852	1522	-1.785205
895	1522	-3.385978
970	1522	2.270008
1092	1522	9.459658
1101	1522	5.082245
1146	1522	-7.755678
1193	1522	-1.554199
1216	1522	10.688389
1227	1522	-1.079919
1291	1522	2.821720
1325	1522	-3.976950
1429	1522	-1.923182
1437	1522	13.447609
1485	1522	-4.787365
1512	1522	6.273149
1522	1522	-4.135055
1594	1522	6.195408
1682	1522	19.795814
1710	1522	8.053582
1747	1522	15.370212
1808	1522	-21.665629
1816	1522	-2.168051
1844	1522	-6.701164
1881	1522	-1.346334
1942	1522	-11.603343
1959	1522	-0.152421
2051	1522	3.424409
2054	1522	-6.406385
2066	1522	16.247529
2278	1522	4.156786
2429	1522	9.971527
2459	1522	2.354032
2472	1522	-8.634014
2490	1522	-7.762627
2494	1522	3.148504
2542	1522	9.875279
2646	1522	9.780957
2665	1522	-1.375034
2685	1522	-12.032749
2729	1522	8.224108
2733	1522	13.525902
2827	1522	8.177552
2919	1522	-5.521707
2962	1522	-10.361447
2971	1522	14.232705
3032	1522	-15.533711
3067	1522	10.370342
3143	1522	-33.600773
3240	1522	14.148801
3275	1522	-9.903068
3276	1522	0.870416
3330	1522	16.197478
3430	1522	-7.878352
3515	1522	-3.846766
3578	1522	14.199583
3596	1522	-5.090284
3651	1522	-14.958629
3719	1522	-14.085420
3734	1522	-0.282721
3738	1522	-10.091155
3795	1522	-24.690573
3802	1522	20.940652
3882	1522	-3.447555
3904	1522	11.112323
3945	1522	-19.126731
4005	1522	-7.855719
4014	1522	2.288624
4021	1522	13.173415
4041	1522	-9.277194
4068	1522	-3.304988
384	1523	-11.184830
1695	1523	5.567134
3782	1523	6.132028
92	1524	-0.661626
205	1524	0.055165
456	1524	-7.309370
589	1524	-10.658351
871	1524	17.417080
895	1524	-8.901196
941	1524	-1.427907
987	1524	-6.189056
1075	1524	1.867286
1216	1524	-16.779608
1429	1524	-0.898466
1485	1524	16.087227
1658	1524	9.915367
1842	1524	10.780272
2270	1524	12.062698
2341	1524	5.320334
2494	1524	-7.551944
2505	1524	7.633692
2599	1524	0.479527
2665	1524	-17.511803
2683	1524	2.439787
2766	1524	20.768727
2930	1524	-8.298372
2991	1524	6.666181
3067	1524	14.856727
3075	1524	8.013660
3345	1524	-15.554472
3477	1524	-9.724080
3540	1524	-22.633450
3542	1524	-9.685894
3606	1524	-6.658616
3904	1524	0.909795
3925	1524	11.568573
3973	1524	-5.357010
2543	1525	-0.620368
131	1526	20.134956
663	1527	-17.502674
839	1527	3.249353
1718	1527	18.726354
344	1528	-6.913048
1256	1528	-4.616845
1618	1528	-8.533812
1814	1528	0.208566
2463	1528	-2.504676
231	1530	-11.223857
598	1531	-0.669892
2089	1531	-9.651891
3275	1531	6.957726
2766	1532	-8.291560
80	1533	-8.929694
97	1533	-22.413473
187	1533	5.817365
336	1533	10.289138
340	1533	-0.797359
463	1533	-2.111235
545	1533	-2.779954
677	1533	3.049959
737	1533	-10.677357
895	1533	-21.214741
1157	1533	8.311396
1216	1533	-6.227130
1533	1533	-5.869272
1543	1533	4.415058
1767	1533	-13.049974
1903	1533	10.401316
2026	1533	-8.960017
2214	1533	6.797992
2341	1533	-17.658449
2436	1533	-13.006981
2472	1533	9.948444
2482	1533	-13.916282
2492	1533	8.282810
2577	1533	-6.776475
2665	1533	4.366129
2729	1533	-8.937438
2743	1533	14.218650
2845	1533	-14.817239
3044	1533	-13.652801
3061	1533	-8.400963
3173	1533	-8.110323
3793	1533	-13.247453
3816	1533	5.187935
3996	1533	13.863513
1945	1534	-5.636140
2265	1534	7.546863
5	1535	0.483858
68	1535	14.504791
545	1535	8.412121
893	1535	-8.304618
976	1535	-3.888013
1576	1535	-0.587817
1679	1535	-3.744446
1718	1535	-10.511578
2990	1535	-18.189059
3194	1535	10.574150
3405	1535	5.121463
3740	1535	-5.089497
3823	1535	-9.595727
4082	1535	18.115814
568	1536	10.349492
646	1536	-1.883865
996	1536	8.870327
1374	1536	29.013523
1733	1536	0.897011
2347	1536	7.170379
2840	1536	-10.779197
2901	1536	-0.217610
3272	1536	2.183587
3310	1536	11.978461
3740	1536	-2.456948
456	1537	-9.505101
663	1537	-9.513436
810	1537	-8.320133
935	1537	7.080000
977	1537	-12.571345
1051	1537	-4.419662
1533	1537	-0.200426
1883	1537	6.506675
1949	1537	-0.826659
2089	1537	-7.260287
2134	1537	-6.615767
2270	1537	6.929925
2429	1537	24.757784
2492	1537	1.187036
2624	1537	1.024539
2665	1537	-5.000206
2871	1537	2.349792
3044	1537	5.192208
3229	1537	-13.215397
3279	1537	8.104159
3447	1537	-7.139396
3585	1537	-7.665248
3622	1537	2.802047
3842	1537	-9.626420
3847	1537	-7.032813
4	1538	-11.227390
14	1538	12.902498
37	1538	2.396983
110	1538	-3.615098
113	1538	-9.673055
369	1538	-7.224390
395	1538	-4.274026
439	1538	5.283012
456	1538	0.591253
517	1538	-9.964335
550	1538	12.255721
743	1538	-0.991534
762	1538	-10.838837
767	1538	-0.566683
778	1538	-3.646791
849	1538	-7.776735
852	1538	-13.735891
864	1538	-3.843693
895	1538	7.298168
933	1538	1.153299
1077	1538	-17.472669
1101	1538	-7.282660
1136	1538	-4.142231
1147	1538	-0.529516
1179	1538	4.937782
1238	1538	-7.861427
1362	1538	-3.364839
1376	1538	1.983004
1377	1538	22.215171
1386	1538	-22.454725
1425	1538	5.787367
1428	1538	1.242052
1485	1538	16.987297
1498	1538	-12.944849
1538	1538	-27.583153
1587	1538	6.777355
1594	1538	-5.623662
1615	1538	1.993047
1637	1538	-8.840030
1656	1538	-15.480957
1679	1538	-3.254679
1704	1538	-8.131725
1759	1538	6.293836
1793	1538	-10.904722
1816	1538	-11.035532
1952	1538	-16.067723
1955	1538	-9.137309
2066	1538	7.325657
2089	1538	2.399901
2105	1538	-10.534434
2129	1538	10.260718
2181	1538	5.151900
2212	1538	3.792236
2267	1538	-0.433573
2347	1538	-11.207480
2436	1538	1.037430
2469	1538	11.189456
2490	1538	-23.405227
2492	1538	5.891012
2538	1538	5.911848
2665	1538	8.266655
2729	1538	-6.612075
2766	1538	8.087179
2826	1538	19.344330
2834	1538	-12.617599
2907	1538	-4.777946
2930	1538	11.448876
2954	1538	-3.074236
2991	1538	23.122518
3004	1538	-11.815729
3019	1538	-4.621960
3039	1538	13.850256
3044	1538	-4.167858
3158	1538	19.224368
3229	1538	-36.808114
3293	1538	-1.168514
3310	1538	10.072587
3333	1538	-11.391370
3343	1538	-8.442081
3344	1538	-2.463807
3477	1538	-10.460677
3525	1538	-7.463581
3596	1538	-10.326443
3701	1538	4.832664
3748	1538	-2.621152
3769	1538	14.648230
3847	1538	16.859494
3880	1538	10.101040
3904	1538	3.561664
3945	1538	-7.770318
4041	1538	-4.870470
4083	1538	8.305050
171	1540	15.295298
456	1540	7.542189
855	1540	21.722046
1408	1540	3.269626
1679	1540	6.839215
1764	1540	-0.279669
2490	1540	3.298536
2633	1540	-1.161218
2866	1540	30.364464
3129	1540	7.956093
3614	1540	-2.253207
3719	1540	-12.810320
3793	1540	-4.967624
3928	1540	0.271666
2911	1541	-13.649012
1889	1542	4.126975
11	1543	-14.751345
452	1543	15.048320
874	1543	16.819914
894	1543	-9.435596
2071	1543	2.125183
2341	1543	6.216733
2705	1543	-8.599302
3031	1543	-4.627624
632	1544	3.914640
477	1548	-5.727920
371	1549	0.626647
1787	1550	17.798144
2270	1550	-5.828087
664	1551	-8.893022
2963	1551	1.216886
288	1552	-3.234827
572	1552	5.724702
2182	1552	-12.952943
3879	1552	-2.312366
321	1554	13.662393
3441	1554	12.198837
3983	1554	-2.998272
97	1555	-5.816690
113	1555	-13.942449
299	1555	-19.212946
368	1555	-6.853951
439	1555	3.731812
525	1555	-8.960225
555	1555	-19.235817
857	1555	13.067950
1015	1555	-23.320325
1101	1555	26.961077
1374	1555	5.189509
1401	1555	9.166485
1445	1555	7.619138
1510	1555	2.394840
1555	1555	-24.291786
1560	1555	19.157987
1682	1555	5.553429
1955	1555	-3.729472
2010	1555	15.914535
2170	1555	2.348135
2290	1555	-21.219496
2436	1555	8.061579
2465	1555	15.976791
2490	1555	-14.058625
2660	1555	-6.062139
2724	1555	4.031262
2816	1555	-22.707348
2987	1555	-9.949199
3044	1555	-0.394970
3811	1555	-12.740481
3904	1555	-21.940918
4073	1555	3.866436
151	1556	-12.781151
993	1556	-4.535512
1651	1556	-0.865042
1810	1556	18.857103
1891	1556	-8.028324
1954	1556	7.255330
1155	1557	-9.102647
1635	1559	17.007000
1913	1559	15.103287
1982	1559	6.831047
170	1560	-16.359143
256	1560	-14.507417
407	1560	5.408396
472	1560	-4.164294
737	1560	8.952115
757	1560	5.143064
864	1560	-12.881803
927	1560	1.090730
933	1560	22.533168
1051	1560	4.410327
1101	1560	-8.374529
1127	1560	-0.456399
1147	1560	0.183116
1320	1560	-8.998732
1328	1560	-13.117827
1435	1560	8.579996
1591	1560	-15.791084
1738	1560	8.417228
1763	1560	0.829974
1942	1560	3.934734
1955	1560	-7.642700
2315	1560	-5.294123
2490	1560	-8.067929
2922	1560	17.221634
3006	1560	-8.343676
3563	1560	3.994470
3890	1560	-0.057037
4025	1560	7.704807
4021	1562	8.125944
72	1564	13.248073
170	1564	8.204783
683	1564	-10.813488
766	1564	7.271774
843	1564	3.598758
929	1564	9.865287
977	1564	-4.311393
1078	1564	-12.807522
1401	1564	1.732248
1560	1564	0.807355
1791	1564	4.505856
1887	1564	-0.843457
3183	1564	-8.657987
3223	1564	18.050026
3460	1564	0.688025
3519	1564	11.133266
3534	1564	6.504481
3622	1564	-1.668879
3645	1564	5.136609
3663	1564	-1.774803
3847	1564	13.591477
3904	1564	19.574058
4022	1564	-1.273731
113	1565	1.621959
550	1565	1.422513
1594	1565	-0.822224
1947	1565	-5.811661
3738	1565	16.079163
3280	1566	-7.118509
49	1568	4.195487
1429	1568	-10.307880
3816	1568	13.620429
15	1570	-11.346816
25	1570	1.781479
394	1570	-6.958595
476	1570	-17.818510
780	1570	9.951075
893	1570	-3.490726
1077	1570	11.327667
1390	1570	17.360702
1468	1570	0.720907
1485	1570	-10.039445
1791	1570	-27.411177
1914	1570	-10.095069
2060	1570	19.338108
2492	1570	10.170953
2555	1570	-2.431408
2604	1570	0.739506
3586	1570	6.519863
3719	1570	1.263057
3866	1570	11.151418
3885	1570	-2.414988
837	1571	6.494211
1524	1571	-1.294058
2265	1571	-13.385316
2302	1571	-19.204280
2502	1571	-3.159916
3366	1571	13.972793
1470	1574	-11.256197
1594	1574	-13.498202
2665	1574	9.559778
3691	1574	-11.340710
4088	1574	-8.651463
1375	1575	-9.323169
2542	1575	8.197583
170	1576	-19.933458
197	1576	14.915912
357	1576	7.340577
989	1576	-1.554885
1077	1576	-17.018161
1637	1576	-0.372834
1889	1576	-9.233728
2062	1576	-3.792162
2199	1576	10.578439
2490	1576	-7.621189
3044	1576	13.320402
3296	1576	-7.080314
3486	1576	-2.699561
3723	1576	12.777725
3793	1576	-5.747118
4032	1576	-3.396530
305	1577	7.412039
623	1577	-15.010377
737	1577	5.954167
989	1577	-1.422363
1976	1577	8.782503
2270	1577	13.393258
2468	1577	-1.102140
2538	1577	-0.790845
2574	1577	-7.503077
2727	1577	15.978625
2826	1577	-1.996974
2852	1577	11.594957
3229	1577	-13.032951
3644	1577	6.996919
3853	1577	16.605739
336	1581	18.309983
663	1581	7.900726
737	1581	-7.140800
776	1581	-10.949973
880	1581	-4.649223
977	1581	-9.326082
1075	1581	10.714903
1217	1581	1.495191
1226	1581	-5.007883
1581	1581	-11.408948
1707	1581	5.585847
1812	1581	-2.025578
2010	1581	23.769623
2075	1581	11.065773
2129	1581	-0.322898
2216	1581	4.868914
2436	1581	1.374251
2541	1581	-16.968187
2836	1581	-1.763699
2911	1581	8.999585
2987	1581	-1.650275
3006	1581	-2.279921
3044	1581	-6.312797
3145	1581	7.156596
3520	1581	-6.292095
3595	1581	-12.665789
3713	1581	2.965900
3793	1581	-7.567655
4082	1581	-1.577967
625	1582	-17.185511
1710	1582	18.978061
978	1583	10.947586
2780	1584	-2.415933
1532	1585	-4.532611
1690	1585	-14.798530
3696	1585	-1.422701
163	1587	3.849898
2990	1587	-4.904512
3145	1587	-9.563093
3596	1587	15.109432
3645	1587	5.151937
148	1589	5.925242
253	1589	0.962899
330	1589	0.797885
456	1589	0.016955
493	1589	-12.262507
506	1589	-1.373851
623	1589	3.692334
737	1589	-19.693768
748	1589	-12.549918
853	1589	4.239438
893	1589	-2.639024
895	1589	11.501008
1051	1589	-0.482208
1082	1589	-1.546966
1101	1589	5.013484
1201	1589	-7.655127
1374	1589	-15.824959
1471	1589	5.501862
1485	1589	-3.248026
1537	1589	9.107053
1589	1589	-22.503064
1842	1589	-0.999014
1955	1589	11.619801
1964	1589	-2.706932
2047	1589	-4.039939
2048	1589	15.550644
2060	1589	-0.063536
2066	1589	12.949178
2216	1589	-16.689760
2291	1589	2.967967
2341	1589	6.004594
2347	1589	-0.164045
2440	1589	-3.542790
2587	1589	8.136023
2619	1589	5.428637
2639	1589	-2.595789
2665	1589	-15.836084
2677	1589	-6.880661
2691	1589	-9.941159
2803	1589	13.952406
2843	1589	-0.638162
3223	1589	3.328457
3485	1589	-0.672150
3719	1589	16.177538
3740	1589	4.908041
3804	1589	7.281603
3998	1589	-4.198048
80	1591	-1.113704
96	1591	-18.046197
209	1591	-2.518880
287	1591	10.118190
400	1591	-21.843440
417	1591	1.721847
625	1591	-2.350370
749	1591	-6.951806
976	1591	-7.050132
1332	1591	-9.716993
1591	1591	10.258786
1646	1591	-1.035983
1682	1591	-0.920945
1710	1591	-1.387035
1723	1591	-13.082241
1756	1591	3.268227
2066	1591	-17.933208
2270	1591	3.569864
2278	1591	-1.214948
2477	1591	-7.594978
2490	1591	-2.644406
2561	1591	8.123338
2665	1591	0.679202
2907	1591	-11.192792
2932	1591	-5.911038
3044	1591	17.635209
3063	1591	5.829259
3143	1591	5.096428
3519	1591	6.841642
3567	1591	-1.513830
3842	1591	5.139743
3882	1591	-6.423427
3945	1591	-3.526323
3983	1591	-4.202585
151	1592	16.801832
1280	1592	0.761615
4012	1592	-1.592150
4032	1592	-9.380749
4073	1592	2.499343
1421	1593	1.002722
3373	1593	7.781023
74	1594	-1.522503
151	1594	-11.619882
209	1594	-0.523383
404	1594	0.790021
623	1594	13.723070
663	1594	6.487637
798	1594	-10.219570
961	1594	-9.595316
1101	1594	-14.621564
1325	1594	-7.310915
1429	1594	-3.090389
1725	1594	13.530067
1883	1594	-10.331915
2060	1594	1.968273
2066	1594	7.077286
2081	1594	-9.118538
2170	1594	-6.260329
2349	1594	-31.073201
2417	1594	-7.437050
2592	1594	-7.537261
2606	1594	-8.243734
2646	1594	16.065230
2676	1594	-11.120776
2806	1594	-1.344418
2845	1594	-8.255450
3143	1594	-25.049201
3477	1594	3.830816
3551	1594	0.587368
3602	1594	-5.083325
3649	1594	-21.398003
3678	1594	12.218852
3768	1594	17.570164
3802	1594	-20.815152
3842	1594	-2.996471
3866	1594	-4.649734
3904	1594	-23.660980
3945	1594	-6.071735
14	1596	-8.817690
978	1596	-4.113409
1675	1596	-5.686608
3570	1596	16.664479
3989	1596	-4.614745
458	1599	-10.494261
3485	1602	-5.530608
3655	1603	-15.030177
200	1604	-6.178287
524	1604	8.607054
1179	1604	-4.964157
2729	1604	24.818540
3410	1604	-4.262123
3740	1604	3.823981
4079	1605	-0.178129
3882	1606	1.983491
214	1608	7.435141
439	1608	-3.785197
737	1608	20.771957
895	1608	-4.641186
982	1608	-7.575045
996	1608	31.912911
1320	1608	-7.905403
1367	1608	7.067461
1667	1608	13.055660
1738	1608	-8.593918
2138	1608	-8.596465
2997	1608	-5.562278
3044	1608	15.883931
3709	1608	16.795516
3816	1608	3.460950
3988	1608	8.737253
4083	1608	8.151498
2480	1609	2.524424
363	1613	5.673908
3996	1613	-8.236871
789	1614	-1.087158
1039	1614	-9.529066
1075	1614	-4.137378
1522	1614	2.454396
1614	1614	-8.118998
2745	1618	12.179751
2757	1618	-29.772241
3158	1618	5.827228
214	1622	-9.529147
1332	1622	5.216855
1843	1622	20.516443
1943	1622	-16.076621
2332	1622	-3.868227
2341	1622	-2.198614
2492	1622	-13.086189
2533	1622	-12.275795
2665	1622	6.536258
3274	1622	-5.436267
3734	1622	2.306192
3790	1622	3.506113
3472	1623	-24.566715
656	1624	-12.751957
822	1624	-8.266855
1502	1624	-1.683463
1976	1624	-3.456987
2181	1624	-2.910168
3430	1624	0.215391
3889	1624	-1.642864
1570	1625	-0.297493
73	1626	-10.337787
894	1626	12.734329
3240	1626	-6.494112
156	1629	32.025246
623	1629	4.620526
1051	1629	5.887976
1458	1629	-1.793564
2471	1629	7.612785
2690	1629	7.140643
3194	1629	15.756971
146	1630	10.606889
946	1630	-1.747603
1127	1630	-6.607998
1181	1630	-2.075519
1360	1630	-6.823317
1839	1630	-6.750203
1854	1630	-3.710118
1947	1630	7.989083
2125	1630	10.936645
2639	1630	-3.281791
3018	1630	-2.593850
3031	1630	-5.364658
3185	1630	21.457556
3259	1630	-6.984166
415	1631	-1.632775
864	1631	14.463031
2167	1631	2.260851
2663	1631	-8.050904
3131	1631	-6.500414
472	1634	4.521332
849	1634	-0.247997
1972	1634	9.425195
1982	1634	-5.167287
3057	1634	-1.412276
3589	1634	5.240119
4068	1634	14.402042
308	1635	0.219308
737	1635	-2.058498
1146	1635	14.876143
1498	1635	2.600515
2319	1635	-8.576483
2683	1635	4.451832
3589	1635	-1.220072
357	1636	-5.670981
52	1637	-3.126781
97	1637	17.206076
187	1637	-2.620016
472	1637	25.485335
619	1637	-4.761344
803	1637	1.370288
1101	1637	7.968985
1190	1637	-8.980943
1576	1637	-0.768701
1614	1637	-7.443348
1630	1637	13.249894
1679	1637	1.287229
1816	1637	-6.989381
1829	1637	-16.312774
2270	1637	3.947641
2538	1637	5.189090
2892	1637	-6.514056
3145	1637	10.082794
3158	1637	-9.316327
3373	1637	4.755414
3485	1637	-10.776250
3769	1637	7.721150
3811	1637	-12.512850
3945	1637	-12.173111
4005	1637	-8.689292
4082	1637	2.681777
4083	1637	-14.322156
2922	1641	8.393971
3666	1641	-2.714874
57	1646	3.610696
73	1646	-12.312062
84	1646	-6.401791
97	1646	8.331134
103	1646	-3.320250
113	1646	8.545033
148	1646	0.146487
163	1646	-2.631156
171	1646	2.004792
302	1646	7.141696
320	1646	11.801285
407	1646	3.876858
456	1646	1.324795
501	1646	12.328357
513	1646	-8.931039
553	1646	-4.112081
572	1646	9.786002
623	1646	2.321449
683	1646	-7.656364
736	1646	9.285824
843	1646	10.223144
895	1646	28.023853
977	1646	9.061597
1085	1646	4.727263
1089	1646	10.550016
1101	1646	14.323088
1108	1646	11.385225
1132	1646	-2.181549
1216	1646	-19.071285
1217	1646	-12.608090
1238	1646	5.916572
1328	1646	-7.591546
1362	1646	3.196996
1375	1646	-20.245606
1381	1646	19.285512
1429	1646	7.631891
1452	1646	1.546222
1512	1646	-14.192746
1646	1646	-9.636654
1735	1646	-5.916051
1745	1646	3.488717
1763	1646	-5.029456
1767	1646	10.016304
1842	1646	4.932490
1851	1646	4.496709
1929	1646	1.299697
1979	1646	1.666655
2045	1646	-8.842577
2066	1646	-3.802108
2169	1646	19.597928
2192	1646	2.095933
2226	1646	16.901952
2265	1646	23.150304
2272	1646	7.230308
2277	1646	-4.266546
2290	1646	12.098887
2347	1646	-4.040820
2349	1646	11.129426
2376	1646	7.355573
2468	1646	2.225317
2505	1646	5.472227
2550	1646	-2.525820
2571	1646	-4.014566
2599	1646	-1.835788
2639	1646	2.269873
2654	1646	15.610936
2766	1646	-4.460198
2981	1646	-6.672783
2987	1646	3.189354
3006	1646	13.219180
3044	1646	-5.648534
3310	1646	-8.725050
3519	1646	2.895020
3529	1646	-4.041403
3570	1646	9.561932
3692	1646	-2.275632
3713	1646	4.840522
3719	1646	5.468940
3802	1646	10.207364
4011	1646	16.065067
4034	1646	19.061949
545	1647	19.692024
1536	1647	-4.715953
1819	1647	13.504223
352	1649	9.520203
1856	1649	-2.815852
2845	1649	-0.097303
3811	1649	1.920869
97	1651	5.545426
289	1651	3.032804
400	1651	7.406118
456	1651	9.889913
491	1651	12.367080
501	1651	-12.485018
615	1651	15.108233
628	1651	-8.213240
852	1651	20.774190
895	1651	13.807154
1047	1651	-9.792952
1101	1651	-0.398421
1132	1651	-0.195825
1485	1651	-8.897860
1591	1651	1.888837
1651	1651	-13.769450
1655	1651	6.936031
1679	1651	-3.975574
2105	1651	9.853509
2246	1651	4.506717
2302	1651	0.184722
2419	1651	16.788179
2626	1651	0.979918
2639	1651	-7.984763
2904	1651	1.318801
2915	1651	7.511439
3003	1651	4.879071
3229	1651	25.949932
3476	1651	3.722263
3485	1651	4.612865
3662	1651	5.653840
3793	1651	-10.294156
3825	1651	1.629344
3873	1651	14.973136
3952	1651	-19.353532
4041	1651	-1.117235
4051	1651	-7.669188
697	1652	0.806643
1652	1652	-3.471889
3146	1652	-12.705002
504	1654	1.217794
1113	1654	-17.822510
170	1655	-5.691099
289	1655	-10.990293
400	1655	-7.965401
554	1655	-3.779197
583	1655	-17.498659
737	1655	20.867210
933	1655	1.714294
1101	1655	-3.588282
1226	1655	13.210020
1367	1655	-24.042612
1630	1655	3.220081
1651	1655	-11.968283
1655	1655	-12.809900
1715	1655	-10.499505
1759	1655	2.623873
1763	1655	2.840372
1862	1655	0.768532
1955	1655	-14.334112
2045	1655	0.902829
2059	1655	4.582852
2066	1655	-8.567208
2265	1655	-3.212961
2287	1655	5.803292
2341	1655	13.815394
2426	1655	-4.509462
2762	1655	17.762553
2826	1655	5.648092
3039	1655	-7.218667
3362	1655	-1.389649
3485	1655	-2.137694
3698	1655	-19.254989
3795	1655	-6.773177
3904	1655	-3.105534
3919	1655	-2.285593
3945	1655	-1.538370
4082	1655	-1.072791
4086	1655	1.416623
37	1656	-19.121327
113	1656	11.038920
170	1656	0.757421
419	1656	-4.435097
439	1656	2.508014
456	1656	-1.428938
532	1656	-6.863152
550	1656	10.588751
746	1656	9.950177
1101	1656	4.784023
1136	1656	-14.372435
1160	1656	22.015012
1179	1656	12.860903
1238	1656	3.076149
1328	1656	-4.802947
1428	1656	-0.191559
1445	1656	4.714589
1537	1656	-2.813437
1597	1656	13.365068
1733	1656	13.231947
1756	1656	-13.969546
1925	1656	4.929401
1955	1656	7.559255
2010	1656	-7.721091
2075	1656	-11.192506
2265	1656	18.669909
2370	1656	15.525864
2393	1656	15.984663
2436	1656	-1.483451
2468	1656	17.289068
2538	1656	7.139857
2665	1656	-12.901087
2684	1656	6.075512
2727	1656	-11.011154
2749	1656	3.878280
2816	1656	-2.883575
2836	1656	-2.803193
2954	1656	-2.165233
3146	1656	-0.408852
3158	1656	-9.148376
3229	1656	10.320662
3984	1656	1.877091
4082	1656	-11.433327
97	1657	-0.570359
472	1657	-2.781961
615	1657	-10.656638
1101	1657	-0.199679
1362	1657	11.775357
1682	1657	1.261083
2001	1657	18.123656
2214	1657	6.755359
2302	1657	12.367636
2412	1657	-18.844752
2540	1657	-4.780863
2865	1657	-5.551286
3152	1657	-1.383160
3719	1657	0.411883
3793	1657	1.836686
3996	1657	7.812822
864	1658	3.844720
3049	1658	-3.870701
18	1659	-0.888853
553	1659	8.657796
664	1659	-7.889252
1101	1659	-0.235109
1842	1659	-1.514704
2341	1659	-23.882130
2552	1659	2.689680
3426	1659	6.724317
3585	1661	2.458153
3925	1661	3.106065
2	1662	-12.344752
978	1663	1.810446
1186	1663	-4.607935
1362	1663	6.020855
1502	1663	-3.405077
2270	1663	-6.984969
2750	1663	-0.857630
3018	1663	-13.454130
3145	1663	-7.465556
3194	1663	-13.941596
3241	1663	1.721031
3358	1663	6.020456
493	1664	-5.732626
2755	1664	-5.360345
473	1665	-4.106491
4	1667	0.977072
51	1667	-0.041840
150	1667	-15.419838
550	1667	-12.823565
608	1667	-5.123089
623	1667	17.446603
744	1667	-1.672124
777	1667	-8.787082
823	1667	-12.431841
1101	1667	9.662337
1158	1667	-3.146694
1246	1667	1.246799
1374	1667	-23.685801
1396	1667	5.232649
1437	1667	-8.969280
1462	1667	-8.605910
1637	1667	-7.782448
1651	1667	7.614871
1667	1667	-9.587306
1756	1667	7.044217
1945	1667	-3.276825
1955	1667	-6.640262
2066	1667	-0.103789
2089	1667	9.806314
2130	1667	5.752444
2332	1667	13.058855
2354	1667	4.090561
2616	1667	1.019705
2702	1667	-7.620361
2846	1667	14.724494
2872	1667	-13.883108
3007	1667	-4.951752
3070	1667	-16.549427
3229	1667	-22.023524
3274	1667	6.042560
3447	1667	3.371015
3483	1667	-0.400827
3596	1667	2.829021
3719	1667	-14.078458
3784	1667	4.482370
3798	1667	-17.724850
3945	1667	-3.524343
161	1668	4.631252
3374	1668	-3.825045
3383	1668	3.564517
3688	1668	1.790646
3915	1668	-6.636197
440	1669	9.813156
1077	1669	-2.838923
2672	1669	-8.398791
4023	1669	-12.278409
320	1671	6.458805
2649	1671	11.998625
2891	1671	0.747478
2963	1671	-5.450645
3309	1674	-3.249516
2768	1675	7.254760
3171	1675	-4.204448
3264	1675	12.728181
4073	1675	-0.614990
73	1676	-11.822277
1945	1677	-9.168385
2895	1678	3.077720
3727	1678	18.092669
4	1679	-11.115855
39	1679	-12.656883
80	1679	-7.324454
95	1679	12.503754
97	1679	-12.080890
170	1679	-1.611340
214	1679	18.441812
407	1679	-6.671148
415	1679	-2.976393
417	1679	2.857419
452	1679	-7.225701
456	1679	-16.304372
472	1679	14.015994
506	1679	17.450136
508	1679	1.515567
532	1679	20.294322
612	1679	2.302988
615	1679	8.932849
623	1679	-8.935619
737	1679	-30.265185
843	1679	-13.676194
852	1679	26.303868
926	1679	-11.730880
935	1679	10.025473
976	1679	-5.951698
1023	1679	-18.545002
1101	1679	0.145801
1120	1679	-9.830349
1148	1679	-5.225040
1169	1679	3.111380
1310	1679	-4.432858
1362	1679	4.676240
1374	1679	2.489580
1414	1679	-6.702747
1524	1679	20.103292
1538	1679	23.535651
1560	1679	-3.134816
1635	1679	10.538773
1656	1679	-8.890007
1679	1679	-11.039437
1719	1679	-6.374232
1726	1679	-11.179840
1756	1679	5.634770
1767	1679	-7.488820
1808	1679	4.163568
1812	1679	-10.792484
1816	1679	-10.663870
1889	1679	16.519411
1922	1679	5.922485
1955	1679	-12.470260
1976	1679	7.201625
1981	1679	-1.169725
2010	1679	3.751289
2062	1679	-2.425913
2066	1679	-26.373855
2093	1679	-6.429953
2167	1679	-0.986348
2216	1679	3.035931
2221	1679	1.205460
2347	1679	12.041608
2408	1679	-11.480544
2412	1679	3.225572
2436	1679	11.258824
2468	1679	5.385645
2523	1679	8.608617
2538	1679	4.585642
2577	1679	10.328484
2626	1679	7.016722
2630	1679	4.943231
2647	1679	-24.765749
2665	1679	-43.099849
2727	1679	2.859645
2729	1679	-10.348403
2766	1679	-1.211496
2907	1679	-3.543204
2986	1679	14.887076
3032	1679	3.390744
3154	1679	-2.620715
3158	1679	5.027991
3441	1679	-3.120277
3449	1679	0.185017
3477	1679	12.216074
3485	1679	-10.664428
3793	1679	-14.070199
3813	1679	11.226398
3842	1679	-9.772937
3873	1679	-5.805517
3904	1679	9.793876
3945	1679	-11.999057
4004	1679	21.567400
4032	1679	9.385583
407	1680	-1.292289
1452	1680	11.311578
1955	1680	3.001828
437	1681	1.994853
525	1681	-37.988567
970	1681	4.877743
1089	1681	-9.475647
1555	1681	0.423819
3620	1681	-18.757158
24	1682	5.520078
58	1682	3.512390
73	1682	-7.745516
97	1682	15.583445
113	1682	-4.066334
187	1682	-11.233049
209	1682	1.385266
214	1682	3.398686
299	1682	-13.685863
407	1682	-11.722792
414	1682	-6.331227
456	1682	7.498841
462	1682	-0.906975
472	1682	6.105189
501	1682	-0.810261
508	1682	-7.937895
545	1682	7.631371
572	1682	-3.556760
663	1682	8.623864
852	1682	-10.647184
894	1682	-17.735480
895	1682	-16.737143
949	1682	-1.291487
976	1682	-21.181979
1116	1682	-6.861989
1120	1682	-4.321840
1160	1682	12.297044
1238	1682	2.360410
1280	1682	13.692118
1325	1682	-4.081996
1332	1682	-2.324890
1347	1682	-7.028169
1375	1682	12.935381
1429	1682	0.208765
1437	1682	18.879682
1485	1682	-2.554108
1520	1682	12.033938
1591	1682	-5.117020
1646	1682	-10.918145
1651	1682	-4.338881
1682	1682	8.089747
1726	1682	-20.688549
1780	1682	13.844362
1883	1682	-14.096341
1956	1682	-10.845837
2060	1682	-4.374051
2066	1682	-10.488168
2084	1682	-4.441141
2118	1682	4.649771
2125	1682	-3.884979
2156	1682	0.441465
2341	1682	5.417868
2436	1682	-18.749802
2468	1682	9.713602
2490	1682	-10.289637
2551	1682	-1.507363
2665	1682	1.576583
2766	1682	-3.963409
2857	1682	-2.027954
2943	1682	-17.120911
2962	1682	11.697748
3039	1682	12.690500
3256	1682	-5.774169
3287	1682	-0.984983
3373	1682	-10.459754
3514	1682	-5.649835
3519	1682	-2.475112
3522	1682	-4.619640
3565	1682	-4.275458
3570	1682	-7.527502
3578	1682	10.392908
3795	1682	-10.441539
3816	1682	11.250294
3904	1682	2.078464
3922	1682	0.009127
3930	1682	-5.063195
3945	1682	11.203575
3979	1682	5.017716
3984	1682	-8.288905
4034	1682	-1.785530
3286	1683	15.854930
458	1684	-1.489600
1328	1684	-4.384470
2924	1686	-3.398551
2468	1687	12.340297
400	1688	-12.543860
444	1688	4.115139
980	1688	8.083389
2425	1688	0.004748
2724	1688	-17.123976
3748	1688	-1.591250
3802	1688	-27.979944
224	1689	2.120352
789	1689	15.202870
929	1689	-24.452999
2047	1689	-9.332649
148	1690	-3.798497
439	1690	10.016100
572	1690	1.196164
1144	1690	2.211766
2028	1690	10.038645
3371	1690	15.482258
3869	1690	10.726122
4028	1690	-7.965846
450	1691	-2.887954
1148	1691	7.980998
2930	1691	-1.519260
619	1692	-0.652940
1316	1692	4.963697
1891	1692	-3.123427
2494	1692	-1.922551
3401	1692	-5.900809
4048	1692	-24.019661
3301	1693	5.662884
80	1695	-0.641942
285	1695	16.776962
631	1695	-8.742676
812	1695	-11.620686
2036	1695	0.160727
3034	1695	-14.154513
3343	1695	2.106924
3740	1695	-1.132240
2062	1696	1.600707
941	1700	-3.725197
1089	1700	-14.734269
2526	1700	12.842317
3733	1700	4.668529
491	1701	6.715127
864	1701	-4.353966
2492	1701	-9.296014
3274	1701	0.557157
3421	1701	1.632961
3009	1702	17.607896
3701	1704	10.160874
4083	1704	-8.116928
134	1705	3.904668
1637	1705	-1.883085
2010	1705	-2.978947
2907	1705	1.868604
3701	1705	1.219172
437	1706	4.090010
589	1706	-6.077619
895	1706	10.920651
1078	1706	-3.419838
1101	1706	-9.079590
1741	1706	5.027532
2048	1706	6.970015
2192	1706	1.811433
2216	1706	-8.272875
2441	1706	8.318234
2604	1706	17.051316
3006	1706	-17.555660
3250	1706	7.472178
3519	1706	18.725970
3866	1706	1.472131
1522	1709	-12.283255
113	1710	7.449550
170	1710	-4.002544
221	1710	8.311123
268	1710	-7.564606
362	1710	-4.137872
369	1710	-5.166739
615	1710	-10.093564
663	1710	-9.214346
933	1710	-4.021735
949	1710	6.000279
976	1710	-12.153592
1019	1710	-9.235983
1185	1710	-2.593795
1377	1710	-3.312285
1538	1710	-13.112918
1738	1710	11.100759
1812	1710	10.306186
2093	1710	8.643934
2494	1710	-7.399847
2663	1710	5.093896
2665	1710	-0.957457
2826	1710	-17.409131
2843	1710	7.253754
2922	1710	-11.655836
3182	1710	-19.053926
3229	1710	2.178475
3342	1710	-16.647534
3441	1710	-5.117606
3485	1710	5.398979
3567	1710	-15.403641
3614	1710	-0.019767
3693	1710	5.015736
3699	1710	-16.423632
3802	1710	-5.856253
3904	1710	-6.379070
3956	1710	-20.796302
3974	1710	-0.683200
4028	1710	-19.634159
348	1712	9.686942
3447	1712	-0.503456
3398	1713	-14.204998
57	1714	-1.348856
73	1714	-9.953250
148	1714	3.824017
514	1714	18.494102
798	1714	1.822388
895	1714	4.813120
1328	1714	-2.520109
1439	1714	-5.795238
1537	1714	-7.150768
1714	1714	-5.919301
1810	1714	1.026076
2210	1714	17.723918
2332	1714	15.510416
2588	1714	5.559998
2794	1714	16.728019
3223	1714	-1.908257
3414	1714	-10.704804
3885	1714	-7.292136
14	1715	1.409083
19	1715	12.885548
97	1715	20.953063
316	1715	-8.631493
439	1715	-18.559403
456	1715	11.399520
603	1715	13.805596
623	1715	0.133862
777	1715	-7.733360
864	1715	-3.015195
895	1715	-2.500305
1049	1715	-6.162925
1216	1715	4.991984
1396	1715	-1.321277
1429	1715	7.599280
1532	1715	10.974558
1533	1715	7.175714
1538	1715	0.785897
1565	1715	-14.907653
1655	1715	15.090294
1715	1715	13.814011
1922	1715	14.011152
1947	1715	8.374676
2007	1715	11.625494
2181	1715	1.705235
2270	1715	-4.989038
2523	1715	14.398632
2538	1715	-16.149769
2545	1715	13.104080
2712	1715	3.583761
3061	1715	-4.506616
3183	1715	-6.086655
3287	1715	8.639267
3457	1715	13.376771
3565	1715	-27.893696
3629	1715	-2.333738
3695	1715	-10.256429
3945	1715	-3.733361
4021	1715	-14.673426
4086	1715	-2.512727
20	1716	-18.246068
3016	1716	-8.172622
3733	1716	-12.497080
278	1717	6.254499
3633	1717	8.542517
115	1718	-6.721044
187	1718	-5.561143
417	1718	-5.050348
698	1718	0.840878
1078	1718	24.695413
1101	1718	5.003058
1589	1718	-7.004163
1622	1718	4.558637
1755	1718	7.901340
3441	1718	14.201869
3955	1718	-30.461438
4073	1718	1.701033
97	1719	21.616998
253	1719	0.020287
572	1719	1.684960
615	1719	5.897271
824	1719	-17.642015
1216	1719	-1.546103
1377	1719	-6.974222
1889	1719	8.782054
1929	1719	2.801221
1940	1719	-0.287061
2137	1719	5.170832
2216	1719	6.274082
2384	1719	-16.234706
2492	1719	-0.701758
3343	1719	0.617011
20	1723	-1.952542
73	1723	25.266498
209	1723	0.154479
400	1723	-26.756629
407	1723	-10.235700
501	1723	5.968665
512	1723	20.289349
521	1723	26.246284
615	1723	2.805611
663	1723	-0.954297
895	1723	13.328309
1101	1723	-10.740856
1195	1723	10.709004
1470	1723	2.213704
1726	1723	-0.860178
1847	1723	4.286082
1903	1723	12.590177
2064	1723	10.316094
2110	1723	6.761359
2263	1723	2.349748
2270	1723	6.398730
2393	1723	-6.653942
2408	1723	-6.380420
2465	1723	-13.264376
2468	1723	-25.146184
2494	1723	12.645166
2764	1723	-8.746287
2903	1723	-3.580212
3088	1723	-3.153128
3229	1723	-0.575105
3259	1723	-1.478690
3522	1723	-18.421322
3622	1723	-16.159583
3748	1723	3.404753
3782	1723	8.506162
3799	1723	-4.574338
3962	1723	0.452792
4004	1723	23.931447
710	1725	9.570538
893	1725	-5.785316
1075	1725	3.326816
1375	1725	2.575578
2020	1725	-8.208074
2226	1725	3.694533
2754	1725	-10.751217
2778	1725	4.463615
3032	1725	-7.672084
3207	1725	3.435240
3256	1725	-9.365371
3765	1725	-5.390072
3795	1725	12.308790
3902	1725	6.455998
3922	1725	-0.026094
11	1726	12.589179
15	1726	-4.482719
181	1726	2.705648
402	1726	15.592255
456	1726	11.120811
501	1726	6.279439
541	1726	-17.338540
694	1726	9.707607
843	1726	12.192028
949	1726	-16.052676
1005	1726	-6.738545
1075	1726	-1.894323
1101	1726	5.948055
1185	1726	12.504597
1274	1726	17.923704
1402	1726	-16.461644
1502	1726	0.134316
1522	1726	-13.515495
1723	1726	-21.960916
1792	1726	-1.848274
1816	1726	-19.944701
1867	1726	-1.009365
1955	1726	9.769875
2181	1726	9.229729
2214	1726	3.331097
2341	1726	12.029778
2461	1726	19.489207
2538	1726	-10.801803
2723	1726	-9.847678
3146	1726	6.884826
3240	1726	0.159701
3256	1726	-1.146526
3301	1726	-0.759287
3310	1726	-16.378961
3563	1726	6.450874
3701	1726	-5.755831
3795	1726	20.563253
3919	1726	29.684357
73	1727	6.442986
141	1727	9.029133
456	1727	6.286614
1033	1727	0.640005
1646	1727	17.966220
2832	1727	-7.870364
3712	1727	-9.847912
286	1730	-24.343673
450	1730	-1.679963
615	1730	1.989047
904	1730	-12.346250
1185	1730	-8.378359
1646	1730	17.399993
1193	1731	-10.617907
3310	1731	-9.900206
42	1732	5.104352
163	1732	-1.945497
852	1732	3.469872
1376	1732	2.510201
2150	1732	10.873297
2707	1732	-3.621610
3180	1732	-5.916613
3441	1732	-11.331018
3666	1732	6.973476
4005	1732	-17.711322
457	1733	12.206013
623	1733	-13.825624
815	1733	-20.641234
872	1733	3.341355
1485	1733	-1.736796
1942	1733	-1.197570
1955	1733	1.365017
3061	1733	-4.186826
3075	1733	12.796046
419	1735	-1.432441
1637	1735	-0.214844
1679	1735	-14.872345
2270	1735	-16.137653
2665	1735	-7.749129
3117	1735	2.599530
3719	1735	-0.204282
16	1738	27.138024
80	1738	13.603109
113	1738	12.208084
284	1738	-2.289075
615	1738	6.686101
621	1738	10.260133
833	1738	-3.240146
958	1738	1.679096
1092	1738	-14.884466
1101	1738	-27.769451
1738	1738	1.936520
1799	1738	-5.989522
1831	1738	-5.460458
1955	1738	5.269874
2047	1738	8.363118
2060	1738	-0.195107
2066	1738	-20.605382
2181	1738	-8.040429
2212	1738	-9.398198
2216	1738	6.245522
2464	1738	6.598500
2617	1738	-4.200779
2765	1738	17.769228
3256	1738	7.740190
3461	1738	9.258127
3662	1738	0.490715
3680	1738	-12.533076
3795	1738	-6.940742
3870	1738	7.419864
3882	1738	6.563318
3890	1738	-0.402166
3904	1738	10.520489
3983	1738	1.664966
4045	1738	5.419746
113	1741	-11.809832
163	1741	8.921423
221	1741	14.945225
439	1741	-17.985569
550	1741	8.618658
663	1741	-15.739552
757	1741	-15.493401
830	1741	4.119263
855	1741	6.267396
862	1741	-5.985613
900	1741	3.779387
1015	1741	17.139024
1089	1741	6.316889
1101	1741	-19.367938
1230	1741	2.732584
1328	1741	-7.835399
1376	1741	16.157969
1591	1741	-1.237882
1745	1741	3.847767
1945	1741	-8.884925
1979	1741	-0.787968
2066	1741	5.722520
2129	1741	-15.661024
2258	1741	4.588209
2279	1741	-25.929714
2302	1741	22.018564
2347	1741	4.719586
2376	1741	-7.318943
2629	1741	-10.502121
2665	1741	-1.360239
2798	1741	-11.064668
2962	1741	-2.796215
3145	1741	-2.556908
3229	1741	8.187714
3360	1741	3.186126
3578	1741	16.634833
3620	1741	-1.181023
3684	1741	-4.103284
3689	1741	4.385928
3882	1741	14.895494
737	1743	-3.500009
1039	1743	3.760859
1524	1743	0.618629
1555	1743	1.712850
1560	1743	3.136055
1574	1743	-13.470795
1810	1743	2.165727
2051	1743	0.860343
2125	1743	-29.228029
2538	1743	-6.970569
2826	1743	15.598606
3476	1743	-31.930232
3519	1743	-17.971308
4073	1743	-2.303017
113	1745	1.797849
1745	1745	-12.495573
2060	1745	13.325894
2249	1745	9.715578
3765	1745	-9.496118
4037	1745	-5.499140
2467	1746	4.982172
3333	1746	-2.359994
456	1747	16.193408
1437	1747	-14.738107
1555	1747	-7.097008
1561	1747	-8.972661
2393	1747	3.967201
2772	1747	6.240461
3141	1747	7.330068
3229	1747	9.307519
3680	1747	-13.532422
3726	1747	-6.594427
3904	1747	-13.041383
730	1749	9.550500
1341	1749	2.930178
97	1751	-6.758317
485	1751	12.394916
844	1751	0.007239
1849	1751	5.624256
2463	1751	9.657188
2532	1751	-20.740632
3231	1751	-3.079485
3329	1751	15.403681
281	1753	-10.321444
996	1754	20.144666
2277	1754	0.321913
914	1755	4.381144
2331	1755	2.476122
3476	1755	8.731215
3744	1755	-10.863399
4	1756	7.051097
289	1756	1.579545
370	1756	8.073867
452	1756	-13.534007
456	1756	11.619815
569	1756	-27.390895
655	1756	2.790399
730	1756	-2.397826
798	1756	-2.410833
883	1756	-4.958233
1153	1756	17.471654
1408	1756	6.474014
1538	1756	-26.013242
1581	1756	5.606076
1679	1756	-5.878601
1723	1756	17.590149
1756	1756	3.117797
1767	1756	4.313772
1842	1756	17.584807
1867	1756	-5.450527
1897	1756	-0.542869
1959	1756	0.303788
1970	1756	-6.025322
2062	1756	2.916293
2089	1756	9.032295
2223	1756	15.263950
2287	1756	-6.506007
2302	1756	3.088217
2494	1756	-4.935624
2505	1756	15.846821
2610	1756	-6.528654
2672	1756	2.306490
3546	1756	-11.403755
3680	1756	-1.182737
3793	1756	1.377053
4067	1756	0.961010
572	1757	3.796999
37	1759	11.342768
323	1759	-0.153935
908	1759	-12.944189
1715	1759	8.756928
1915	1759	17.214213
2010	1759	-0.537059
2393	1759	1.416797
2436	1759	17.621207
3769	1759	8.881506
3915	1759	-13.853647
4067	1759	26.388447
2925	1760	10.445298
143	1761	-16.773021
170	1761	5.115746
1400	1761	-14.329800
1522	1761	-0.596505
1741	1761	-4.935448
2051	1761	-15.490763
3229	1761	-0.408150
3696	1761	11.615337
163	1763	2.360737
299	1763	-0.174622
323	1763	-7.575487
532	1763	3.880833
572	1763	6.582900
615	1763	-9.469770
886	1763	21.318327
895	1763	11.463002
1088	1763	-11.289269
1101	1763	-19.452278
1117	1763	7.744339
1362	1763	-5.758352
1646	1763	-0.523390
1968	1763	24.524098
1976	1763	-19.016428
2129	1763	-9.624170
2299	1763	10.340115
2402	1763	1.088310
2685	1763	5.370908
2705	1763	-5.087852
3019	1763	-8.695864
3273	1763	2.977485
3441	1763	-7.190883
3462	1763	3.161922
3519	1763	-9.055174
3579	1763	-6.415078
3677	1763	3.165358
3719	1763	5.041390
3770	1763	20.461730
3799	1763	6.938973
3847	1763	-11.587858
3885	1763	-9.109252
3945	1763	7.363424
3983	1763	19.526322
4005	1763	-4.542714
4016	1763	-15.344168
154	1764	-26.967212
737	1764	5.021073
1821	1764	6.065355
1884	1764	1.763709
2182	1764	0.491091
2541	1764	-5.462916
3423	1764	1.652318
3802	1764	-3.266307
1715	1766	0.595377
14	1767	4.750600
73	1767	6.965229
113	1767	-13.896390
492	1767	5.303724
615	1767	-7.609175
663	1767	6.070070
737	1767	1.236208
982	1767	-4.659769
1312	1767	1.206132
1374	1767	12.508227
1429	1767	0.242121
1516	1767	-3.080556
1767	1767	-9.723681
2299	1767	3.863137
2347	1767	-3.437611
2379	1767	0.982687
2468	1767	-3.062071
2733	1767	12.228095
2871	1767	-18.901870
3360	1767	-19.511133
3380	1767	-0.288121
3423	1767	-0.815910
3519	1767	3.258029
3570	1767	5.461070
3771	1767	1.911629
3802	1767	0.269761
4023	1767	-20.041985
3787	1772	26.807775
532	1775	-5.561206
762	1775	0.679671
1577	1775	-3.891434
3629	1775	-9.075133
4015	1775	-0.950214
81	1776	17.660587
777	1777	-4.542332
855	1780	11.015549
1127	1780	-10.264203
1144	1780	29.518333
1826	1780	-0.511446
2370	1780	8.735757
2494	1780	11.915434
3330	1780	-8.996264
3680	1780	9.378400
3686	1780	10.131469
3804	1780	-16.590165
3969	1782	0.132381
274	1784	-8.468054
3666	1785	6.887938
3915	1785	6.441291
214	1786	-13.321009
464	1787	-14.272590
1337	1787	-3.813495
1976	1787	-11.621246
2061	1787	-3.310147
2066	1787	2.038960
2302	1787	2.175375
2523	1787	14.693809
2755	1787	-21.951924
2853	1787	-15.036071
2888	1787	-6.745893
3637	1787	11.124212
3645	1787	-19.127540
4013	1787	-9.079765
614	1790	13.381979
1429	1790	-13.184251
3182	1790	3.745988
4	1791	-7.419997
51	1791	11.955124
134	1791	8.391056
382	1791	32.348029
589	1791	16.249478
895	1791	3.411231
949	1791	-5.095489
1101	1791	13.747643
1116	1791	-0.888518
1144	1791	5.276343
1310	1791	8.151372
1441	1791	-5.533962
1490	1791	-12.500250
1522	1791	0.151650
1524	1791	33.294757
1535	1791	10.704790
1537	1791	2.679932
1577	1791	-18.726098
1656	1791	-0.700484
1883	1791	19.300545
2002	1791	6.975450
2054	1791	0.684709
2060	1791	15.159182
2077	1791	26.872416
2341	1791	22.844439
2665	1791	-4.899278
2689	1791	-8.086398
2729	1791	17.579110
2766	1791	4.022306
2846	1791	-6.199410
2855	1791	-0.728009
2997	1791	11.983314
3032	1791	-3.023660
3067	1791	-9.257971
3229	1791	26.902769
3325	1791	-6.039454
3485	1791	-17.289428
3622	1791	8.315226
3645	1791	9.144426
3668	1791	0.407693
3842	1791	4.710180
3847	1791	-2.564529
3878	1791	-9.397919
4022	1791	11.457797
4039	1791	13.690075
721	1792	8.303606
852	1792	-16.655297
941	1792	8.993412
958	1792	2.613881
2066	1792	-26.345314
2216	1792	10.073161
2987	1792	6.767593
3882	1792	-0.249481
4041	1792	1.719804
1749	1793	32.591597
2135	1793	-16.517420
3682	1793	0.275731
4032	1793	3.172877
474	1794	-17.014435
1362	1794	21.188452
1485	1794	-2.031567
1518	1794	2.275386
1794	1794	-2.165510
1979	1794	-21.190074
2822	1794	-18.621779
129	1795	13.145604
2768	1796	-1.049353
4016	1798	9.169268
369	1799	-17.859560
394	1800	5.259751
744	1800	-0.031319
3445	1800	-2.306384
282	1802	-17.835961
621	1802	5.780797
640	1802	16.090589
1131	1802	1.060981
1179	1802	-5.056598
1220	1802	-4.482665
1566	1802	10.495512
1682	1802	8.441319
1802	1802	-5.406849
1874	1802	5.797945
2066	1802	-0.638343
2072	1802	-0.790602
2217	1802	6.404742
2278	1802	-7.440009
2465	1802	11.290954
2683	1802	-8.189289
3149	1802	15.959225
3733	1802	5.945853
3904	1802	-6.127823
3935	1802	6.767330
854	1803	-9.688009
2054	1804	-16.019314
2665	1804	-1.859019
3753	1804	14.890738
113	1806	12.380683
370	1806	20.618062
572	1806	5.802831
843	1806	-20.833871
949	1806	5.906407
1101	1806	6.552122
1806	1806	5.861342
2024	1806	-1.457408
2066	1806	-0.835543
2170	1806	4.619008
3622	1806	-11.637213
555	1807	3.272013
616	1807	-3.008163
110	1808	2.845839
874	1808	-15.297179
1213	1808	5.474985
1238	1808	8.035760
1442	1808	9.862799
1897	1808	7.716890
2278	1808	11.071256
2302	1808	2.416682
2468	1808	4.342739
2564	1808	-10.937366
3033	1808	27.785975
3854	1808	-12.230968
1015	1809	8.308021
1078	1809	-18.085800
1537	1809	1.511062
2109	1809	-17.987083
187	1810	-14.592144
813	1810	8.202406
852	1810	-20.595840
862	1810	-4.979760
933	1810	-5.434701
962	1810	1.806118
976	1810	-3.996696
1485	1810	0.489896
1516	1810	0.466586
1812	1810	9.505763
2287	1810	-14.632199
2468	1810	-3.814754
2624	1810	-8.213769
2733	1810	-12.177681
3447	1810	8.624516
3578	1810	1.778867
3889	1810	4.564752
4015	1810	5.676368
4034	1810	0.143352
4046	1810	3.601092
708	1811	15.313006
1159	1811	0.523226
2531	1811	-2.211733
2665	1811	9.635334
289	1812	15.530165
323	1812	3.131667
362	1812	-6.682169
456	1812	-10.804868
500	1812	5.199195
550	1812	1.973709
835	1812	7.228548
852	1812	5.243401
976	1812	4.857858
1186	1812	4.134839
1374	1812	-22.530375
1581	1812	5.765469
1589	1812	-4.873388
1682	1812	13.597948
1710	1812	-9.725229
1763	1812	2.623474
1810	1812	13.253276
1812	1812	4.836523
1855	1812	6.941331
1947	1812	-13.513061
1955	1812	-17.073336
2010	1812	-6.577246
2216	1812	-5.856644
2349	1812	-6.700487
2426	1812	-9.798744
2551	1812	8.306577
2672	1812	12.874436
2816	1812	-19.292167
2971	1812	4.444160
3148	1812	-5.606988
3410	1812	9.412032
3423	1812	1.273509
3441	1812	-11.695009
3686	1812	6.881145
3802	1812	6.656925
4021	1812	9.066887
1976	1814	10.302203
830	1815	-15.646065
2053	1815	15.735169
3194	1815	18.012646
4	1816	-11.814118
110	1816	6.288916
221	1816	11.852283
407	1816	5.916956
444	1816	-8.750421
615	1816	-32.853637
737	1816	13.797124
926	1816	1.062813
941	1816	-6.108530
1401	1816	2.333321
1428	1816	18.076787
1429	1816	8.566074
1576	1816	6.280020
1679	1816	7.228243
1816	1816	14.946068
1955	1816	8.733569
2551	1816	11.145974
2665	1816	27.847595
3097	1816	-9.433551
3194	1816	-1.242372
3227	1816	-6.752132
3241	1816	0.232532
3333	1816	1.831836
3344	1816	5.559399
209	1818	-4.493916
664	1818	-0.081225
1630	1818	-7.793976
1851	1818	-2.596963
3881	1818	17.930863
1274	1819	-6.454734
1504	1819	-10.284004
1725	1819	-11.013613
1726	1819	4.882394
2302	1819	4.847766
2600	1819	-3.901706
209	1821	-16.679976
245	1821	2.774169
789	1821	-3.919966
2113	1821	-4.222410
2826	1821	-10.385944
3259	1821	3.960570
2064	1822	5.620064
153	1823	-6.787821
348	1823	-8.001506
1959	1823	0.251087
2083	1823	9.687608
2409	1823	-0.429464
2924	1823	-2.524653
336	1826	-1.503093
500	1826	-4.628804
1328	1826	-5.219635
1437	1826	17.169560
1522	1826	3.279357
1710	1826	-0.075132
2998	1826	-7.255981
3293	1826	-8.098801
1101	1827	0.782515
1374	1827	7.719420
1520	1827	5.514920
893	1828	4.843930
1169	1828	-3.233551
3695	1828	-5.204477
3758	1828	-4.120216
131	1829	10.778276
205	1829	5.468722
417	1829	-19.060617
1304	1829	-5.984508
1829	1829	2.823633
1945	1829	-8.539164
1955	1829	4.811414
1967	1829	-3.262122
2232	1829	18.663005
2305	1829	-0.788415
2397	1829	17.360726
2721	1829	-14.282653
2729	1829	4.200198
2962	1829	3.290376
2986	1829	6.687250
3217	1829	-0.065851
3740	1829	1.208144
3847	1829	4.841860
3552	1830	-0.120736
3659	1830	-1.287762
3769	1830	6.709276
3910	1830	5.931447
111	1831	-15.901518
977	1831	3.799389
1108	1831	15.823033
1649	1831	-9.358349
2871	1831	-14.986054
3570	1831	14.194585
3603	1831	-11.231674
3816	1831	-16.500024
1706	1832	-11.287337
2588	1832	-13.462982
2646	1832	-4.963826
2649	1832	21.787624
2302	1835	9.128798
3343	1835	-5.449460
1219	1836	8.503592
1866	1836	5.675207
51	1841	-2.680984
151	1841	-35.967754
369	1841	15.742860
532	1841	15.185843
603	1841	3.163245
705	1841	1.114279
941	1841	5.562006
1400	1841	7.868134
2472	1841	6.005300
2846	1841	-2.264363
3537	1841	1.453884
3657	1841	-4.345879
3684	1841	9.827998
3885	1841	-15.033629
3904	1841	11.994277
4082	1841	17.177438
20	1842	7.458150
73	1842	0.466325
105	1842	3.592539
151	1842	-2.308808
205	1842	13.064695
369	1842	3.575756
456	1842	15.409441
737	1842	-7.772946
895	1842	7.781745
987	1842	-12.855280
1039	1842	12.827459
1082	1842	-4.897118
1085	1842	4.906923
1101	1842	-4.451830
1179	1842	-1.366003
1524	1842	11.801361
1538	1842	16.385879
1540	1842	10.781248
1646	1842	13.695474
2010	1842	-3.925335
2066	1842	14.140401
2376	1842	4.705190
2538	1842	4.131270
2729	1842	15.499181
3325	1842	15.982091
3485	1842	-13.662690
3542	1842	-7.116107
3622	1842	2.878828
3666	1842	-21.204267
3738	1842	2.334105
3802	1842	-6.426534
3904	1842	7.057342
3469	1843	-5.245273
3586	1843	2.015010
113	1844	7.073552
320	1844	-11.446624
209	1845	-12.574102
14	1847	3.837491
146	1847	10.296664
171	1847	-2.483899
537	1847	-4.399303
776	1847	-2.795656
844	1847	21.104537
994	1847	-21.316953
1052	1847	-10.033866
1291	1847	2.280109
2128	1847	11.268330
2229	1847	-10.916698
2272	1847	4.096596
2312	1847	-4.139463
2663	1847	-9.381396
3039	1847	-7.994141
3770	1847	-2.731688
3890	1847	3.829290
3935	1847	-26.571043
703	1848	-10.140038
1185	1848	0.184935
2994	1848	7.019041
97	1849	15.521416
231	1849	15.056201
737	1849	-19.699775
886	1849	0.878150
941	1849	7.828819
1010	1849	16.431304
1246	1849	-7.291872
2214	1849	1.413420
2267	1849	-6.011005
2665	1849	-14.626129
2724	1849	14.053392
2838	1849	-8.225135
3240	1849	-8.781161
3330	1849	-11.750814
3608	1849	-18.719574
3718	1849	-5.341065
3889	1849	6.377339
4073	1849	-6.518781
14	1851	4.442620
51	1851	7.146211
146	1851	-7.791541
439	1851	-6.295259
600	1851	-5.355440
736	1851	14.927681
829	1851	-6.176004
928	1851	-7.807158
1088	1851	-9.990677
1302	1851	-4.191820
1429	1851	-0.227459
1442	1851	-4.067944
1471	1851	-4.644612
1522	1851	3.682057
1749	1851	5.821147
1851	1851	12.228961
1994	1851	-0.132762
2066	1851	3.778188
2212	1851	-6.071168
2277	1851	4.618143
2393	1851	-4.496206
2441	1851	13.183898
2465	1851	-13.328652
2542	1851	10.320886
2574	1851	11.721945
2616	1851	5.702710
2653	1851	9.962220
2729	1851	-7.797037
2763	1851	-8.882976
2838	1851	-4.385847
2932	1851	-7.239747
2987	1851	1.139327
3006	1851	-16.471639
3158	1851	8.075684
3221	1851	-3.204964
3289	1851	1.519123
3380	1851	14.678773
3662	1851	6.372220
3795	1851	-4.877796
3812	1851	5.025084
3825	1851	-0.829310
3847	1851	-8.848795
3904	1851	-0.957804
4082	1851	6.092986
3713	1852	-10.146494
1464	1853	10.127739
2460	1853	-3.597506
91	1854	-9.349511
214	1854	-9.189678
221	1854	16.776784
382	1854	14.450252
493	1854	-3.245281
599	1854	-2.544394
704	1854	-9.572475
978	1854	-1.611290
1131	1854	5.043539
1347	1854	17.139888
1533	1854	-11.948601
1606	1854	4.343673
1637	1854	-6.498886
1663	1854	0.192417
1741	1854	12.626010
1812	1854	-8.908136
1841	1854	14.031533
1955	1854	-0.980248
2054	1854	3.969386
2181	1854	-10.661796
2214	1854	-13.629518
2653	1854	-7.644104
2703	1854	-2.438641
2768	1854	-12.703590
2846	1854	11.004554
3194	1854	-3.185521
3571	1854	2.010738
3662	1854	8.912567
3802	1854	4.258488
3847	1854	7.752582
3945	1854	13.089905
1377	1855	28.048332
1414	1855	-4.120262
1504	1855	-12.919360
3149	1855	12.479312
47	1856	22.566290
407	1856	1.571148
2950	1856	4.723960
15	1860	-0.958469
3241	1860	1.509505
3476	1860	-0.793302
97	1862	20.520108
989	1862	2.623350
1216	1862	-5.115943
2089	1862	-13.254290
3996	1862	13.573687
4081	1862	12.975165
889	1863	6.371872
493	1865	8.338692
517	1865	14.439428
864	1865	-8.069130
977	1865	4.233043
1328	1865	3.400805
1429	1865	0.832433
1522	1865	-8.719538
1606	1865	-1.451637
1947	1865	-4.942170
1994	1865	-4.483123
2117	1865	-1.483150
2845	1865	5.781985
2866	1865	17.781114
3585	1865	-4.267110
3709	1865	1.421618
3713	1865	-4.705492
3770	1865	-3.056588
342	1867	9.387056
456	1867	-18.907653
630	1867	11.300813
1113	1867	-5.414223
1362	1867	5.575673
1663	1867	1.547420
2240	1867	0.509905
2393	1867	5.277013
2492	1867	-22.970879
2904	1867	16.648753
2932	1867	9.531233
3223	1867	1.517564
3719	1867	17.015262
3909	1867	2.196970
545	1868	-2.512936
1791	1868	3.441946
792	1870	-2.299905
2962	1870	-9.195529
3447	1870	2.691085
681	1873	13.997989
1810	1873	-2.927599
1812	1873	-6.881399
2464	1873	16.582412
2532	1873	-9.756036
2557	1873	8.584392
2971	1873	1.210488
3035	1873	-13.336136
3052	1873	1.291581
3117	1873	0.144273
3310	1873	2.849127
4008	1873	11.707685
778	1877	5.579031
941	1877	7.776853
1398	1877	-21.706745
2616	1877	-7.636005
4023	1877	-10.470908
1091	1878	-26.210883
762	1879	-21.195009
1555	1879	10.870696
2976	1879	7.484064
3345	1879	-5.288057
1056	1881	12.406224
3793	1881	-10.960806
3827	1881	-3.123960
3882	1881	2.766331
1548	1882	9.895671
3578	1882	-13.498262
16	1883	1.825002
126	1883	2.930357
187	1883	14.958606
264	1883	14.527988
549	1883	2.918345
757	1883	-7.779351
936	1883	26.573124
1216	1883	1.236458
1217	1883	-0.748773
1238	1883	-6.160219
1377	1883	-10.770617
1540	1883	-4.658956
1756	1883	17.043489
1763	1883	4.380476
1883	1883	15.972847
1889	1883	-3.886786
1898	1883	-6.995967
2002	1883	17.233202
2060	1883	-6.303830
2089	1883	4.463441
2119	1883	-10.999832
2205	1883	6.018039
2468	1883	-19.635103
3197	1883	0.142406
3789	1883	19.974286
3793	1883	19.455908
3795	1883	8.250531
3881	1883	-16.757661
3922	1883	1.572467
286	1884	-1.554863
491	1884	3.794463
1981	1884	4.377760
2492	1884	1.413980
2600	1884	7.544327
3692	1884	22.093296
3847	1884	-0.236376
3945	1884	-2.977839
2113	1885	14.526713
3389	1885	1.063042
4	1889	7.889576
170	1889	-4.123383
307	1889	-1.487223
407	1889	-3.670073
417	1889	12.192784
462	1889	-9.383485
572	1889	4.282161
646	1889	-2.719372
737	1889	-0.470485
864	1889	16.500966
873	1889	-8.135408
895	1889	-10.798472
1101	1889	7.434025
1320	1889	11.115205
1362	1889	10.645902
1435	1889	-5.378594
1679	1889	8.244639
1714	1889	0.591479
1947	1889	2.847123
1955	1889	-16.405185
1968	1889	-6.387829
2010	1889	-3.716276
2062	1889	0.231878
2129	1889	-0.383253
2304	1889	-17.637088
2492	1889	12.939505
2665	1889	-1.281936
2766	1889	8.758218
2913	1889	-3.255696
2922	1889	-13.765964
2968	1889	4.833065
2981	1889	-3.753515
3352	1889	-11.744144
3457	1889	0.842170
3515	1889	1.500926
3585	1889	3.917552
3653	1889	-4.706909
3719	1889	7.365036
3873	1889	10.048263
3930	1889	-5.084231
238	1891	-12.641099
264	1891	-5.506482
852	1891	8.824701
940	1891	-12.091136
1080	1891	11.070784
1386	1891	-0.037890
1429	1891	24.084489
1622	1891	-13.319139
1731	1891	0.204969
2066	1891	2.937591
2081	1891	9.562256
2349	1891	-10.926667
2377	1891	3.609132
2561	1891	-10.546990
2830	1891	-14.142972
3020	1891	4.140249
3044	1891	-6.771410
3333	1891	20.800608
3343	1891	-3.267065
3441	1891	-7.288123
3795	1891	15.383598
3855	1891	15.577437
1360	1892	11.152414
3117	1893	-13.346486
1577	1894	-0.398471
1651	1894	-12.090087
2438	1894	8.971114
3194	1894	0.670948
3221	1894	-19.286771
3269	1894	-5.705249
3709	1894	-15.704834
3904	1894	6.395324
4034	1894	2.046602
2061	1895	-16.968286
3131	1895	-8.208971
3476	1895	-22.068555
113	1897	26.681054
131	1897	4.104220
273	1897	-7.258493
278	1897	1.651455
288	1897	5.455205
767	1897	-4.027254
894	1897	2.977471
895	1897	-10.709197
1004	1897	-11.603190
1270	1897	-10.864914
1425	1897	-0.552150
1431	1897	9.630332
1747	1897	5.066769
1870	1897	13.098135
1945	1897	-9.112226
2436	1897	-5.681336
2846	1897	-7.383961
3129	1897	0.564291
3316	1897	11.459351
3476	1897	-6.615901
3793	1897	5.109271
3820	1897	7.447364
3904	1897	-13.205958
3984	1897	0.354049
214	1898	3.441911
1431	1898	3.536578
2181	1898	-11.742981
2505	1898	8.948942
2963	1898	1.407585
2987	1898	-9.455691
3031	1898	-14.465283
3158	1898	-3.922240
3725	1898	5.930700
3734	1898	11.082658
3815	1898	-9.881197
3847	1898	6.502455
3978	1898	7.332356
4010	1898	4.067582
76	1899	3.221366
1555	1900	1.540704
1867	1900	-3.332513
182	1903	-15.898705
209	1903	6.825618
456	1903	-5.336059
474	1903	13.889420
545	1903	-1.708293
599	1903	-2.654774
677	1903	-3.212875
744	1903	2.819350
895	1903	1.008714
1216	1903	-4.207718
1362	1903	4.489423
1516	1903	11.902479
1763	1903	3.584825
1841	1903	-1.829481
2169	1903	-0.777391
2182	1903	8.078392
2333	1903	-6.998243
2508	1903	-8.275535
2513	1903	-7.826319
2531	1903	-14.463009
2932	1903	-8.905069
2937	1903	4.865762
3157	1903	-18.121009
3195	1903	-8.889153
3207	1903	-4.016667
3428	1903	10.543158
3609	1903	-14.365701
3795	1903	-8.053657
3901	1903	15.519363
4016	1903	2.201383
1723	1904	13.209555
1903	1904	11.846168
2521	1904	21.730576
2907	1904	-3.271170
3326	1904	-1.420451
3866	1904	-0.796082
3919	1904	-7.001485
25	1905	-0.020630
3250	1905	-8.381288
407	1906	-1.475168
2026	1906	-10.009119
2111	1906	-17.672515
2655	1906	5.108259
2925	1906	12.283500
3954	1906	-4.479491
1591	1907	8.322165
2384	1907	7.524521
2891	1907	-3.662386
2990	1908	-5.108018
209	1910	-0.089123
222	1910	-0.681660
1504	1910	-2.775732
3034	1910	20.289827
3935	1910	8.559477
576	1911	-6.935755
1144	1911	-2.201564
1402	1913	4.506244
1591	1913	6.408253
3274	1913	4.162326
3649	1913	0.289368
72	1914	-2.928535
394	1914	-0.591878
2511	1914	-5.623260
3457	1914	3.409296
1270	1915	15.340004
1358	1915	-1.433524
3092	1915	-0.046249
3565	1915	19.301923
3639	1915	-15.680505
4083	1915	-7.776711
2216	1916	-2.627445
2302	1916	8.147000
3977	1916	-14.698453
390	1918	8.046771
3274	1918	-16.277069
4032	1918	9.367490
3256	1919	-0.195388
238	1920	8.892187
427	1920	-3.910098
1993	1920	-9.501753
2845	1920	-10.319232
97	1922	1.489256
113	1922	-4.433357
369	1922	5.826284
452	1922	-10.569067
456	1922	1.278569
521	1922	8.072529
623	1922	-3.826701
677	1922	1.152477
852	1922	1.732413
1233	1922	0.682586
1238	1922	10.110825
1485	1922	-13.057250
1522	1922	-3.703053
1637	1922	2.832638
1732	1922	-0.283899
1743	1922	-5.504893
1922	1922	8.850115
1958	1922	18.345865
2093	1922	7.597725
2128	1922	-2.988769
2341	1922	11.369006
2384	1922	8.260926
2465	1922	10.887044
2472	1922	-11.000162
2845	1922	-15.221251
2976	1922	-3.506074
2981	1922	-8.573491
3018	1922	1.972973
3441	1922	4.280538
3476	1922	8.717240
3748	1922	1.833589
3750	1922	-2.501126
3847	1922	2.119095
3904	1922	-11.228789
3945	1922	2.580359
4056	1922	-0.686364
1669	1924	-1.273448
456	1925	-15.811446
623	1925	-9.055248
1238	1925	11.490103
1799	1925	-5.380376
1897	1925	-1.051169
1925	1925	-3.980575
2066	1925	2.894353
2463	1925	11.799377
2523	1925	-2.313437
3223	1925	1.856523
3345	1925	-0.483357
3719	1925	-1.617888
1994	1927	-7.985183
2066	1927	9.828839
5	1929	3.410066
895	1929	0.752579
941	1929	12.015185
1396	1929	-1.669849
1669	1929	-11.731347
1976	1929	7.864029
3044	1929	-2.094838
3709	1929	8.402498
3735	1929	-10.161558
3973	1929	6.349694
2073	1930	-22.621192
2492	1930	-10.449727
2965	1930	1.875886
3261	1930	3.983418
3620	1930	-9.055403
521	1931	4.821416
3143	1931	-12.510280
3558	1931	11.394236
3802	1931	4.702272
3865	1931	-15.504471
965	1933	6.398791
2665	1934	3.056325
1089	1936	-8.047511
472	1939	-11.552246
3222	1939	-11.830651
3327	1939	-11.712402
3738	1939	22.141651
1155	1940	2.903824
176	1941	4.953175
1906	1941	-1.806660
2301	1941	19.059150
2816	1941	-13.370110
2983	1941	13.406362
3441	1941	19.637035
362	1942	-3.198884
572	1942	9.347076
610	1942	4.687370
621	1942	-2.549341
623	1942	-0.062145
663	1942	-17.746796
742	1942	3.495321
803	1942	9.664528
942	1942	-2.247268
1301	1942	12.688999
1347	1942	1.109233
1455	1942	5.983033
1485	1942	-8.253098
1692	1942	-5.350281
1738	1942	4.152474
1942	1942	21.904203
1945	1942	10.765931
2216	1942	-3.879554
2521	1942	16.689174
3447	1942	18.369789
3740	1942	-17.908670
3806	1942	4.625125
3904	1942	0.639919
3935	1942	-6.014121
14	1943	-23.248727
148	1943	16.822365
1101	1943	4.733019
2409	1943	4.592420
3430	1943	0.045532
3969	1943	-2.492426
58	1944	-4.014669
113	1944	-7.095774
708	1944	-3.520876
854	1944	1.193261
1075	1944	-7.675172
1537	1944	9.715325
1646	1944	-2.853818
2081	1944	4.852137
2308	1944	-13.394929
2689	1944	-16.805428
3182	1944	-11.607253
3882	1944	-3.851379
22	1945	4.852956
25	1945	13.616259
148	1945	-10.924848
209	1945	-3.299681
289	1945	4.498865
307	1945	30.448289
456	1945	1.671517
472	1945	-3.386686
508	1945	-13.299697
577	1945	0.197895
681	1945	-18.359299
737	1945	1.745663
933	1945	-26.191711
1101	1945	-27.189328
1120	1945	-28.181969
1328	1945	13.790506
1679	1945	-9.363948
1719	1945	3.776894
1903	1945	-0.349005
2089	1945	9.375218
2204	1945	8.968852
2492	1945	2.793500
2538	1945	-13.706924
2586	1945	-2.285677
2655	1945	-0.592054
2826	1945	2.976755
3227	1945	-2.180544
3485	1945	5.264294
3696	1945	-1.706146
3795	1945	1.002685
4021	1945	8.024097
4086	1945	-8.355744
26	1946	4.632524
2460	1946	-7.533535
73	1947	3.406487
170	1947	-18.041155
226	1947	14.690562
320	1947	-7.075882
336	1947	-23.874801
623	1947	-4.935229
663	1947	7.145903
737	1947	-10.579943
854	1947	3.016319
1384	1947	0.468380
1396	1947	12.652244
1524	1947	-10.498010
1942	1947	-4.971305
1947	1947	9.791193
2062	1947	-10.725471
2192	1947	-27.396378
2226	1947	0.640754
2468	1947	-5.063849
2490	1947	6.576842
2561	1947	-10.930421
2766	1947	0.356138
3274	1947	-6.576999
3286	1947	-2.601916
3373	1947	-12.290601
3485	1947	-11.728418
3713	1947	-8.429987
3723	1947	27.316440
3776	1947	15.369842
3793	1947	-20.911409
3866	1947	2.049894
4005	1947	6.810316
209	1948	-2.109472
324	1948	-19.906129
463	1948	4.669730
549	1948	-5.111082
736	1948	0.798052
769	1948	4.382874
978	1948	-12.571655
1101	1948	-0.778508
1911	1948	4.073449
1955	1948	6.569623
2846	1948	-19.654553
2962	1948	-13.040240
2986	1948	-9.205743
3371	1948	1.612567
3525	1948	13.934246
3734	1948	14.926761
131	1949	-1.867400
770	1949	-1.748481
927	1949	9.438222
1216	1949	2.777357
1238	1949	-3.269100
1437	1949	-4.263532
2289	1949	-1.078257
3602	1949	17.350384
3728	1949	-14.771218
97	1950	10.610076
896	1950	6.863153
1504	1950	1.909566
1954	1950	-8.545866
2730	1950	-13.517824
3189	1950	-18.846163
3625	1950	1.972067
3802	1950	-21.339963
1097	1951	2.074994
2021	1951	10.709304
2192	1951	-16.098468
163	1952	15.424521
365	1952	-7.111630
753	1952	2.196848
895	1952	5.424210
977	1952	-13.231326
1039	1952	1.640380
1183	1952	9.501268
1537	1952	4.630950
2216	1952	-0.539337
2736	1952	2.567646
2922	1952	-22.206023
3426	1952	-3.872214
110	1953	-5.461163
113	1953	20.133219
183	1953	4.568454
454	1953	8.825835
523	1953	15.352704
623	1953	3.574310
1431	1953	-12.378395
1942	1953	-0.039315
2066	1953	-8.745983
2216	1953	-3.398661
2221	1953	2.605429
2826	1953	7.679849
2827	1953	11.177735
2922	1953	8.532405
3173	1953	7.925528
3352	1953	-7.030249
3441	1953	-17.025073
3945	1953	12.919598
2754	1954	-9.348346
4	1955	30.891553
14	1955	-14.435247
19	1955	-14.177674
84	1955	2.519075
97	1955	-16.566338
113	1955	9.832873
163	1955	3.307101
186	1955	-1.403316
187	1955	-0.234258
209	1955	4.453789
214	1955	-1.503428
288	1955	12.430470
310	1955	-3.800596
323	1955	-4.187378
328	1955	0.890875
395	1955	23.325967
419	1955	6.439128
439	1955	11.292666
456	1955	5.752125
462	1955	-8.049658
485	1955	-2.574384
521	1955	26.813334
541	1955	-2.262589
545	1955	-22.461743
549	1955	-4.703400
550	1955	-2.359293
572	1955	-7.861759
600	1955	11.829211
615	1955	6.063815
663	1955	-19.804841
709	1955	-5.652629
737	1955	-13.685020
742	1955	-27.141725
762	1955	-13.988464
864	1955	0.543752
893	1955	-16.644968
895	1955	-9.288438
933	1955	6.340286
935	1955	8.759300
938	1955	-2.432311
964	1955	-1.931189
977	1955	-25.492074
996	1955	0.189624
1004	1955	-0.645044
1077	1955	1.741258
1085	1955	11.726116
1088	1955	-6.180339
1092	1955	4.344697
1101	1955	-9.989658
1132	1955	0.161337
1144	1955	-1.878669
1147	1955	-1.180714
1157	1955	-12.368974
1179	1955	7.424096
1216	1955	4.777717
1217	1955	8.442392
1238	1955	18.063417
1288	1955	-13.656002
1290	1955	0.187472
1294	1955	-11.576857
1310	1955	6.294385
1328	1955	-2.987989
1374	1955	-23.236282
1396	1955	-5.590994
1408	1955	15.819967
1428	1955	7.519576
1429	1955	-4.859950
1462	1955	-22.612601
1485	1955	26.032621
1522	1955	20.565178
1537	1955	-5.956711
1538	1955	-40.608657
1555	1955	6.772719
1570	1955	3.991974
1581	1955	-9.579006
1594	1955	0.798130
1646	1955	-10.854839
1656	1955	-1.956919
1679	1955	2.933982
1706	1955	12.916195
1726	1955	-2.758532
1741	1955	11.982187
1745	1955	-0.513062
1755	1955	-7.001344
1759	1955	-9.062395
1763	1955	3.094225
1802	1955	4.595840
1812	1955	2.604472
1842	1955	10.866389
1848	1955	14.448834
1851	1955	1.187360
1865	1955	1.280968
1883	1955	-3.942599
1898	1955	2.852222
1949	1955	8.076362
1955	1955	56.226581
1976	1955	4.902231
1979	1955	-7.298870
2010	1955	-31.024322
2028	1955	-2.452303
2060	1955	-5.634041
2066	1955	20.362881
2089	1955	-5.004319
2090	1955	-5.432460
2129	1955	15.767603
2181	1955	-15.780656
2192	1955	-11.195162
2197	1955	3.157494
2229	1955	1.018121
2265	1955	1.376032
2287	1955	10.774799
2304	1955	6.264359
2341	1955	-13.148581
2354	1955	0.523026
2393	1955	10.050203
2409	1955	-2.871462
2412	1955	-0.300554
2465	1955	5.214692
2490	1955	-1.045691
2505	1955	-8.807989
2512	1955	3.171697
2523	1955	-24.257865
2546	1955	4.426134
2571	1955	2.163179
2586	1955	-11.664215
2604	1955	4.962563
2647	1955	7.968189
2665	1955	-2.124400
2684	1955	0.344464
2727	1955	-0.971554
2733	1955	9.108491
2755	1955	5.142038
2780	1955	0.096941
2787	1955	9.093476
2816	1955	15.516842
2839	1955	5.338244
2931	1955	-7.927321
2943	1955	-10.420829
2950	1955	-23.996092
2962	1955	-17.951118
3006	1955	-5.632910
3007	1955	-16.244244
3032	1955	-25.607743
3044	1955	-4.172426
3058	1955	0.668475
3060	1955	-5.306208
3080	1955	2.673541
3086	1955	-4.877465
3108	1955	-19.706665
3129	1955	13.605885
3143	1955	-2.986710
3158	1955	-7.865497
3173	1955	12.527258
3204	1955	10.419970
3229	1955	11.351724
3256	1955	-27.882182
3274	1955	5.081647
3310	1955	-2.106513
3317	1955	1.207779
3325	1955	-4.539066
3333	1955	-3.850632
3344	1955	-5.348018
3374	1955	12.382535
3441	1955	13.225756
3476	1955	-14.567256
3510	1955	-3.987974
3519	1955	6.273196
3525	1955	13.708119
3565	1955	10.444718
3588	1955	3.892696
3596	1955	13.395233
3622	1955	-2.482282
3625	1955	-7.455882
3656	1955	-1.658323
3662	1955	12.598624
3693	1955	-14.067121
3701	1955	0.519383
3713	1955	30.625395
3734	1955	-12.540210
3770	1955	-10.728766
3795	1955	0.809367
3802	1955	9.109324
3847	1955	-20.175613
3866	1955	-16.162296
3904	1955	24.868115
3922	1955	7.848260
3945	1955	12.713848
3973	1955	-19.072587
3984	1955	-15.946322
4016	1955	4.849396
4023	1955	-5.967346
4029	1955	8.283472
4037	1955	9.203023
4041	1955	2.520675
4068	1955	25.676222
4083	1955	-5.476610
1051	1956	-0.364954
209	1958	-3.303610
808	1958	1.582752
1097	1958	-11.398470
1646	1958	-5.402726
1661	1958	0.995777
2066	1958	11.676063
2655	1958	-6.357572
3075	1958	-1.599874
3795	1958	12.606210
4011	1958	-3.275500
214	1959	-5.182135
439	1959	11.643732
456	1959	8.090055
1217	1959	13.235315
1504	1959	-8.202837
1679	1959	-9.936302
1889	1959	-15.728708
2169	1959	-9.128282
2178	1959	0.705546
2226	1959	2.915143
2617	1959	-2.153460
2665	1959	2.478964
2703	1959	-1.363137
3565	1959	2.620766
2047	1960	-8.576673
395	1961	5.834851
620	1961	-4.590438
3734	1961	-4.561352
54	1962	1.002429
310	1964	-1.006956
1485	1964	1.596157
2214	1964	-9.384911
2708	1964	7.047663
3182	1964	0.725748
3945	1964	5.849679
2060	1965	10.061976
2315	1965	25.335403
3942	1965	9.790618
3148	1966	-4.508790
3158	1966	-3.270638
474	1967	9.012339
1679	1967	7.092120
1955	1967	-10.746247
2299	1967	2.256099
2377	1967	-7.871674
2393	1967	6.353819
2779	1967	12.584957
19	1968	8.674666
1445	1968	-7.644863
1522	1968	3.341651
1883	1968	-12.990068
2857	1968	6.646439
2920	1968	4.197475
932	1969	2.355149
1408	1969	16.075751
3945	1969	-3.544918
57	1970	0.314494
73	1970	-14.060613
390	1970	-3.531728
454	1970	-6.103313
456	1970	-33.581435
550	1970	6.382818
623	1970	9.036485
737	1970	8.422836
769	1970	-12.792953
1101	1970	-18.168521
1360	1970	-0.747917
1377	1970	-9.514393
1508	1970	8.081404
1682	1970	1.251461
1942	1970	-5.723255
1970	1970	4.167495
2010	1970	12.074874
2089	1970	-6.450275
2216	1970	-0.110581
2490	1970	-3.712782
2836	1970	-1.566470
2843	1970	3.762816
2903	1970	-6.001621
3044	1970	-10.886092
3145	1970	-9.063399
3171	1970	7.472069
3261	1970	8.872475
3284	1970	5.728240
3568	1970	1.092486
3684	1970	-17.467381
3904	1970	-10.008554
3965	1970	-7.196562
615	1971	-1.119187
1310	1971	14.847589
1230	1973	-1.720938
4	1976	-13.875763
37	1976	7.381472
51	1976	3.322632
97	1976	8.272581
148	1976	-0.138086
187	1976	-2.335915
221	1976	-14.166111
231	1976	7.110200
232	1976	6.563254
320	1976	-8.912250
323	1976	-6.578051
330	1976	13.900623
394	1976	-4.029457
450	1976	11.454413
456	1976	-20.153137
572	1976	-12.719055
663	1976	1.684882
705	1976	7.502101
736	1976	16.595168
737	1976	-10.952495
748	1976	11.142810
841	1976	2.035914
941	1976	7.297452
949	1976	-10.259762
1101	1976	-23.394346
1155	1976	-4.176104
1216	1976	-14.335319
1278	1976	-18.075743
1328	1976	-32.956557
1386	1976	-11.556249
1393	1976	1.079431
1428	1976	3.234170
1441	1976	-7.458067
1468	1976	4.408944
1485	1976	17.443987
1535	1976	1.452343
1556	1976	0.978037
1589	1976	6.533703
1622	1976	-3.596153
1646	1976	-15.581887
1682	1976	10.540604
1690	1976	5.267831
1714	1976	-0.434566
1741	1976	-9.403860
1961	1976	-7.170052
1976	1976	-34.532818
1990	1976	-3.104126
2028	1976	10.256436
2060	1976	-13.244978
2089	1976	-8.719651
2130	1976	-5.686970
2192	1976	27.650715
2214	1976	18.088066
2341	1976	-8.904212
2393	1976	-1.674715
2492	1976	6.152239
2523	1976	-7.746888
2643	1976	5.207931
2665	1976	-1.149125
2669	1976	21.077787
2685	1976	17.834934
2689	1976	4.859227
2707	1976	-0.128924
2766	1976	-22.373784
2782	1976	-1.408458
2793	1976	11.183202
2846	1976	-5.703887
2909	1976	-2.576528
2911	1976	9.247486
2981	1976	6.033778
3007	1976	-21.555905
3022	1976	4.097714
3032	1976	-14.842621
3105	1976	-1.585429
3145	1976	13.202564
3194	1976	-6.224092
3229	1976	18.921626
3344	1976	7.719111
3423	1976	-9.290594
3441	1976	6.303179
3802	1976	3.537657
3840	1976	12.764525
3904	1976	15.495065
3922	1976	7.238188
3945	1976	-3.142852
4086	1976	16.726673
2753	1978	-17.522929
4	1979	-21.290892
73	1979	1.122470
84	1979	-13.654289
113	1979	-8.026938
209	1979	-5.432948
324	1979	-0.887127
439	1979	13.298260
854	1979	-7.011893
873	1979	3.121622
895	1979	14.030261
1071	1979	9.810915
1261	1979	5.362187
1308	1979	-15.389534
1513	1979	1.072948
1646	1979	8.037007
1679	1979	10.492727
1798	1979	-2.522351
1983	1979	19.054734
2216	1979	-7.059231
2265	1979	1.075339
2341	1979	9.972206
2412	1979	1.797667
2470	1979	-3.233184
2665	1979	1.355453
2683	1979	14.195709
2755	1979	0.820565
2930	1979	14.070576
3032	1979	19.460515
3730	1979	-3.056602
3734	1979	-17.241576
4013	1979	1.915163
4016	1979	-0.599122
2827	1980	2.829059
3426	1980	13.865439
171	1981	-19.789243
663	1981	1.556548
769	1981	-2.488680
864	1981	6.145196
982	1981	-16.380724
1074	1981	1.159465
1101	1981	8.821678
1726	1981	-12.251500
2028	1981	-12.340825
2225	1981	-3.350653
2277	1981	-11.179242
2571	1981	4.955179
2729	1981	-15.986839
2962	1981	-18.115953
3060	1981	-0.300405
3185	1981	-10.450574
3577	1981	4.678358
3651	1981	-15.551842
3904	1981	-1.597946
479	1982	3.579238
1375	1982	-10.621933
2304	1982	4.442863
3500	1982	-13.934156
1099	1985	17.688384
560	1986	-17.734559
3620	1988	24.796809
279	1990	-4.095497
572	1990	-1.115784
823	1990	0.920836
1001	1990	-5.965530
1007	1990	-8.062576
1328	1990	0.945579
1725	1990	-2.313732
2128	1990	10.095073
2490	1990	8.987762
3032	1990	6.414425
3144	1990	-19.090931
3256	1990	-3.098918
3734	1990	-8.204974
3760	1990	2.880349
3922	1990	-13.576528
473	1991	-22.079295
1428	1991	-2.386300
365	1992	1.657935
456	1992	-10.769559
874	1992	-8.667037
1216	1992	3.637557
1955	1992	-7.642276
2010	1992	-0.918566
2551	1992	-17.347668
2923	1992	0.300932
3044	1992	13.420858
3157	1992	-11.077236
3411	1992	0.188028
3477	1992	12.159117
3488	1992	-2.122186
3719	1992	-5.463133
3744	1992	2.406731
362	1993	-0.222348
769	1993	-6.778353
826	1993	0.357033
155	1994	-7.389480
541	1994	-3.747675
813	1994	-9.413722
852	1994	-14.434340
893	1994	1.347452
1087	1994	5.849743
1360	1994	16.065669
1537	1994	-26.072509
1903	1994	17.256045
2089	1994	-5.336889
2241	1994	-29.051127
2302	1994	8.801695
2393	1994	18.745763
2659	1994	19.631017
2785	1994	0.417703
2990	1994	-10.159659
2999	1994	10.043387
3171	1994	-7.607212
3229	1994	11.536962
3580	1994	-9.682600
3622	1994	3.983975
3719	1994	6.138807
3734	1994	-9.812996
231	1995	-8.228360
2665	1995	-6.662570
2963	1995	-7.290542
182	1996	7.697041
711	1996	7.143246
1686	1996	-1.458073
2081	1996	-14.876621
2182	1996	1.612566
2782	1996	-4.553828
2842	1996	8.865158
3867	1996	-5.823724
141	1998	-16.555126
937	1998	6.575154
2983	1998	-5.313907
146	2000	-5.297787
2129	2000	-17.648734
3414	2000	6.570392
2492	2001	0.804039
3945	2001	6.925256
545	2002	-13.359260
1504	2002	-15.507256
2332	2002	9.170070
3259	2002	-1.676153
3327	2002	8.698165
324	2003	6.895826
657	2003	-5.328189
929	2003	-6.856962
942	2003	8.647615
1421	2003	9.876694
2113	2003	10.376347
2238	2003	-6.058063
2794	2004	8.849829
2596	2007	-8.266094
2675	2007	-0.987775
2691	2007	-2.311700
3476	2007	-1.844937
14	2010	-10.941233
111	2010	0.228371
113	2010	11.498037
170	2010	-22.138873
187	2010	-17.790474
238	2010	5.283804
299	2010	22.579304
336	2010	-12.894139
370	2010	19.199231
400	2010	6.948791
439	2010	5.178345
508	2010	8.131737
550	2010	-11.277897
565	2010	-9.303531
600	2010	1.163003
615	2010	-22.723831
623	2010	-3.012176
704	2010	3.719687
737	2010	33.537711
871	2010	2.271224
895	2010	2.142349
933	2010	11.668989
949	2010	-39.350428
957	2010	-9.620940
977	2010	0.911405
1005	2010	-1.696330
1101	2010	-36.256333
1108	2010	6.286006
1113	2010	-0.010851
1288	2010	7.343492
1304	2010	-0.444849
1377	2010	25.610819
1429	2010	-10.812853
1485	2010	4.852817
1560	2010	-9.272980
1581	2010	-7.032064
1651	2010	4.733719
1679	2010	4.696135
1706	2010	-6.856011
1738	2010	-13.157370
1842	2010	-24.296031
1889	2010	9.207395
1915	2010	-3.196913
1949	2010	7.189565
1955	2010	34.916766
2010	2010	6.325272
2066	2010	-6.323871
2129	2010	-18.006565
2170	2010	-10.043115
2214	2010	-1.585000
2270	2010	22.860961
2384	2010	-0.271091
2393	2010	9.183676
2453	2010	-15.691966
2468	2010	-9.517747
2469	2010	7.632052
2538	2010	0.000432
2618	2010	-15.344201
2672	2010	-7.353487
2782	2010	-3.074686
2794	2010	23.438177
2816	2010	8.091881
2841	2010	6.974238
2922	2010	-14.258253
3018	2010	5.972440
3032	2010	11.375242
3229	2010	-11.070699
3333	2010	1.854979
3379	2010	-4.589346
3441	2010	-4.204392
3485	2010	3.678999
3713	2010	10.371520
3740	2010	-10.932617
3776	2010	7.583836
3793	2010	-0.454799
3804	2010	-12.270483
3847	2010	-6.014380
3878	2010	-18.639000
3890	2010	19.292642
3904	2010	-6.540918
3920	2010	25.037985
3945	2010	-10.980565
4016	2010	-3.623815
2185	2011	-26.703377
400	2014	3.130683
615	2014	7.597916
1148	2014	-11.846923
1288	2014	5.008146
1990	2014	-15.987512
2216	2014	-8.162281
2315	2014	6.835299
2347	2014	1.244207
2618	2014	-9.740218
2703	2014	8.829405
2725	2014	-0.445555
2842	2014	-4.824010
2845	2014	11.008285
926	2015	-10.116639
1756	2015	4.905744
2600	2015	10.665008
2672	2015	0.719838
3673	2015	-10.370657
3795	2015	13.957967
3364	2016	8.547771
2281	2017	-8.076070
3067	2017	4.586055
4000	2017	-11.333346
2283	2018	5.166303
2287	2018	1.286767
3404	2018	-2.336380
19	2020	0.674445
977	2020	-11.823871
1332	2020	8.479822
1474	2020	24.152985
3709	2020	-28.569391
3795	2020	8.829069
2987	2021	-0.933451
664	2022	-4.601058
3158	2022	-1.965428
3740	2022	3.597236
17	2023	7.906882
136	2023	0.182950
422	2023	9.705232
2923	2023	1.157577
3701	2023	-5.889943
163	2024	-1.887776
252	2024	-18.178119
278	2024	-4.140463
982	2024	9.675987
1428	2024	8.062448
2278	2024	-3.295801
3158	2024	-6.958773
3578	2024	-5.346207
3867	2024	-1.026131
895	2026	3.854694
1431	2026	-0.849792
2026	2026	-1.681179
2990	2026	-13.250504
3099	2026	-17.843942
3235	2026	-1.241531
163	2027	-7.827063
456	2027	10.059107
670	2027	2.453755
737	2027	-12.349252
1269	2027	13.733474
1347	2027	-3.028438
1577	2027	-5.550565
2226	2027	-11.098418
2538	2027	-1.832004
3088	2027	-28.732500
3185	2027	-10.235073
3744	2027	4.035730
3793	2027	15.660542
4	2028	-5.486968
97	2028	-3.754032
187	2028	-16.959524
323	2028	6.143900
841	2028	-14.506096
977	2028	-21.161528
1046	2028	-10.416666
1075	2028	11.023610
1101	2028	7.586346
1197	2028	-7.517361
1242	2028	-9.225160
1332	2028	-8.892659
1485	2028	18.932788
1630	2028	-16.245512
1688	2028	-2.436240
1787	2028	3.194179
1959	2028	2.177069
2028	2028	8.070378
2078	2028	4.210529
2512	2028	6.855268
2520	2028	-33.487748
2785	2028	-17.153375
3942	2028	4.829102
3984	2028	-8.129821
3994	2028	4.932695
4023	2028	2.091663
550	2032	1.262499
2534	2032	4.321553
3349	2032	-1.856018
3847	2032	-13.592250
2036	2033	-4.467315
1455	2034	-11.940275
214	2036	4.367118
1023	2036	8.018430
1555	2036	-4.372170
2410	2036	-8.326698
2485	2036	-0.774055
2721	2036	2.583073
2972	2036	2.845304
14	2037	4.566034
84	2037	5.206154
1375	2037	7.360352
1485	2037	-4.432228
2066	2037	15.283262
2107	2037	-0.853500
2639	2037	-13.747040
2911	2037	-18.719194
3775	2037	-18.739903
3411	2043	7.278485
3873	2043	15.808278
57	2045	-0.603724
113	2045	4.497585
1842	2045	2.534872
1903	2045	2.856058
2182	2045	-28.339142
3485	2045	12.814352
3795	2045	-2.803098
73	2047	3.832007
424	2047	10.015343
597	2047	10.412074
737	2047	6.219662
2027	2047	-1.493022
2047	2047	-3.282924
3769	2047	-8.678028
4024	2047	13.612108
274	2048	-14.969915
1522	2048	4.932993
1695	2048	5.253568
1955	2048	-9.680830
2927	2048	-21.688302
3926	2048	10.365328
1150	2049	4.015306
3873	2050	-13.492775
521	2051	15.032875
623	2051	-24.213942
895	2051	1.783781
1005	2051	-3.932986
1101	2051	-0.843836
1524	2051	-1.717913
1842	2051	-6.929298
2051	2051	-5.137777
2270	2051	8.649446
2341	2051	-4.719159
3353	2051	1.067794
3405	2051	9.385433
86	2053	18.526742
243	2054	-22.015958
493	2054	-4.266685
545	2054	-11.518563
677	2054	-25.292834
1183	2054	8.851607
1360	2054	9.781645
1396	2054	4.748043
1955	2054	4.686034
2216	2054	-2.331737
2436	2054	2.200243
3222	2054	5.410809
3645	2054	-14.315695
3995	2054	10.244132
14	2056	-7.418732
113	2056	10.602685
471	2056	-5.970294
927	2056	6.598490
1185	2056	2.679217
1256	2056	-3.525539
1362	2056	-2.108090
1367	2056	12.662425
1715	2056	-8.756549
1742	2056	4.733155
2469	2056	2.747803
2515	2056	9.485157
2794	2056	4.960313
3867	2056	-7.841777
3882	2056	10.128065
94	2057	-1.687004
222	2057	2.592591
395	2057	-19.532649
1931	2057	-7.724641
3992	2057	2.106692
501	2058	-22.132945
113	2059	-7.416857
1097	2059	20.270996
1941	2059	2.995463
2059	2059	0.598935
2665	2059	0.234828
2999	2059	7.202328
3578	2059	-21.648235
4	2060	7.758865
42	2060	1.400233
92	2060	-4.939776
97	2060	0.431042
299	2060	4.380663
382	2060	4.397325
407	2060	-5.988872
456	2060	-13.923373
545	2060	-0.615186
550	2060	-11.573431
572	2060	-1.075583
615	2060	-21.303638
697	2060	-11.462159
705	2060	1.498690
737	2060	-19.523870
777	2060	5.817878
864	2060	6.140010
873	2060	1.486040
893	2060	21.859566
895	2060	-7.064953
1101	2060	-4.898898
1178	2060	11.061112
1374	2060	-3.792625
1375	2060	8.542021
1396	2060	7.835653
1456	2060	3.104619
1522	2060	9.971329
1535	2060	0.599916
1555	2060	15.780629
1637	2060	-6.133501
1682	2060	8.120925
1687	2060	-1.966866
1725	2060	-13.763655
1759	2060	-2.547087
1854	2060	-1.148224
1976	2060	-13.960743
2028	2060	-5.977778
2060	2060	-1.971788
2156	2060	1.682500
2181	2060	6.821870
2250	2060	-9.313373
2347	2060	4.903025
2367	2060	-3.782300
2391	2060	9.385692
2437	2060	-2.666505
2468	2060	0.341000
2531	2060	-9.988752
2538	2060	13.808517
2659	2060	1.745907
2665	2060	4.077752
2703	2060	-12.730533
2723	2060	6.261644
2729	2060	-10.043344
2766	2060	24.120393
2803	2060	-5.530015
2826	2060	21.702611
2845	2060	-4.636411
2861	2060	5.742696
2912	2060	0.439569
3194	2060	-7.254430
3196	2060	-12.472026
3229	2060	5.858613
3256	2060	10.278769
3274	2060	-7.602633
3542	2060	2.975827
3565	2060	-27.568269
3638	2060	10.456293
3740	2060	7.079407
3842	2060	-0.060079
3865	2060	10.437029
3945	2060	19.766155
3959	2060	13.930218
4032	2060	-13.775635
3441	2061	-4.398226
3904	2061	-0.016169
3945	2061	-14.656502
15	2062	0.668684
163	2062	-5.413592
170	2062	-17.054504
357	2062	2.573042
369	2062	-15.779838
407	2062	-4.096237
456	2062	2.248071
737	2062	-7.191135
852	2062	-9.809866
987	2062	1.477867
1179	2062	4.594182
1516	2062	7.357545
1524	2062	-8.673065
1537	2062	3.291153
1637	2062	-2.110324
1655	2062	7.414849
1679	2062	-6.234971
2071	2062	9.559941
2226	2062	-11.906243
2412	2062	-7.939731
2490	2062	2.129826
2523	2062	3.028353
2665	2062	19.461253
2725	2062	8.446767
2820	2062	7.810250
3018	2062	-3.767477
3117	2062	10.072649
3158	2062	-2.728570
3343	2062	-11.836153
3650	2062	3.342184
3985	2062	9.608700
84	2064	11.971003
1646	2064	-5.267945
1696	2064	0.362002
2311	2064	-1.327577
3667	2064	-13.036699
20	2066	-4.130746
25	2066	18.195911
80	2066	-13.971829
92	2066	0.017182
97	2066	8.582965
113	2066	-2.683954
163	2066	-18.698846
170	2066	-15.818856
187	2066	2.411443
209	2066	5.402229
211	2066	-3.392487
214	2066	-1.038875
219	2066	2.532290
268	2066	7.323977
369	2066	-5.373286
384	2066	6.686493
395	2066	-1.699545
407	2066	3.127460
417	2066	-17.710262
442	2066	-19.374571
450	2066	-18.558899
456	2066	13.810724
471	2066	-11.039994
524	2066	-5.228520
541	2066	7.553704
545	2066	-4.892813
549	2066	-6.863311
550	2066	3.810288
600	2066	-0.220641
621	2066	3.406800
623	2066	-4.746336
628	2066	-8.639370
656	2066	4.043992
663	2066	-0.627615
688	2066	-6.368017
737	2066	-13.984582
756	2066	6.940183
823	2066	-1.939901
852	2066	-6.406399
854	2066	9.923781
895	2066	8.129833
958	2066	20.845368
976	2066	1.854058
977	2066	1.226097
996	2066	7.104196
1023	2066	4.235664
1075	2066	7.829615
1077	2066	-0.819497
1088	2066	-3.195652
1101	2066	85.550392
1169	2066	7.352824
1179	2066	-16.737770
1216	2066	-10.384056
1230	2066	-2.926555
1316	2066	5.765187
1328	2066	1.161242
1341	2066	7.627952
1401	2066	4.057654
1431	2066	-2.257603
1462	2066	-10.671673
1485	2066	-19.759858
1502	2066	16.112355
1522	2066	-0.644725
1536	2066	-19.676524
1555	2066	-20.446089
1581	2066	0.975481
1594	2066	-0.952610
1679	2066	6.823084
1682	2066	3.238788
1686	2066	8.862563
1723	2066	11.593346
1732	2066	15.247627
1806	2066	10.492090
1854	2066	-2.873537
1873	2066	4.787751
1953	2066	2.712719
1955	2066	38.725723
1976	2066	-6.378208
1990	2066	6.905763
2010	2066	-12.863826
2051	2066	14.743572
2066	2066	35.827478
2083	2066	3.327250
2122	2066	-9.914571
2153	2066	5.836440
2169	2066	-8.321349
2181	2066	1.947343
2216	2066	4.996615
2265	2066	0.028834
2270	2066	12.348365
2278	2066	5.040999
2302	2066	15.231514
2332	2066	5.440661
2347	2066	6.785086
2354	2066	-1.463689
2393	2066	8.830110
2436	2066	-24.559216
2464	2066	16.650640
2465	2066	17.641455
2468	2066	-7.971868
2485	2066	-2.265825
2494	2066	-11.369881
2504	2066	-0.013172
2505	2066	5.942499
2512	2066	25.620031
2538	2066	-15.599165
2616	2066	3.536831
2617	2066	-8.569341
2631	2066	-7.079234
2665	2066	-45.833429
2721	2066	14.371126
2729	2066	-1.947983
2755	2066	-13.687266
2846	2066	0.110362
2866	2066	-7.326420
2907	2066	-12.418388
2911	2066	-2.818731
2916	2066	-16.477051
2922	2066	-3.626799
2981	2066	-8.375143
3004	2066	-2.471102
3006	2066	0.348449
3039	2066	-2.776065
3044	2066	-3.006190
3088	2066	-14.772461
3129	2066	-4.189619
3143	2066	11.294121
3145	2066	-7.263528
3158	2066	-6.356672
3173	2066	1.240719
3189	2066	0.274905
3194	2066	0.176898
3218	2066	19.927471
3229	2066	8.775712
3256	2066	-4.373530
3293	2066	-2.018622
3374	2066	-9.365895
3426	2066	3.040069
3441	2066	-7.369373
3449	2066	11.028580
3476	2066	27.008862
3481	2066	-14.653704
3485	2066	8.174471
3510	2066	-15.213608
3519	2066	9.796857
3593	2066	7.020341
3614	2066	-2.623415
3675	2066	-4.098788
3684	2066	5.475459
3740	2066	-12.909698
3769	2066	-4.941725
3786	2066	8.953605
3795	2066	9.296556
3847	2066	0.410981
3890	2066	-5.089710
3904	2066	11.724439
3945	2066	-3.319125
3969	2066	-10.274512
4024	2066	-0.185402
4032	2066	13.459728
4041	2066	-13.257432
4073	2066	25.071208
152	2067	-1.202488
1483	2069	-13.062463
2492	2070	-16.873297
504	2071	-0.214780
569	2071	15.884094
1007	2071	-1.588407
1914	2071	1.643856
2598	2071	-0.790605
2610	2071	-9.540474
3629	2071	9.881119
1101	2072	9.361695
1591	2072	19.158246
2265	2072	-2.827999
1089	2073	1.708232
113	2075	0.843017
384	2075	5.434759
873	2075	3.781214
1317	2075	14.294442
1581	2075	10.650166
2075	2075	-4.627270
2216	2075	-8.418343
2437	2075	2.400539
3274	2075	-8.414215
4031	2075	-10.215066
2077	2077	19.228644
3644	2077	10.821009
3843	2077	-3.647048
449	2078	-2.996591
977	2078	5.758810
1585	2078	-1.593128
2571	2078	8.057288
2845	2078	-3.007799
2938	2078	0.295611
3689	2078	-6.263247
459	2080	-13.420020
589	2080	-2.512869
998	2080	-9.048581
3645	2080	18.628972
161	2081	2.208921
328	2081	-19.856839
417	2081	0.411996
1099	2081	-2.163657
1458	2081	-8.039501
2024	2081	-0.142901
2302	2081	11.180889
2419	2081	0.172318
2542	2081	9.375379
2766	2081	12.743511
2880	2081	8.404407
3197	2081	-3.697008
3344	2081	-0.609416
3795	2081	7.437552
3798	2081	-3.957718
3965	2081	6.607485
3885	2082	7.313786
51	2083	0.071522
592	2083	12.316883
852	2083	-3.786185
1101	2083	-10.548757
1238	2083	-15.369790
1651	2083	-10.673615
2083	2083	-7.880564
2089	2083	-1.510933
2182	2083	-4.431371
3044	2083	-16.803201
3153	2083	5.747954
3796	2083	-7.690169
3837	2083	10.682021
3890	2083	11.908034
664	2084	-5.576405
933	2084	-8.339001
1367	2084	0.349145
2093	2084	12.020716
2511	2084	6.145453
1234	2087	0.723874
3944	2088	1.763423
15	2089	15.532426
20	2089	-18.342549
113	2089	-10.654668
151	2089	5.321076
238	2089	2.941987
369	2089	-10.217642
384	2089	3.421186
396	2089	-23.234168
400	2089	-1.608223
439	2089	-8.959895
456	2089	-2.337694
472	2089	14.164271
550	2089	-2.389136
572	2089	11.734475
589	2089	8.267743
664	2089	-16.394259
703	2089	-5.830323
730	2089	4.197790
737	2089	-22.467027
762	2089	-11.507157
798	2089	-11.010042
976	2089	3.248073
977	2089	12.034723
987	2089	17.599045
1097	2089	-7.690033
1179	2089	-6.848020
1230	2089	21.462031
1284	2089	24.962225
1301	2089	9.919423
1339	2089	0.593562
1377	2089	10.576013
1384	2089	7.758385
1445	2089	0.530541
1577	2089	-0.292071
1679	2089	5.499847
1682	2089	-35.282788
1955	2089	-3.682932
2001	2089	9.625769
2027	2089	5.246387
2060	2089	22.543835
2062	2089	-13.729345
2064	2089	2.293176
2089	2089	6.887216
2133	2089	-9.518974
2221	2089	12.591636
2270	2089	6.729973
2341	2089	6.871282
2472	2089	7.117950
2490	2089	-11.211393
2538	2089	-10.912566
2557	2089	8.522980
2630	2089	-2.959940
2665	2089	2.472293
2729	2089	8.586513
2753	2089	-7.035422
2766	2089	3.135197
2836	2089	16.853705
2841	2089	-12.015468
2843	2089	7.782281
2925	2089	7.226961
3018	2089	6.689657
3067	2089	0.904565
3130	2089	-5.463344
3145	2089	21.144972
3146	2089	-2.800156
3310	2089	7.244858
3342	2089	-3.152088
3356	2089	17.009602
3441	2089	-19.215226
3485	2089	11.243036
3519	2089	5.113670
3534	2089	24.681019
3580	2089	-25.166828
3629	2089	9.372187
3719	2089	13.125135
3740	2089	0.680817
3748	2089	-6.988827
3793	2089	18.162510
3904	2089	-0.569871
3910	2089	0.933944
3962	2089	-0.502683
3965	2089	22.717732
4021	2089	-21.831272
97	2090	-8.171640
399	2090	23.276859
838	2090	-15.491853
958	2090	6.543077
1950	2090	-5.678543
2725	2090	11.649264
2729	2090	4.033104
2847	2090	1.180910
3343	2090	13.419874
3578	2090	1.924433
3616	2090	3.268555
3709	2090	9.213639
73	2091	-11.330390
2299	2091	4.349297
2523	2092	-3.471245
110	2093	16.558553
146	2093	9.052970
178	2093	-3.688379
843	2093	-4.612550
874	2093	9.396227
1101	2093	5.711476
1434	2093	15.794516
1646	2093	-10.418828
1682	2093	-3.303623
1939	2093	11.339207
2134	2093	3.126199
2285	2093	11.166047
2468	2093	9.545438
3378	2093	19.830857
3507	2093	16.640210
3827	2093	-12.507757
3945	2093	-1.202450
2320	2094	5.333030
1435	2095	-1.962945
2508	2095	22.845302
3810	2095	2.878133
2157	2099	5.752162
3622	2100	8.192467
4049	2100	1.225584
47	2102	11.452970
370	2102	8.287567
2032	2102	-6.160088
2216	2102	-4.002542
2498	2102	0.523880
3634	2103	1.840732
320	2104	15.952468
235	2105	-3.836490
252	2105	-6.488284
276	2105	11.849863
615	2105	-7.642523
1594	2105	3.879214
1763	2105	-4.243876
1895	2105	21.241674
2060	2105	-6.566899
2181	2105	21.422380
3015	2105	-0.635605
3196	2105	6.278847
3232	2105	5.875913
1129	2106	-15.845702
414	2107	8.635383
3029	2107	-5.595425
3416	2107	-13.956278
2182	2108	3.781192
113	2109	8.870778
456	2109	2.490644
1538	2109	-2.303309
1738	2109	1.938570
1870	2109	1.750402
1943	2109	-7.023279
2586	2109	9.749224
3553	2109	-8.677594
3571	2109	5.347020
166	2110	-7.006941
209	2110	13.621228
273	2110	21.448911
600	2110	0.642944
1050	2110	-0.215143
1077	2110	-6.348775
1842	2110	-23.882323
1854	2110	7.516904
2066	2110	-5.394892
2183	2110	-10.826146
2729	2110	-6.154067
3263	2110	10.873608
3485	2110	-23.283623
3576	2110	-14.116207
3795	2110	-10.293732
73	2111	-11.898236
386	2111	6.907407
580	2111	10.072927
833	2111	-4.257921
849	2111	-12.492393
1097	2111	-2.704277
1101	2111	0.829344
1581	2111	0.776963
1759	2111	-7.045810
2550	2111	9.909947
2574	2111	-3.275725
3032	2111	3.350313
3593	2111	6.020201
1763	2112	-6.300912
852	2113	9.060076
862	2113	9.410897
1113	2113	15.514273
1328	2113	7.455843
1719	2113	6.512218
2129	2113	2.684658
2170	2113	0.518744
2181	2113	-3.333637
2182	2113	7.373953
2393	2113	-8.959030
2846	2113	-12.442540
2932	2113	26.225121
3651	2113	9.581832
3853	2113	1.785755
3622	2114	3.393638
3406	2117	7.614449
252	2118	4.185667
2492	2118	-13.687277
737	2119	3.546498
1583	2119	0.835827
3019	2119	-8.840356
745	2120	-3.709729
1538	2120	9.172541
2816	2120	-1.217844
3684	2120	5.003969
3873	2120	-3.565712
2229	2121	-11.075593
73	2122	-2.404978
453	2122	-11.176510
1958	2122	17.967486
3983	2122	-9.749781
412	2125	7.785869
456	2125	14.748640
550	2125	1.558145
663	2125	-5.376990
768	2125	29.044314
935	2125	10.646352
1429	2125	5.602140
1797	2125	5.743269
1961	2125	-14.672187
2265	2125	-7.355874
2436	2125	3.709606
3847	2125	8.397302
4032	2125	1.675030
4071	2125	-1.264842
1475	2127	3.281128
2541	2127	9.117177
3241	2127	-3.354689
516	2128	-5.660984
545	2128	1.522043
1033	2128	16.079945
1078	2128	12.328962
1160	2128	-6.328973
1396	2128	-18.866904
1537	2128	-5.611596
1552	2128	2.476608
2490	2128	-8.128005
2737	2128	-9.424818
3556	2128	8.427576
3730	2128	31.934685
3740	2128	0.892631
4041	2128	13.347558
4086	2128	8.961627
14	2129	-11.785760
18	2129	11.882467
33	2129	-1.169183
84	2129	2.826284
209	2129	-5.498046
323	2129	-18.416253
394	2129	11.070548
456	2129	-5.879539
457	2129	8.816789
478	2129	7.190896
508	2129	25.239523
521	2129	-8.975779
549	2129	-15.326733
572	2129	17.088745
615	2129	-2.786018
737	2129	2.675279
752	2129	-12.175658
767	2129	7.562600
792	2129	-8.047843
803	2129	-11.145532
852	2129	-4.690787
864	2129	6.810993
873	2129	10.261528
895	2129	1.963383
949	2129	-8.319202
977	2129	5.407187
996	2129	-7.451223
1023	2129	-14.186917
1101	2129	-1.633570
1113	2129	26.591805
1150	2129	-27.888402
1179	2129	4.436559
1281	2129	-2.797523
1291	2129	-5.273427
1328	2129	-1.769526
1374	2129	-6.754565
1507	2129	-2.453863
1522	2129	11.493147
1532	2129	5.065035
1538	2129	12.654553
1591	2129	16.698366
1656	2129	-3.771336
1667	2129	-14.477983
1715	2129	2.090231
1741	2129	5.804519
1775	2129	7.462280
1793	2129	18.167660
1829	2129	2.931213
1848	2129	-16.769894
1851	2129	2.660400
1955	2129	8.487593
1956	2129	-0.358402
2010	2129	1.613257
2028	2129	3.456472
2129	2129	19.339621
2212	2129	28.460740
2393	2129	-12.291885
2436	2129	-12.073036
2463	2129	11.448590
2465	2129	-10.944401
2492	2129	-4.168807
2523	2129	-5.190000
2541	2129	5.689577
2564	2129	-19.639729
2653	2129	15.936977
2660	2129	-0.582215
2665	2129	19.851801
2683	2129	-0.567631
2691	2129	20.671680
2755	2129	6.203219
2766	2129	8.583380
2816	2129	3.351579
2846	2129	-3.318786
2882	2129	-13.417907
3060	2129	-9.596753
3145	2129	19.261472
3229	2129	41.066383
3241	2129	6.665961
3333	2129	-9.694421
3343	2129	-11.738010
3441	2129	3.533619
3510	2129	3.176225
3519	2129	-8.816708
3622	2129	1.560245
3689	2129	-10.978337
3691	2129	-1.065096
3719	2129	-16.379691
3730	2129	20.806220
3740	2129	5.655994
3744	2129	-0.368368
3816	2129	-5.155917
3820	2129	13.351537
3847	2129	10.628157
3879	2129	-7.250753
3922	2129	6.990360
3945	2129	5.020195
3973	2129	11.465810
3984	2129	-12.859318
148	2130	2.071634
163	2130	8.131509
264	2130	23.379948
493	2130	-2.079598
1374	2130	2.872571
2764	2130	-19.797722
3310	2130	6.453282
3447	2130	-5.829815
3998	2132	-2.018583
437	2133	-11.322242
545	2133	-2.349850
1646	2133	10.316236
1656	2133	1.504091
344	2134	-19.912792
472	2134	-7.384241
623	2134	-0.256909
811	2134	0.442617
1216	2134	10.022713
1414	2134	-1.136896
2764	2134	-1.288538
3436	2134	-12.315334
3485	2134	-0.885855
3806	2134	-9.616730
3969	2134	1.962280
1147	2135	-11.682212
3006	2135	3.315172
3841	2135	11.808613
2859	2136	-12.780007
113	2137	0.161910
628	2137	-23.996764
664	2137	-4.819718
703	2137	20.734769
798	2137	3.767259
1080	2137	36.034840
1124	2137	11.831723
1381	2137	-11.241878
1429	2137	-0.653530
1646	2137	-20.450352
1649	2137	-2.296674
1854	2137	-13.614875
2060	2137	-5.685366
2341	2137	-3.975829
2349	2137	-30.838996
2599	2137	3.783410
3565	2137	0.059626
4051	2137	9.403377
1051	2138	4.102142
1367	2138	5.303726
742	2139	9.085349
965	2139	-13.335307
1039	2139	-7.356061
3584	2140	2.453690
3057	2145	9.509882
3148	2145	-17.418362
19	2146	17.618141
3275	2146	5.092464
3296	2146	-10.083182
3542	2146	13.131991
3597	2146	7.762758
3795	2146	-3.846888
2432	2148	1.075683
2985	2148	6.403162
264	2149	-16.379282
782	2149	-2.155107
3314	2149	7.844014
3680	2149	-17.742086
3719	2150	8.056821
109	2151	-2.261086
3662	2151	23.638108
57	2153	-18.404290
2134	2153	10.215260
2366	2153	17.771761
2653	2153	0.187446
3437	2153	24.369196
620	2154	-13.497987
2907	2154	12.083259
3185	2154	17.558984
3719	2154	36.326005
898	2155	-13.195801
1193	2155	5.673607
394	2156	-18.172740
579	2156	8.482567
621	2156	-7.486492
1591	2156	8.794770
2376	2156	14.532991
2903	2156	10.889091
3486	2156	-15.708862
3782	2156	-3.415730
2718	2157	7.838470
1376	2158	-4.742333
2685	2159	0.750467
1092	2161	2.875439
3314	2161	4.912637
1130	2162	0.978734
3915	2162	-3.425218
386	2163	14.675448
777	2164	4.062313
2157	2164	-1.488263
541	2167	-18.627667
602	2167	7.535026
1294	2167	-11.502103
1521	2167	4.798397
2167	2167	-16.748506
2538	2167	-13.299787
2540	2167	12.421703
2932	2167	-1.632725
2990	2167	-4.346660
3235	2167	-0.978854
3310	2167	-14.837184
3374	2167	-3.938867
3622	2167	-5.900184
3664	2167	-6.986178
3742	2167	-2.174866
4022	2167	-8.030988
992	2168	8.609913
2494	2168	11.846864
94	2169	6.475765
194	2169	15.623448
209	2169	-5.394733
895	2169	3.432099
1077	2169	3.929473
1763	2169	0.809007
2083	2169	1.383508
2229	2169	-8.891306
2856	2169	-3.964643
3795	2169	3.021423
3876	2169	1.223063
4068	2169	-4.734227
4085	2169	7.940873
929	2170	-3.860862
949	2170	4.998213
1023	2170	-5.204927
1105	2170	-0.449971
1270	2170	4.154232
1328	2170	7.691098
1594	2170	19.975339
1655	2170	-3.514486
1710	2170	-0.092922
1764	2170	17.399370
1806	2170	4.352475
2156	2170	17.559930
2170	2170	-5.412454
2181	2170	6.432562
2729	2170	1.282674
2947	2170	18.606310
3386	2170	-6.202675
2263	2171	-3.926991
113	2172	-7.756758
163	2172	-16.938315
989	2172	9.040628
1377	2172	2.473945
2084	2172	-1.838340
2335	2172	1.561654
2341	2172	6.341265
2777	2172	-4.115299
3532	2172	4.877669
2451	2173	-7.948735
3146	2173	7.659705
3747	2174	0.152875
3976	2175	19.043410
1822	2177	1.481398
187	2178	7.279880
519	2178	4.801659
673	2178	1.627449
778	2178	9.651714
996	2178	2.848164
1334	2178	-4.318800
1362	2178	3.686774
1819	2178	-16.443021
2610	2178	-4.326490
3352	2178	-5.015374
3378	2178	-11.225645
3428	2178	10.822052
3696	2178	-2.332405
3719	2178	7.165490
3733	2178	-7.163716
3866	2178	7.759517
3950	2178	3.020387
479	2179	-0.063065
1216	2179	-9.758816
1402	2179	16.022414
3182	2180	0.171714
113	2181	1.651875
154	2181	-9.942489
163	2181	10.674487
184	2181	-2.778562
187	2181	-4.269200
204	2181	-10.929237
286	2181	0.118059
320	2181	12.158325
338	2181	-2.878302
452	2181	8.111879
545	2181	11.650976
663	2181	7.904750
682	2181	-15.503593
737	2181	-11.156099
742	2181	-13.927161
777	2181	11.087953
815	2181	-8.466712
843	2181	-9.660050
970	2181	-2.497128
977	2181	7.385275
1029	2181	-6.121123
1038	2181	3.580574
1092	2181	4.441175
1097	2181	-0.353144
1126	2181	4.491326
1155	2181	9.526245
1159	2181	1.959186
1185	2181	-31.438814
1328	2181	2.479502
1374	2181	9.511871
1396	2181	5.808736
1408	2181	-0.643449
1468	2181	4.012662
1485	2181	-15.221589
1522	2181	23.428415
1555	2181	-2.656241
1594	2181	-12.651337
1622	2181	2.505817
1652	2181	-1.205844
1706	2181	4.441045
1710	2181	11.239612
1806	2181	5.536304
1812	2181	-25.489716
1976	2181	-14.921660
2181	2181	-1.060188
2191	2181	10.506396
2229	2181	11.258860
2232	2181	-9.266984
2291	2181	16.849530
2384	2181	-0.467572
2436	2181	10.138762
2465	2181	4.866016
2477	2181	-10.211025
2490	2181	-11.860162
2513	2181	-13.436531
2574	2181	2.349715
2665	2181	11.248739
2724	2181	-13.068620
2764	2181	9.664483
2826	2181	-20.111596
2947	2181	3.383183
2981	2181	0.469142
2987	2181	-10.029423
3015	2181	7.781890
3032	2181	30.565043
3064	2181	1.615321
3184	2181	19.736066
3342	2181	7.445295
3343	2181	0.898317
3382	2181	13.373521
3430	2181	-24.133670
3510	2181	-10.031430
3567	2181	7.685687
3680	2181	-19.391759
3738	2181	5.703796
3740	2181	6.755809
3885	2181	-2.304957
3889	2181	8.190326
3904	2181	-9.461929
3945	2181	-23.237910
4032	2181	0.476942
4086	2181	17.391843
14	2182	-8.347226
84	2182	-13.614245
97	2182	-7.420819
125	2182	6.493066
214	2182	3.564317
340	2182	-7.175831
439	2182	1.575151
663	2182	-3.742031
864	2182	-0.283817
1342	2182	-1.930986
1362	2182	-2.204705
1719	2182	1.583521
1735	2182	-6.412519
1955	2182	1.742337
2182	2182	-12.036687
2250	2182	-1.962063
2492	2182	-2.194380
2727	2182	12.287790
2803	2182	0.426367
3159	2182	11.677667
3229	2182	5.194408
3529	2182	-1.902486
4051	2182	-5.071869
678	2183	-19.435500
961	2183	15.704165
1373	2183	15.601544
3350	2183	4.265499
3449	2183	-5.240397
3486	2183	-3.322156
3659	2183	-3.220958
3904	2183	4.583447
1555	2185	-17.139111
2492	2185	1.306913
3730	2185	-11.371543
1735	2186	7.872876
1885	2187	-17.615034
2718	2187	4.754446
3910	2187	-0.611983
2210	2188	-9.349894
187	2191	8.628903
2391	2191	-14.351152
2785	2191	-3.903730
113	2192	15.487789
209	2192	8.036867
572	2192	10.488006
743	2192	-12.960774
928	2192	2.063538
1185	2192	-14.332113
1374	2192	-3.611170
1706	2192	-13.894463
2192	2192	-5.602122
3565	2192	11.526079
3811	2192	-6.010979
3816	2192	5.545354
3866	2192	-15.730514
113	2193	10.107459
163	2193	-1.196863
986	2193	10.010617
1715	2193	0.033955
3044	2193	7.920158
3692	2193	10.162387
3719	2193	-16.930726
259	2194	-5.749730
942	2194	0.725187
1101	2194	0.370488
1321	2194	-11.690078
2194	2194	-3.037835
2232	2194	-6.596880
3758	2194	6.166640
3945	2194	-7.608378
1925	2196	8.619709
3229	2196	24.830292
1206	2198	-2.397431
2477	2198	-1.682329
3015	2198	-0.978702
4028	2198	-0.350838
871	2199	16.792537
3961	2199	3.197808
3965	2201	-22.685235
238	2204	-6.917960
625	2204	5.149038
1637	2204	4.556719
382	2205	-0.670999
407	2208	3.996714
798	2208	6.121689
3873	2208	7.347496
1359	2209	-6.108264
2770	2209	-1.485833
462	2210	-4.255560
989	2210	-0.956484
1538	2210	7.137599
1691	2210	14.685177
2998	2210	-1.546616
3146	2210	-11.271139
3158	2210	-1.926997
3735	2210	-1.304032
80	2212	-3.780847
237	2212	-7.037976
414	2212	-4.764298
456	2212	-4.851589
621	2212	-6.367839
688	2212	-22.828702
769	2212	-3.962895
774	2212	5.361741
895	2212	-1.723651
977	2212	-5.074150
1425	2212	9.220470
1787	2212	4.500361
1929	2212	-7.664339
1955	2212	3.679532
2066	2212	9.497673
2129	2212	-15.407196
2386	2212	-7.305397
2505	2212	-0.949387
2586	2212	-10.445997
2931	2212	-4.684994
2962	2212	8.528603
3195	2212	-1.969950
3229	2212	4.005637
3333	2212	-13.324506
3358	2212	17.574824
3380	2212	15.459723
3430	2212	-3.971343
3441	2212	9.288531
3476	2212	-3.090030
3510	2212	-6.829649
3519	2212	-11.878001
3529	2212	-11.612428
3709	2212	-9.793888
3804	2212	12.890996
3844	2212	-10.362189
4024	2212	12.501527
113	2213	-9.574680
1679	2213	7.910417
2060	2213	10.380933
2325	2213	7.399668
3492	2213	-9.505511
3795	2213	16.095837
113	2214	8.156817
243	2214	5.009366
284	2214	-1.097065
342	2214	0.306409
439	2214	-5.772548
456	2214	20.814906
541	2214	-3.503138
698	2214	12.371658
895	2214	-19.214086
994	2214	10.308904
1001	2214	-21.514326
1078	2214	-7.268300
1097	2214	-6.051046
1116	2214	2.633118
1155	2214	-2.499762
1185	2214	-5.658446
1622	2214	-12.890522
1854	2214	-10.092353
2051	2214	5.858823
2066	2214	-12.490761
2214	2214	3.016855
2270	2214	10.217774
2341	2214	7.463463
2393	2214	-5.403280
2463	2214	0.599768
2600	2214	-11.560780
2803	2214	6.587910
2845	2214	-4.081917
2907	2214	-6.698349
2998	2214	-6.336502
3057	2214	12.387520
3256	2214	16.127972
3310	2214	9.650190
3449	2214	1.566378
3719	2214	-14.453983
3740	2214	-16.844638
16	2215	-2.918286
13	2216	-3.003758
14	2216	-10.480633
42	2216	7.123202
49	2216	-7.354999
97	2216	-0.809142
187	2216	-4.620537
214	2216	12.375738
219	2216	-1.392299
238	2216	-9.537188
312	2216	0.212597
407	2216	7.348179
550	2216	-19.204433
619	2216	4.116133
707	2216	-8.285365
737	2216	1.328220
746	2216	4.015895
803	2216	0.093540
895	2216	22.042593
945	2216	-13.382003
977	2216	1.770478
1023	2216	5.446828
1071	2216	2.970714
1075	2216	15.170684
1179	2216	7.058446
1204	2216	7.972872
1216	2216	12.944961
1328	2216	3.169684
1332	2216	-16.881774
1408	2216	-7.223405
1468	2216	0.946453
1485	2216	-2.123593
1538	2216	1.108050
1682	2216	-19.898228
1865	2216	-1.169788
1922	2216	21.624789
2060	2216	9.752412
2066	2216	-21.271784
2129	2216	-9.003583
2130	2216	-2.549819
2134	2216	0.608156
2181	2216	-25.393194
2216	2216	7.248013
2341	2216	7.393215
2393	2216	-13.525104
2436	2216	13.700020
2468	2216	12.580698
2490	2216	-8.028170
2550	2216	-3.012247
2588	2216	3.366121
2764	2216	-4.141044
2787	2216	13.760757
2806	2216	-4.909776
2836	2216	8.836709
2846	2216	-11.276404
2870	2216	5.439797
2871	2216	-7.725693
2872	2216	3.304676
2916	2216	6.390219
3044	2216	-18.540414
3061	2216	1.639675
3256	2216	-8.760695
3301	2216	5.696211
3374	2216	3.089495
3447	2216	19.412991
3477	2216	-5.480166
3514	2216	8.352180
3519	2216	-0.857958
3565	2216	-0.566529
3633	2216	4.480251
3719	2216	1.678092
3740	2216	-0.041736
3802	2216	-12.261330
3882	2216	-3.210295
3904	2216	-49.664029
3910	2216	0.334018
3920	2216	4.334304
4016	2216	-4.929941
4023	2216	-16.017423
4062	2216	-14.217791
4073	2216	-14.323006
407	2217	-1.965721
1767	2217	-4.890658
2181	2217	-22.928334
2665	2217	2.900242
3733	2217	-6.454841
214	2218	8.145475
998	2218	4.357075
1903	2218	-2.310842
1933	2218	-4.955847
2066	2218	-11.687419
2081	2218	-16.842455
2411	2218	15.578384
2489	2218	4.652053
2689	2218	-6.522877
3039	2218	-3.901851
3310	2218	-2.353957
4	2221	-5.815540
275	2221	3.778992
328	2221	10.895105
412	2221	6.169944
450	2221	10.142134
550	2221	10.417940
615	2221	-6.803118
640	2221	-14.232337
976	2221	-6.408491
1144	2221	-4.758577
1169	2221	1.807170
1238	2221	5.028367
1300	2221	-10.263436
1537	2221	10.562613
1581	2221	5.447234
1854	2221	-6.080617
1891	2221	-11.350626
1939	2221	-11.565677
1953	2221	-4.876608
2090	2221	-6.247929
2541	2221	0.939709
2981	2221	-13.617611
3080	2221	14.166741
3173	2221	-11.241145
3222	2221	9.523124
3256	2221	-5.476318
3370	2221	11.707373
3441	2221	-4.112714
3491	2221	9.790220
3522	2221	13.257618
3537	2221	7.516936
3563	2221	4.531007
3631	2221	-5.234625
3637	2221	-0.661581
3684	2221	7.001812
3688	2221	-4.174722
3867	2221	4.887694
1249	2222	-26.297129
1897	2222	1.399040
608	2223	2.745210
786	2223	-6.337158
868	2223	5.045424
1051	2223	-3.868451
1651	2223	8.515024
1945	2223	-5.838205
2468	2223	16.409459
2846	2223	9.423516
3666	2223	16.411146
4073	2223	13.185535
953	2225	-6.076233
2051	2225	-1.075283
2129	2225	15.796400
2229	2225	-11.349139
3006	2225	-9.623804
37	2226	9.188201
73	2226	-1.346477
113	2226	-6.465444
158	2226	-1.490549
170	2226	10.411663
226	2226	4.210108
615	2226	6.749058
737	2226	-2.083639
798	2226	11.032293
843	2226	21.178972
900	2226	-9.894370
926	2226	-17.673802
1023	2226	-5.898437
1101	2226	-3.003291
1238	2226	-1.950857
1646	2226	-13.074638
1679	2226	6.902362
1756	2226	-5.031519
1945	2226	-0.897818
2010	2226	-15.666955
2014	2226	-8.527920
2226	2226	-5.061826
2359	2226	6.007256
2468	2226	-5.639980
2470	2226	-12.750971
2494	2226	1.809749
2547	2226	14.193259
3180	2226	10.824931
3241	2226	23.371805
3578	2226	10.734343
3585	2226	-1.252241
3638	2226	6.802316
3662	2226	14.094096
3793	2226	11.237832
3853	2226	17.897256
3882	2226	-13.351074
3889	2226	-3.629267
4083	2226	-0.155764
148	2227	-0.127546
780	2227	-5.288557
2762	2227	-24.716508
2781	2227	1.999927
73	2229	25.349770
97	2229	12.299416
113	2229	-4.298036
170	2229	-15.563838
186	2229	-0.237773
336	2229	-6.093600
550	2229	-2.470475
615	2229	-8.525870
708	2229	3.568713
843	2229	-3.744293
895	2229	1.326392
1015	2229	-30.176883
1072	2229	11.556381
1101	2229	-2.069799
1202	2229	-0.131767
1216	2229	-7.823024
1376	2229	1.927415
1408	2229	9.542373
1560	2229	1.707233
1646	2229	10.790889
1725	2229	4.797855
1914	2229	-2.827130
1949	2229	8.907810
1976	2229	-14.056679
2100	2229	-5.469386
2181	2229	11.277481
2265	2229	-10.230064
2277	2229	-3.890792
2341	2229	13.710464
2465	2229	8.099934
2547	2229	-3.632905
2571	2229	-0.310294
2845	2229	-9.275895
2981	2229	2.608084
3000	2229	11.051858
3229	2229	11.749364
3256	2229	15.042297
3531	2229	22.586598
3585	2229	5.333893
3644	2229	19.079734
3666	2229	13.864670
3802	2229	7.471336
3866	2229	0.984555
4016	2229	1.780900
4066	2229	-5.170723
3118	2230	8.925568
15	2232	19.223195
97	2232	7.939435
113	2232	8.946639
187	2232	-0.730775
228	2232	1.286700
382	2232	11.136482
394	2232	11.059495
456	2232	20.096752
504	2232	-2.944280
550	2232	9.924795
663	2232	-13.390004
737	2232	-9.925909
1101	2232	8.053230
1147	2232	-4.415968
1227	2232	12.125937
1310	2232	-14.458047
1328	2232	16.876034
1375	2232	-3.047695
1396	2232	34.177798
1537	2232	5.268018
1667	2232	3.807989
1682	2232	3.794811
1767	2232	-6.423638
2232	2232	-8.009591
2332	2232	4.542490
2468	2232	-0.309327
2490	2232	-6.898095
2616	2232	-12.998690
3061	2232	-3.454264
3229	2232	6.662848
3666	2232	6.308036
3786	2232	-1.167092
3904	2232	-0.150907
1560	2235	-18.215643
1505	2237	-11.648710
1710	2237	12.065403
2237	2237	-14.104308
2291	2237	0.181480
273	2238	8.355755
737	2240	-0.455558
1743	2240	-3.772703
2060	2240	11.710787
2459	2240	7.136855
2821	2240	5.011160
299	2241	-11.187166
1646	2241	-2.492707
1362	2243	-2.803169
4028	2245	-1.537287
365	2246	-8.350843
1522	2246	8.677940
1767	2246	-12.450216
2347	2246	-10.056292
3373	2246	-7.346437
4057	2246	7.587333
1374	2249	0.609619
2409	2249	-2.565916
3762	2249	6.660764
2332	2250	8.336357
3529	2250	-3.723278
1051	2252	13.595901
187	2253	-9.272214
1058	2253	-13.514427
2655	2253	5.025463
2729	2253	-0.916971
3032	2253	9.392991
2857	2258	-12.676557
65	2259	4.818670
521	2259	-0.905694
1186	2259	15.873627
322	2262	4.966782
3436	2262	-10.273950
3631	2262	5.216785
532	2263	1.875830
2653	2263	0.319740
3802	2263	1.361680
586	2264	1.458040
180	2265	-13.675257
501	2265	-10.579312
671	2265	10.744038
852	2265	3.042055
893	2265	3.069470
895	2265	3.966072
1108	2265	2.432806
1316	2265	-6.297112
1328	2265	-3.258958
1362	2265	4.286655
1367	2265	-1.831140
1451	2265	17.381700
1591	2265	2.722281
1691	2265	2.385416
1719	2265	-0.769865
1903	2265	4.732856
1955	2265	4.533589
2010	2265	2.006041
2110	2265	-13.425883
2182	2265	13.842634
2265	2265	-9.283120
2429	2265	-2.562083
2463	2265	-16.818601
2660	2265	3.032792
2919	2265	4.639498
2936	2265	11.849239
3058	2265	3.716241
3227	2265	4.269832
3476	2265	7.955200
3486	2265	-3.364267
3802	2265	-4.233559
3904	2265	-30.948383
3983	2265	8.729942
500	2266	13.504511
862	2266	16.574285
1187	2266	-4.575016
1564	2266	1.870403
3398	2266	-4.178290
744	2267	21.963177
3485	2267	13.566486
3589	2267	-6.413397
3738	2267	-13.094715
3871	2267	5.064564
3965	2267	-10.159795
1396	2268	-3.934579
1485	2268	7.798602
2703	2268	12.903924
3555	2268	-0.122702
3622	2268	4.345769
3691	2268	-9.681332
3726	2268	8.403645
3945	2268	17.342476
4023	2268	17.155195
59	2270	1.628658
97	2270	11.395447
163	2270	-22.678211
182	2270	6.670322
214	2270	6.766877
281	2270	12.759809
357	2270	-4.319371
424	2270	-5.499552
448	2270	11.810874
456	2270	6.453377
479	2270	5.297790
516	2270	10.645280
545	2270	2.599308
572	2270	5.765125
663	2270	-19.662888
664	2270	-2.388403
711	2270	-2.366195
886	2270	4.190475
895	2270	-1.135200
1019	2270	-5.672457
1078	2270	-0.401634
1101	2270	-0.629788
1179	2270	-5.190279
1189	2270	-1.342297
1362	2270	13.081006
1374	2270	11.822400
1483	2270	15.407861
1502	2270	-5.227718
1540	2270	2.027005
1679	2270	0.968679
1723	2270	-5.999382
1791	2270	-8.345436
1829	2270	1.723296
1922	2270	5.106335
1955	2270	1.034883
1976	2270	11.053726
2043	2270	-5.115190
2066	2270	1.159881
2089	2270	-2.820018
2130	2270	14.014467
2179	2270	-6.923501
2216	2270	-18.518617
2270	2270	8.534695
2287	2270	-3.173462
2341	2270	2.709921
2370	2270	-18.780672
2419	2270	1.031382
2463	2270	7.811268
2472	2270	30.074071
2492	2270	-12.750259
2505	2270	0.595426
2532	2270	-9.698472
2538	2270	-10.134621
2616	2270	0.385021
2724	2270	27.389297
2766	2270	-7.971519
2803	2270	-5.426417
2981	2270	4.575912
3032	2270	-16.565152
3049	2270	-7.954550
3061	2270	-5.606005
3158	2270	1.250964
3173	2270	10.895458
3342	2270	-10.234825
3350	2270	5.453159
3358	2270	12.154167
3373	2270	3.283601
3384	2270	4.084595
3405	2270	-13.226353
3485	2270	-4.884057
3519	2270	-10.781103
3568	2270	-5.793470
3570	2270	1.490381
3622	2270	-8.142430
3629	2270	-10.980839
3662	2270	8.020724
3733	2270	-9.083435
3740	2270	1.420247
3770	2270	0.602697
3795	2270	-3.283935
3802	2270	2.911569
3816	2270	7.796100
3904	2270	-4.764514
4073	2270	0.594987
1	2272	-10.294669
209	2272	10.026696
501	2272	1.192221
677	2272	-6.506053
893	2272	-7.773063
895	2272	2.249750
937	2272	3.213353
1039	2272	6.820805
1738	2272	-2.973491
1777	2272	-5.557108
2272	2272	-4.089203
2411	2272	8.322630
2464	2272	10.312274
2911	2272	-20.491256
3381	2272	-9.931951
3522	2272	-17.219600
864	2273	7.707340
3333	2274	8.920985
3633	2276	1.698036
895	2277	-15.656254
1131	2277	9.300433
1425	2277	5.189339
1468	2277	-17.264321
1538	2277	6.978728
1967	2277	12.089047
2323	2277	-35.736728
3345	2277	-1.755739
3584	2277	-8.899712
3970	2277	-1.020641
4032	2277	-9.893806
80	2278	-15.130770
97	2278	-2.851486
113	2278	-5.594334
186	2278	11.063285
328	2278	-8.618150
550	2278	8.030209
625	2278	-0.756537
628	2278	-8.818488
663	2278	-0.163976
976	2278	-4.350014
1089	2278	6.301321
1195	2278	-6.989218
1328	2278	-7.761001
1362	2278	-3.731155
1851	2278	-3.450223
2216	2278	8.459999
2265	2278	-6.831235
2315	2278	-3.463849
2490	2278	2.028028
2665	2278	-2.277867
2984	2278	-4.967487
3044	2278	-25.566135
3222	2278	0.962587
3378	2278	1.670566
3696	2278	4.823810
3904	2278	10.674012
3916	2278	-5.073896
4034	2278	2.742599
532	2279	-1.060551
2010	2279	16.523024
2066	2279	10.831961
2665	2279	6.692620
2704	2279	7.036402
2843	2279	-4.554826
3614	2279	-12.147758
3103	2280	0.830247
3476	2282	-9.470421
933	2283	20.157794
976	2283	11.019874
1023	2283	4.679474
1261	2283	-1.704699
1332	2283	16.029119
1651	2283	3.394522
2468	2283	-19.291593
3044	2283	-1.955692
3847	2283	2.555778
402	2284	3.623140
1657	2284	9.139189
2415	2284	2.706897
2947	2285	-2.055214
3373	2285	12.118070
1023	2286	-13.683166
1071	2286	1.381651
7	2287	2.329825
14	2287	2.866957
129	2287	3.024682
170	2287	1.475722
238	2287	-7.043183
328	2287	17.244425
472	2287	-0.491387
508	2287	-7.699703
589	2287	7.627856
798	2287	-6.416743
852	2287	9.472423
895	2287	1.403731
1019	2287	-0.197896
1092	2287	5.536044
1101	2287	14.577768
1125	2287	1.769168
1291	2287	1.565041
1312	2287	3.144248
1421	2287	-14.909016
1502	2287	18.872577
1526	2287	3.257046
1891	2287	7.476423
1898	2287	9.092359
2182	2287	15.608138
2221	2287	-8.359697
2265	2287	-12.911784
2287	2287	-2.154982
2586	2287	1.533547
2599	2287	-0.169819
2665	2287	10.314033
2919	2287	6.869310
3325	2287	1.299366
3485	2287	0.007637
3648	2287	-17.763778
3696	2287	-9.858573
3698	2287	9.846387
3733	2287	-14.039678
3876	2287	-1.654176
3904	2287	-4.332353
228	2288	-18.881308
822	2288	-22.584265
1089	2288	13.792751
3770	2288	-8.003365
3730	2289	-5.543096
1646	2290	-8.397422
2787	2290	7.210462
3682	2290	8.438900
3945	2290	0.173333
437	2291	-7.458124
1033	2291	8.114859
1502	2291	-5.852464
2181	2291	14.942369
2291	2291	2.748617
2492	2291	-3.779243
3273	2291	0.249203
3904	2291	-12.273754
1661	2292	4.948536
2442	2292	-15.298683
3097	2292	-1.555377
113	2295	0.814031
121	2295	-1.039625
284	2295	20.603582
439	2295	7.466587
736	2295	14.384112
737	2295	11.281766
872	2295	6.372993
976	2295	3.577711
1101	2295	-4.834669
1429	2295	7.208110
1646	2295	12.159812
1715	2295	-19.030182
1726	2295	4.960706
1842	2295	-12.960174
1947	2295	-4.595093
2027	2295	-5.393729
2066	2295	-32.622793
2295	2295	-5.461503
2412	2295	19.500006
2492	2295	-4.471237
2541	2295	5.077408
2617	2295	-7.641165
2663	2295	8.619661
2665	2295	-20.586691
2724	2295	1.300359
2911	2295	7.188831
2998	2295	5.663585
3044	2295	-3.985964
3310	2295	16.495913
3380	2295	-0.337827
3795	2295	17.531518
843	2297	5.378783
1216	2297	-0.282065
1756	2297	2.997170
2181	2297	-9.568652
2283	2297	3.911707
3075	2297	-10.464620
3565	2297	-7.178102
2544	2298	20.476526
2469	2299	-9.203389
2589	2299	5.065727
2816	2299	-5.430523
3649	2299	4.245571
3692	2299	-7.541809
742	2301	1.226307
80	2302	-7.281579
209	2302	31.484570
232	2302	-13.418414
394	2302	0.830857
618	2302	-2.958953
681	2302	4.025265
828	2302	8.266561
839	2302	10.075181
852	2302	-0.575433
864	2302	2.725202
895	2302	-2.952320
926	2302	4.978547
941	2302	-29.028908
1051	2302	-8.004635
1075	2302	6.712499
1078	2302	-5.523142
1288	2302	1.148462
1377	2302	-5.091914
1485	2302	27.442118
1537	2302	3.267894
1577	2302	-2.151690
1646	2302	-1.447775
1719	2302	6.922882
1756	2302	21.363695
1851	2302	16.007941
1929	2302	-4.329635
2089	2302	9.032820
2226	2302	2.150974
2332	2302	1.741330
2468	2302	-8.579707
2492	2302	2.725436
2498	2302	-6.590446
2508	2302	12.121081
2700	2302	8.612429
2836	2302	8.260158
3145	2302	-1.725219
3229	2302	19.499355
3333	2302	6.774036
3567	2302	9.442848
3666	2302	-11.027915
3688	2302	-0.802813
3816	2302	25.092555
4004	2302	-7.152787
4005	2302	9.819989
97	2303	-6.439130
2782	2303	-1.966390
632	2304	-3.276099
2523	2304	12.119344
2685	2304	13.660461
3377	2304	7.853990
220	2305	-13.159524
2820	2307	-8.948062
1574	2309	-2.097191
1922	2309	5.102925
3230	2309	0.294027
1291	2310	-15.119756
849	2311	-3.497180
14	2312	-9.313267
1015	2312	6.805679
1072	2312	-17.263277
2766	2312	5.693836
3441	2312	5.545295
1213	2314	1.484623
550	2315	29.135410
976	2315	24.969759
1384	2315	-5.373605
2480	2315	9.235224
2557	2315	-13.664421
386	2317	6.160633
663	2318	0.764460
586	2319	4.601655
1970	2319	-7.141676
2663	2319	-12.682442
3390	2319	-2.624486
1955	2320	7.777955
3774	2322	-0.248195
3515	2323	2.961000
3644	2323	2.186280
3793	2325	-5.711619
221	2327	3.038436
545	2327	-8.510074
1157	2327	14.547401
1485	2327	2.246150
2310	2327	-7.080902
3395	2327	9.298612
3519	2329	-11.578321
2026	2330	3.111046
3229	2330	8.516083
151	2331	-5.123646
341	2331	9.062519
1755	2331	5.545473
42	2332	-15.547731
146	2332	5.420663
187	2332	-16.933920
439	2332	10.214552
448	2332	-18.760177
572	2332	18.121272
895	2332	4.444227
1051	2332	-25.076373
1216	2332	-20.620241
1238	2332	-2.329308
1429	2332	1.853688
1485	2332	0.156528
1976	2332	-5.266348
1981	2332	12.701838
2066	2332	21.845409
2182	2332	-0.638337
2332	2332	-13.799900
2469	2332	5.644023
2683	2332	-11.301739
2846	2332	4.869767
2929	2332	-8.935581
2932	2332	6.038213
3194	2332	21.037150
3229	2332	-8.919423
3250	2332	0.923615
3578	2332	-3.891880
3589	2332	3.562800
3595	2332	2.685035
3673	2332	-14.845916
3688	2332	4.175552
3727	2332	7.301252
3844	2332	-10.510156
2884	2333	-3.143246
3585	2333	5.414721
3229	2336	-2.135562
737	2337	-10.263679
1582	2337	-2.477179
3823	2337	1.941913
101	2340	-7.251389
456	2340	5.097599
852	2340	11.770302
2720	2340	15.128976
22	2341	-6.244603
73	2341	4.532702
95	2341	20.753345
97	2341	8.594384
131	2341	1.748195
148	2341	-7.741497
170	2341	-4.630034
231	2341	5.695772
243	2341	9.717349
400	2341	-3.700527
439	2341	12.632449
456	2341	-27.574099
510	2341	-6.671686
550	2341	8.997789
583	2341	3.390224
589	2341	3.518602
615	2341	-6.800781
737	2341	-1.605072
868	2341	0.255555
895	2341	11.731330
1019	2341	-6.106755
1085	2341	1.524624
1101	2341	-12.577349
1148	2341	11.154828
1155	2341	10.845851
1212	2341	8.090773
1328	2341	-4.669970
1429	2341	-5.595369
1483	2341	-1.989046
1577	2341	0.431537
1583	2341	11.179813
1594	2341	0.189271
1663	2341	4.285464
1679	2341	-2.440552
1718	2341	2.746177
1835	2341	9.558915
1847	2341	0.696020
1855	2341	-10.057833
1873	2341	0.905628
1897	2341	3.352268
1925	2341	7.100582
1955	2341	-18.620013
1976	2341	0.299959
2014	2341	-10.563011
2051	2341	21.676192
2057	2341	13.744830
2066	2341	-4.126804
2089	2341	5.901220
2181	2341	-0.860309
2214	2341	10.358527
2295	2341	12.022767
2341	2341	15.529785
2347	2341	11.871530
2349	2341	8.910264
2386	2341	18.940271
2465	2341	-2.090033
2472	2341	-3.067458
2492	2341	-8.869035
2512	2341	-1.261201
2538	2341	-0.092076
2669	2341	5.089896
2683	2341	-4.742551
2845	2341	3.842086
2907	2341	10.655712
2915	2341	9.747645
2981	2341	-5.353338
2990	2341	-3.777200
3039	2341	2.759347
3173	2341	0.330764
3256	2341	-6.850930
3310	2341	0.963074
3343	2341	7.738270
3449	2341	-18.028998
3519	2341	26.289094
3578	2341	-5.829574
3622	2341	4.104127
3688	2341	-3.034473
3703	2341	5.670045
3740	2341	8.872499
3751	2341	18.700653
3770	2341	-4.917160
3802	2341	5.781286
3840	2341	2.086278
3847	2341	6.423170
3894	2341	-5.053925
3904	2341	-4.303588
3920	2341	-3.110040
3945	2341	-9.428439
4021	2341	3.363197
4041	2341	2.711956
4073	2341	5.128017
57	2343	-17.725663
3485	2343	13.144232
2845	2344	2.209420
3241	2344	22.031019
1950	2346	6.432499
404	2347	19.095622
572	2347	6.609503
895	2347	3.360986
953	2347	6.757445
1034	2347	14.289948
1089	2347	-2.050144
1310	2347	-1.590530
1375	2347	4.771189
1401	2347	-21.279105
1522	2347	-5.486393
1738	2347	-18.860868
1854	2347	-1.281355
1970	2347	-3.601570
1976	2347	11.401394
2064	2347	10.062279
2341	2347	-10.293977
2347	2347	4.975086
2629	2347	-4.261718
2764	2347	5.660694
2839	2347	7.186193
2846	2347	2.873172
2857	2347	4.581093
2947	2347	-0.652930
3144	2347	-3.121726
3240	2347	5.427770
3360	2347	8.674564
3366	2347	-6.937607
3740	2347	5.288663
3945	2347	1.066823
2789	2348	9.122229
151	2349	-9.056583
163	2349	17.718681
170	2349	10.257523
424	2349	7.916762
456	2349	4.204903
615	2349	-7.638287
664	2349	-21.889178
737	2349	10.617256
766	2349	-11.662395
798	2349	6.182777
891	2349	2.952937
894	2349	0.467997
1101	2349	16.069119
1127	2349	8.103274
1131	2349	0.327361
1148	2349	-1.857651
1227	2349	16.832534
1376	2349	-6.274344
1429	2349	-4.422316
1594	2349	7.331170
1667	2349	1.070109
1812	2349	8.485360
1955	2349	5.457946
1979	2349	-1.607914
2093	2349	28.951642
2129	2349	-25.526080
2302	2349	6.109556
2347	2349	7.088340
2349	2349	27.343462
2472	2349	7.323014
2511	2349	6.849012
2561	2349	-11.658380
2586	2349	-16.880911
2653	2349	0.952466
2733	2349	-0.069349
2962	2349	-11.869327
3044	2349	16.261482
3189	2349	1.914196
3208	2349	-7.119146
3740	2349	-3.144683
3930	2349	-17.291415
3932	2349	-10.836537
3962	2349	-8.340832
4005	2349	-8.489954
4068	2349	-0.273729
1092	2350	12.212347
3227	2351	11.856091
3805	2351	-6.804092
3693	2352	-9.964866
73	2353	-2.522946
382	2353	12.502657
2183	2353	15.187725
2855	2353	-4.959694
2987	2353	2.393503
171	2354	-3.515344
620	2354	-11.882245
849	2354	-5.288831
1332	2354	-7.828930
1347	2354	-1.469692
1651	2354	-16.988516
2073	2354	-0.976562
2684	2354	0.642587
2943	2354	-6.380583
3099	2354	13.052583
3733	2354	3.573921
3793	2354	-1.977685
623	2355	36.895314
841	2355	-4.654140
1928	2360	5.649261
163	2361	-3.796702
352	2361	7.987648
1970	2361	1.887236
2278	2361	-5.101862
2922	2361	-14.449993
1522	2365	-5.374008
252	2366	13.454289
914	2368	-1.821546
1377	2368	-10.237612
2553	2368	-7.424580
862	2370	7.923873
1726	2370	-1.871446
2265	2370	-16.828546
3237	2370	-4.644326
3820	2370	7.762959
3904	2370	7.079106
3930	2370	-14.333697
4009	2370	7.525464
2729	2371	-5.859541
3099	2371	-3.516383
375	2372	6.867663
838	2372	-0.382902
3924	2372	6.573302
1090	2374	-6.041267
3276	2375	-16.553397
3930	2375	-6.960521
390	2376	-8.366103
463	2376	9.001873
695	2376	1.014547
1307	2376	-2.650646
1930	2376	6.798923
2066	2376	-4.220773
2183	2376	0.594752
2665	2376	9.456434
2729	2376	-1.276749
2999	2376	-2.405892
14	2377	6.427850
49	2377	-1.828741
444	2377	14.386602
711	2377	-4.672775
778	2377	-0.142931
926	2377	-1.264465
1015	2377	-6.936226
1243	2377	-3.605591
2182	2377	13.306600
2766	2377	4.989215
2778	2377	-1.355754
3310	2377	1.246384
3371	2377	-5.790869
161	2379	-10.894806
664	2379	-1.269490
708	2379	-8.783126
1741	2379	27.737125
2181	2379	18.325045
2629	2379	4.323801
2647	2379	8.119796
2725	2379	6.482206
3032	2379	2.003824
4000	2379	-22.153167
4032	2379	-6.617039
357	2380	3.629146
767	2380	21.600404
1374	2380	10.978209
1608	2380	-19.013618
1682	2380	1.770353
3373	2380	3.625398
452	2384	-0.141777
521	2384	-0.052197
737	2384	-6.760686
798	2384	-1.253814
889	2384	5.261323
1310	2384	-22.133896
1682	2384	-14.886845
2011	2384	1.327069
2089	2384	2.251559
2341	2384	-4.037205
2490	2384	-31.752662
3256	2384	-1.197620
3878	2384	-24.236022
394	2385	25.998880
926	2385	-5.503223
2385	2385	-0.482254
2490	2385	-1.417117
2727	2385	1.000744
3701	2385	-8.856670
539	2386	-0.243874
1551	2386	-15.580316
1961	2386	-6.599164
2112	2386	8.009087
2279	2386	-1.094368
3145	2386	-10.081958
3688	2386	-4.337539
3942	2386	16.786272
2892	2387	-16.642112
803	2388	-0.399036
963	2388	-0.794210
1568	2388	-1.095473
703	2390	-3.474020
1743	2390	-7.834632
305	2391	-19.065097
895	2391	6.830160
1310	2391	-6.703100
1718	2391	-16.797606
1794	2391	11.909155
2523	2391	6.098031
3019	2391	-14.782528
3327	2391	-3.556428
3485	2391	4.960178
3733	2391	-8.999517
3127	2392	-8.683373
14	2393	-0.673547
25	2393	3.793727
74	2393	10.783096
97	2393	-2.764154
171	2393	-0.784033
214	2393	2.442301
307	2393	7.898561
400	2393	-3.603190
439	2393	6.928231
453	2393	-6.652865
456	2393	13.416205
517	2393	3.273676
532	2393	-10.221550
540	2393	13.588398
550	2393	13.904479
572	2393	7.894054
664	2393	12.433387
737	2393	13.520599
864	2393	-2.933000
895	2393	10.288917
977	2393	-0.980939
1039	2393	1.266587
1075	2393	-17.050225
1101	2393	-10.422162
1169	2393	8.023820
1179	2393	26.337505
1185	2393	-19.230136
1191	2393	-4.174715
1310	2393	-14.138257
1367	2393	-2.135375
1431	2393	7.840695
1442	2393	11.287019
1538	2393	-4.075269
1555	2393	-9.086570
1646	2393	3.143360
1816	2393	1.453340
1889	2393	-18.310428
1955	2393	-2.637681
2010	2393	1.735636
2056	2393	0.582984
2066	2393	29.916995
2221	2393	-8.804183
2379	2393	-0.615446
2393	2393	-10.782894
2469	2393	4.065183
2492	2393	-20.661968
2574	2393	1.555295
2586	2393	-3.284270
2665	2393	11.916029
2729	2393	0.306444
2821	2393	-7.091706
2907	2393	4.925867
2991	2393	4.378517
3158	2393	-17.531444
3333	2393	-0.948738
3342	2393	3.379500
3377	2393	-30.962278
3441	2393	-22.413753
3476	2393	11.605253
3519	2393	-9.939450
3529	2393	-18.276592
3620	2393	-5.663377
3629	2393	13.394795
3663	2393	-13.588276
3709	2393	1.468336
3738	2393	-13.926826
3770	2393	-0.803431
3804	2393	13.695822
3823	2393	-0.244828
3945	2393	3.035342
4027	2393	8.130876
320	2394	3.044723
550	2394	-7.316857
982	2394	-4.431102
1122	2394	-14.055093
2836	2396	3.341251
864	2397	-0.323219
2690	2397	5.271209
1499	2399	4.878378
1230	2400	-13.643017
1524	2400	2.064222
1594	2400	-0.752173
1618	2400	3.032254
97	2401	5.710748
1132	2401	-2.495018
2349	2401	3.161583
3084	2401	12.370356
3291	2401	-0.530240
3748	2401	10.630116
370	2402	-16.663071
862	2402	7.191885
1110	2402	1.612374
1015	2403	-3.347016
2286	2406	4.069223
3075	2406	-8.980715
532	2407	5.631243
711	2407	2.845188
949	2407	-15.733584
1713	2407	8.465550
3633	2407	6.926737
209	2408	-18.304927
336	2408	11.762349
737	2408	-7.175522
816	2408	-15.655959
1238	2408	-17.687027
1350	2408	-4.683356
2547	2408	-1.636154
2618	2408	6.073801
3310	2408	-4.437342
3639	2408	-16.932493
4067	2408	2.955342
14	2409	-1.780251
206	2409	-19.141723
215	2409	-22.128819
393	2409	1.417443
1334	2409	-20.045633
1589	2409	2.896963
1767	2409	-11.163857
1976	2409	-7.799030
2616	2409	6.007728
2853	2409	2.847392
3256	2409	10.768083
3622	2409	7.103633
3639	2409	2.827498
3740	2409	2.024946
184	2410	6.615930
278	2410	1.489870
623	2410	5.488747
2751	2410	-10.050462
3531	2410	-16.297210
3709	2410	-5.917633
3885	2410	1.068141
4	2411	-3.810561
1714	2411	-4.551268
1903	2411	7.563307
2037	2411	-10.857850
3447	2411	-0.046943
3795	2411	10.496932
14	2412	-0.520937
19	2412	0.862805
171	2412	-16.462768
337	2412	8.848043
439	2412	12.019066
444	2412	6.887430
506	2412	1.632625
736	2412	13.675449
737	2412	1.601445
745	2412	-23.316759
933	2412	7.849310
1078	2412	7.092339
1124	2412	-11.623716
1144	2412	-1.848299
1216	2412	-11.897376
1386	2412	6.729579
1438	2412	-7.657375
1532	2412	17.084911
1646	2412	-19.889008
1657	2412	0.955132
1738	2412	-10.803884
1851	2412	-15.136761
1955	2412	2.821094
2010	2412	-9.750377
2060	2412	13.769212
2129	2412	4.264119
2371	2412	1.644176
2412	2412	0.969376
2511	2412	-3.225197
2611	2412	-3.792115
2653	2412	11.051661
2665	2412	-1.497540
2753	2412	10.745708
2778	2412	-2.448446
3129	2412	-8.770227
3145	2412	4.592171
3242	2412	4.920268
3345	2412	-5.623927
3358	2412	4.786886
3709	2412	10.158819
4021	2412	-2.973138
4073	2412	4.742346
548	2413	-7.538301
2883	2414	-9.591664
340	2415	-16.312241
1504	2416	-16.339772
1682	2417	16.470749
2105	2417	2.949579
2109	2417	2.732626
2685	2417	-6.874245
3749	2417	-2.998716
382	2419	4.514465
456	2419	-2.458188
737	2419	-3.826116
962	2419	-7.820085
1101	2419	0.750501
1328	2419	-6.245239
1349	2419	-8.089203
1539	2419	2.912704
1955	2419	6.028633
2127	2419	19.613458
2492	2419	-14.928112
2729	2419	0.514115
3645	2419	-7.184785
3684	2419	10.559795
400	2420	-16.309729
2081	2420	-4.997118
3907	2422	4.239522
621	2423	-7.308078
17	2424	24.798648
1533	2424	10.892039
14	2425	-4.549237
1688	2425	-5.668151
2265	2425	-32.620392
2922	2425	0.120824
3816	2425	12.140834
1051	2426	-11.948446
1332	2426	-15.428755
2685	2426	-5.547378
3329	2426	-9.274904
3773	2426	-2.173799
14	2429	-18.561566
228	2429	-22.023207
781	2429	11.308381
976	2429	-16.748889
1396	2429	34.005311
2128	2429	6.922277
2130	2429	-17.360389
2232	2429	2.190273
2270	2429	-0.912122
2370	2429	1.332739
2962	2429	19.689339
3229	2429	7.770711
3727	2429	-5.649648
3774	2429	5.725191
3820	2429	-16.663571
3842	2429	3.352517
2852	2431	-3.857583
97	2432	-5.455933
148	2432	1.405406
1004	2432	2.782070
1051	2432	-2.359344
1238	2432	20.374277
1374	2432	12.073173
1624	2432	-12.460845
1823	2432	-3.336693
1897	2432	-5.149484
2128	2432	-1.228208
2749	2432	-2.155939
3770	2432	21.355959
3945	2432	1.752143
2347	2435	-14.625883
3703	2435	-2.258342
14	2436	7.370091
42	2436	-13.646770
307	2436	16.657483
352	2436	-10.525700
439	2436	10.341158
456	2436	-17.357946
501	2436	29.746521
508	2436	26.266409
521	2436	12.965560
545	2436	10.169764
552	2436	-11.054974
580	2436	7.152712
615	2436	8.222298
622	2436	6.047807
663	2436	-12.411955
774	2436	0.443550
811	2436	-22.374973
852	2436	3.928192
874	2436	-1.219478
895	2436	-3.736227
911	2436	9.840121
976	2436	-8.309559
977	2436	-10.246672
1023	2436	-0.413809
1058	2436	8.144226
1089	2436	-8.298493
1092	2436	7.207767
1101	2436	-7.166917
1113	2436	0.753252
1143	2436	-1.703478
1147	2436	8.826657
1169	2436	-10.240824
1185	2436	18.849353
1193	2436	7.952063
1216	2436	-13.189800
1298	2436	9.696606
1325	2436	10.068317
1375	2436	12.607170
1396	2436	0.468812
1445	2436	-5.084912
1485	2436	15.707220
1538	2436	26.077879
1560	2436	-27.171736
1656	2436	-27.509805
1705	2436	-4.846586
1726	2436	-10.289751
1747	2436	-15.468999
1764	2436	1.611458
1791	2436	-3.319512
1812	2436	-14.919771
1897	2436	-14.002661
1955	2436	-36.777301
2047	2436	1.391821
2089	2436	2.629050
2129	2436	-9.900754
2170	2436	-3.352612
2181	2436	-19.452293
2216	2436	3.217265
2265	2436	1.450766
2287	2436	-10.374893
2381	2436	2.896469
2393	2436	-33.639276
2436	2436	-9.405569
2464	2436	-4.411817
2465	2436	2.344209
2468	2436	-1.277535
2490	2436	18.053809
2531	2436	2.293661
2543	2436	-4.750595
2585	2436	-2.750989
2605	2436	-4.059872
2702	2436	4.345755
2727	2436	-3.874098
2729	2436	10.644767
2766	2436	1.063006
2772	2436	-6.621065
2832	2436	-15.161790
2866	2436	0.810409
2870	2436	-9.543205
2943	2436	11.276122
2990	2436	2.477276
3018	2436	-17.791093
3032	2436	13.395857
3035	2436	4.777914
3044	2436	-4.024178
3171	2436	1.354148
3204	2436	-4.289509
3229	2436	10.063320
3325	2436	-7.559368
3352	2436	29.018660
3374	2436	-10.095104
3476	2436	5.415683
3519	2436	-5.771829
3525	2436	11.290887
3565	2436	-11.670886
3730	2436	-16.909736
3823	2436	0.103809
3880	2436	1.207333
3882	2436	-3.808594
3904	2436	21.096383
3945	2436	8.871463
3984	2436	25.311915
4032	2436	-0.621298
279	2438	-8.902377
2291	2438	5.345279
2582	2438	-7.594914
2729	2439	-8.863739
3261	2440	-3.266076
97	2441	0.493931
342	2441	-0.412723
417	2441	-11.330991
603	2441	3.299523
658	2441	2.950253
893	2441	1.041567
1922	2441	3.555585
1956	2441	-20.331327
2653	2441	-2.933967
2921	2441	9.233092
2958	2441	4.465764
3153	2441	5.180462
3240	2441	-6.450376
3522	2441	-1.572490
3549	2441	-0.713608
3840	2441	-4.152019
3945	2441	5.465257
1374	2445	-3.978475
4062	2447	20.969292
1608	2449	-12.022091
545	2453	1.926944
1051	2453	-6.912639
2419	2453	-10.411779
2543	2453	13.413445
3430	2453	-0.400241
4021	2453	-2.012349
3878	2454	-1.893763
2354	2457	-4.325648
2146	2459	2.361705
2846	2459	4.651783
3522	2459	2.212870
3660	2459	1.021780
3734	2459	-12.626277
550	2460	17.854343
895	2460	-5.425353
1362	2460	-16.786899
2559	2460	-1.780263
3507	2460	13.869245
214	2461	-4.768386
228	2461	-2.301721
976	2461	-2.528938
1347	2461	-0.266879
1408	2461	3.846976
2216	2461	21.885834
372	2462	-5.091851
3733	2462	-3.100736
3800	2462	0.761000
97	2463	20.977774
163	2463	4.651122
456	2463	4.332020
510	2463	-18.188916
550	2463	-10.475636
615	2463	-24.971610
619	2463	1.755748
623	2463	-12.916742
663	2463	0.553884
713	2463	3.455460
737	2463	-1.222625
1019	2463	11.407314
1092	2463	14.223437
1274	2463	-4.550483
1284	2463	-9.007462
1374	2463	-7.854740
1414	2463	1.434947
1485	2463	8.783875
1667	2463	14.110279
1710	2463	-1.497010
1942	2463	-7.634538
1958	2463	10.798496
2047	2463	14.570502
2062	2463	-4.612960
2064	2463	-9.758290
2129	2463	-7.775468
2419	2463	-24.262488
2463	2463	2.219040
2468	2463	-4.425264
2599	2463	8.191972
3039	2463	6.936941
3227	2463	2.141665
3291	2463	11.785924
3410	2463	6.363449
3567	2463	2.313394
3709	2463	-1.314050
3793	2463	-2.490969
3866	2463	-18.583537
3915	2463	4.233695
3935	2463	-4.198337
4073	2463	11.361577
4	2464	-10.828137
16	2464	0.035249
25	2464	7.543205
73	2464	-3.291268
83	2464	6.833200
110	2464	-5.166491
171	2464	8.725447
456	2464	-6.723914
623	2464	-19.398988
1001	2464	13.425032
1039	2464	28.869314
1101	2464	-7.504545
1347	2464	-2.360355
1605	2464	6.615600
1851	2464	-14.063912
1855	2464	-12.560059
2037	2464	5.618919
2066	2464	-11.499014
2089	2464	-22.601551
2216	2464	-2.976123
2272	2464	-0.283009
2523	2464	9.365303
2574	2464	-11.454776
2846	2464	-12.002871
2916	2464	-8.790566
2981	2464	10.598074
3039	2464	6.764070
3301	2464	1.724943
3310	2464	-3.957008
3360	2464	11.150590
3373	2464	6.790216
3441	2464	7.822848
3595	2464	17.681458
3793	2464	1.880576
3795	2464	-4.704020
3945	2464	-4.660771
3950	2464	4.541981
4061	2464	21.728331
42	2465	-1.577150
243	2465	5.306302
252	2465	-9.273303
357	2465	12.922598
407	2465	-4.464495
665	2465	-1.673316
762	2465	-5.242623
949	2465	-10.078651
1015	2465	-4.229355
1023	2465	0.523699
1089	2465	5.187438
1127	2465	-15.989808
1179	2465	3.913191
1230	2465	2.811331
1312	2465	2.723132
1522	2465	-6.554103
1535	2465	-19.985695
1710	2465	-17.613150
1922	2465	-1.155853
2007	2465	1.401321
2060	2465	-7.712212
2066	2465	11.892472
2125	2465	1.656521
2137	2465	-2.063491
2214	2465	-1.089247
2278	2465	-16.185338
2375	2465	16.551386
2425	2465	7.056477
2580	2465	-2.099083
2619	2465	11.100153
2816	2465	3.730074
3006	2465	-1.708109
3117	2465	7.576075
3419	2465	7.228635
3728	2465	5.395611
3795	2465	-5.420228
3847	2465	23.284695
3866	2465	7.826462
3873	2465	1.699354
4032	2465	-2.511134
4071	2465	5.755198
4083	2465	11.948422
3349	2466	-19.215900
186	2467	-3.564020
288	2467	-12.276070
1374	2467	-6.650955
1485	2467	-15.149600
1903	2467	23.353323
4051	2467	-4.914884
4	2468	9.141518
113	2468	-9.704724
170	2468	9.003594
243	2468	12.134333
273	2468	-3.232138
328	2468	0.846117
429	2468	-6.395190
439	2468	-5.391762
456	2468	-15.029906
471	2468	6.718980
628	2468	15.587470
710	2468	5.045289
736	2468	-16.308644
737	2468	-16.688194
816	2468	-25.995884
843	2468	3.417456
852	2468	0.836122
895	2468	-8.203785
1077	2468	-7.896729
1092	2468	-1.733498
1101	2468	4.065345
1124	2468	-10.774197
1153	2468	1.966607
1179	2468	-1.790011
1216	2468	-3.911540
1219	2468	4.222142
1362	2468	12.395389
1390	2468	0.402521
1437	2468	-9.608110
1485	2468	-4.915286
1516	2468	-9.620092
1679	2468	-3.939902
1756	2468	3.316365
1763	2468	-22.789504
1781	2468	8.556071
1812	2468	2.816187
1821	2468	-2.701340
1867	2468	11.395620
1955	2468	-6.801661
1979	2468	-0.704717
2010	2468	4.801823
2027	2468	9.664252
2045	2468	0.758406
2060	2468	14.443426
2163	2468	-13.070595
2169	2468	-9.505289
2216	2468	-6.226594
2341	2468	11.121933
2349	2468	-0.388326
2393	2468	10.069990
2412	2468	-2.283228
2436	2468	14.514551
2490	2468	1.417853
2541	2468	-1.179280
2663	2468	4.895977
2665	2468	0.848953
2702	2468	-6.059539
2721	2468	2.257337
2794	2468	4.639728
2816	2468	-2.361443
2826	2468	19.322166
2907	2468	-8.763101
2987	2468	4.345952
3145	2468	2.969129
3148	2468	-10.746481
3158	2468	1.783542
3197	2468	21.020282
3229	2468	-12.876631
3276	2468	16.568076
3349	2468	4.199987
3356	2468	15.144229
3373	2468	-8.145379
3485	2468	1.604541
3510	2468	-22.008747
3519	2468	13.792164
3522	2468	10.745864
3567	2468	-1.552527
3622	2468	0.202258
3748	2468	14.291792
3842	2468	-7.361176
3866	2468	5.212841
3890	2468	13.815628
3945	2468	-1.053005
3977	2468	1.853924
4021	2468	6.563193
4083	2468	-12.130172
73	2469	-5.405430
472	2469	-18.637202
1092	2469	12.446126
1126	2469	-2.191900
1131	2469	-3.172199
1682	2469	2.614688
1981	2469	9.956192
2010	2469	-0.710166
2066	2469	-7.537843
2393	2469	12.206264
2520	2469	-3.382231
2699	2469	9.073626
3399	2469	2.059305
3450	2469	9.220496
3481	2469	-16.483158
3563	2469	6.204511
3823	2469	-11.477408
1726	2470	12.996119
2105	2470	-4.123018
3250	2470	17.778891
4035	2470	-4.537234
452	2471	-0.382799
1508	2471	-0.929909
1537	2471	-14.797198
1812	2471	3.024279
3016	2471	-15.151174
3740	2471	-15.295721
3765	2471	-11.591930
44	2472	-2.148632
95	2472	-6.596634
113	2472	11.225219
389	2472	3.113595
456	2472	-6.067807
577	2472	-3.761547
663	2472	3.475143
898	2472	-6.146743
1078	2472	12.967846
1291	2472	-15.923606
1336	2472	11.315094
1342	2472	3.838065
1502	2472	8.618574
1508	2472	-4.249398
1537	2472	0.773052
1538	2472	-17.945758
1570	2472	-7.593448
1594	2472	-24.026241
1976	2472	4.446718
2221	2472	-5.872926
2223	2472	8.588543
2349	2472	-3.368844
2472	2472	6.845604
2599	2472	-8.283718
2691	2472	2.004166
2803	2472	-4.909136
2907	2472	-1.493275
3256	2472	13.865891
3358	2472	1.196098
3386	2472	-13.600437
3622	2472	-7.536393
3866	2472	-6.333657
4021	2472	10.673945
4051	2472	2.853215
4086	2472	-12.776310
854	2475	7.833605
2665	2475	-6.648229
332	2476	9.819173
743	2477	12.058139
777	2477	14.333287
1374	2477	-7.617784
1536	2477	-5.027674
234	2480	4.113779
370	2480	5.248280
415	2480	-4.178296
504	2480	-8.555433
737	2480	-12.375101
774	2480	-11.576303
933	2480	27.478623
938	2480	-2.183061
1078	2480	-9.591374
1577	2480	11.332194
1812	2480	14.068326
1862	2480	-6.645361
2412	2480	-5.969675
3310	2480	-14.963499
3873	2480	-10.640479
4082	2480	-4.436496
1463	2481	-14.057599
73	2482	-6.342584
365	2482	12.158553
439	2482	-6.868933
440	2482	-16.823078
2270	2482	1.361388
2844	2482	-3.392920
2210	2483	19.930071
2285	2484	8.342705
214	2485	-8.723822
2755	2485	-1.814079
2871	2485	0.990303
928	2489	10.361196
1690	2489	18.148879
2615	2489	12.527787
2882	2489	5.455591
2922	2489	-16.803643
4083	2489	2.902731
33	2490	-1.741154
80	2490	-2.205102
170	2490	-6.185536
352	2490	-0.331256
357	2490	-1.719881
407	2490	0.231985
472	2490	17.265076
508	2490	6.978737
521	2490	1.712181
545	2490	-9.184159
601	2490	14.158333
619	2490	-3.336186
623	2490	-3.178595
625	2490	-7.171644
658	2490	-16.124769
736	2490	2.275661
737	2490	-22.123348
772	2490	0.901021
789	2490	-5.437841
798	2490	15.566005
895	2490	1.152391
914	2490	6.663783
976	2490	14.981978
977	2490	-7.265293
1101	2490	-14.026867
1108	2490	-3.515047
1160	2490	0.413385
1281	2490	12.352603
1363	2490	-8.258280
1375	2490	4.368744
1396	2490	20.034591
1468	2490	0.048108
1522	2490	19.046649
1657	2490	-2.583229
1710	2490	-6.161919
1719	2490	-20.951920
1949	2490	-10.963247
1955	2490	-17.160566
2010	2490	-4.666561
2075	2490	-1.262399
2089	2490	0.115832
2105	2490	-1.324097
2181	2490	-5.567475
2216	2490	11.306428
2270	2490	14.530789
2278	2490	-17.341109
2287	2490	5.085804
2472	2490	25.855032
2490	2490	10.627025
2518	2490	5.670343
2655	2490	-1.432010
2707	2490	8.646068
2766	2490	-8.293941
2778	2490	-21.467763
2816	2490	-17.974359
2836	2490	-9.552109
2843	2490	-11.273116
2963	2490	-4.440969
3018	2490	1.778803
3108	2490	-1.291845
3131	2490	0.972004
3158	2490	-3.773564
3229	2490	14.585270
3485	2490	-15.301524
3534	2490	-1.354067
3552	2490	25.063659
3607	2490	-8.711917
3651	2490	-14.131929
3680	2490	-5.899185
3738	2490	-13.019338
3740	2490	-5.160244
3788	2490	-1.130990
3793	2490	-12.226430
3853	2490	-20.172064
3904	2490	8.020531
3945	2490	-18.841344
3980	2490	3.229058
4025	2490	-3.253352
25	2492	7.129967
97	2492	27.051123
209	2492	11.036721
228	2492	-10.884800
417	2492	-7.437649
439	2492	14.071235
469	2492	-4.409902
541	2492	-9.579090
545	2492	12.806844
572	2492	1.500725
615	2492	-5.066605
737	2492	32.034314
895	2492	8.922231
917	2492	-1.782734
939	2492	2.886665
993	2492	18.565314
1015	2492	2.412865
1077	2492	-15.218483
1079	2492	12.894109
1101	2492	14.493810
1132	2492	0.696452
1144	2492	-6.028445
1169	2492	-11.170807
1328	2492	2.411852
1396	2492	-0.135325
1428	2492	7.787268
1429	2492	-17.669791
1431	2492	-10.656026
1440	2492	-9.923340
1452	2492	-2.036905
1468	2492	4.569200
1485	2492	9.072023
1637	2492	-1.455967
1646	2492	-2.293257
1682	2492	-20.966874
1808	2492	-8.220065
1889	2492	-4.502518
1903	2492	-21.421887
1949	2492	10.263040
1955	2492	14.184009
1970	2492	10.573549
1976	2492	12.680973
1979	2492	12.134787
1994	2492	-3.194689
2010	2492	32.637324
2045	2492	1.714527
2066	2492	-4.953867
2156	2492	-10.024302
2182	2492	-10.210819
2214	2492	5.559307
2232	2492	4.970365
2290	2492	8.989045
2307	2492	5.634654
2341	2492	8.811869
2441	2492	-4.136767
2468	2492	-15.882514
2492	2492	28.355777
2669	2492	-2.022734
2763	2492	-0.343686
2962	2492	-6.719704
2991	2492	-8.147435
3119	2492	16.454075
3144	2492	6.915014
3175	2492	1.768427
3229	2492	4.396025
3236	2492	17.666536
3241	2492	-4.563598
3358	2492	-8.712001
3368	2492	-2.261886
3430	2492	-7.969068
3447	2492	-2.622137
3457	2492	-4.542952
3476	2492	-0.822175
3529	2492	4.399181
3578	2492	14.377821
3657	2492	-21.037471
3688	2492	-11.192759
3689	2492	10.573859
3719	2492	21.825025
3734	2492	24.954636
3912	2492	-20.149340
3928	2492	-6.383594
3945	2492	-1.177696
3973	2492	-3.648335
187	2494	-10.525017
428	2494	-5.055867
456	2494	10.351445
541	2494	-10.589864
895	2494	-26.572840
976	2494	-16.094486
996	2494	-9.088725
1050	2494	-10.534012
1088	2494	-13.361819
1259	2494	-22.151653
1682	2494	-9.307159
1791	2494	0.929843
1819	2494	5.413570
1842	2494	-0.740603
1873	2494	-8.920339
1898	2494	21.220643
2023	2494	1.228637
2168	2494	14.115912
2347	2494	15.361870
2468	2494	12.678698
2494	2494	-2.625616
3143	2494	-9.263945
3256	2494	3.798473
3476	2494	-10.072524
3589	2494	1.839398
3701	2494	14.594617
3734	2494	6.496073
3795	2494	10.899296
3958	2494	10.086812
1185	2495	-7.540393
1889	2495	-12.233384
2463	2495	17.572622
3119	2495	-5.541562
633	2496	-2.442215
2587	2496	-12.002212
2957	2496	7.159668
143	2497	-4.270405
501	2497	5.360028
527	2497	1.507531
1696	2497	-9.950465
2512	2497	1.160012
2624	2497	-15.610429
3740	2497	-2.741015
1718	2498	3.274002
2846	2498	1.130498
3885	2502	9.579887
1015	2503	0.481245
1075	2503	27.722551
15	2505	0.392915
97	2505	23.813235
113	2505	-3.635432
617	2505	-20.741698
618	2505	10.877021
619	2505	-4.511418
744	2505	5.458174
893	2505	-11.228149
895	2505	15.030199
978	2505	2.586171
999	2505	4.596827
1015	2505	7.352827
1101	2505	-10.841426
1125	2505	-1.752658
1280	2505	5.485976
1362	2505	26.105009
1485	2505	0.495446
1533	2505	-18.543428
1535	2505	5.205500
1537	2505	14.570117
1691	2505	-7.711758
2182	2505	21.397638
2216	2505	10.695977
2226	2505	8.680873
2232	2505	3.540614
2332	2505	9.380051
2341	2505	-16.976106
2492	2505	-14.138609
2518	2505	-2.720863
2803	2505	7.111519
2846	2505	-3.612602
2885	2505	-9.292905
3080	2505	-16.626232
3310	2505	-7.164286
3485	2505	0.828228
3510	2505	21.504277
3519	2505	-19.819573
3585	2505	-10.626367
3622	2505	2.509854
3684	2505	0.429622
3719	2505	13.140812
3904	2505	-5.676969
3928	2505	-1.228947
3937	2505	6.665253
798	2508	-0.431321
2066	2508	6.499830
2270	2508	-0.176819
2341	2508	-6.250646
3006	2508	2.714734
3922	2508	3.399814
4003	2508	-11.315884
184	2511	1.337829
4	2512	3.251147
14	2512	-5.109122
30	2512	2.285753
97	2512	0.340422
325	2512	17.545907
424	2512	8.217090
439	2512	-15.190408
696	2512	-0.991638
711	2512	5.181277
752	2512	5.991092
977	2512	-3.198522
1072	2512	-6.791667
1085	2512	-14.879990
1099	2512	-0.695161
1183	2512	-10.210342
1485	2512	8.735152
1530	2512	2.732853
1608	2512	7.069043
1667	2512	15.368706
1759	2512	18.714779
1787	2512	-4.937000
1802	2512	-4.825785
1849	2512	-8.946209
2216	2512	10.309096
2246	2512	12.809409
2512	2512	-4.709112
2551	2512	-15.435170
2616	2512	1.951116
2642	2512	8.910880
2665	2512	3.040735
2996	2512	-13.065998
3007	2512	18.894714
3301	2512	-24.438864
3310	2512	-6.569128
3344	2512	-0.352969
3441	2512	1.120870
3614	2512	-3.815650
3662	2512	6.628352
3689	2512	3.207114
3709	2512	-8.598983
3730	2512	6.271020
3962	2512	-7.006820
64	2513	15.651499
1976	2513	21.022232
2494	2513	16.609880
2820	2513	-7.003315
3382	2513	9.414986
3404	2513	8.133014
3795	2513	-5.944920
4051	2513	4.534789
1375	2514	6.070651
1874	2514	-5.100354
4	2515	-10.814962
937	2515	13.482096
1238	2515	8.237755
76	2518	-9.260124
1922	2518	-3.998067
2093	2518	2.939852
2580	2518	2.617752
2596	2518	-15.947380
3006	2518	-13.789726
1290	2519	0.757442
1690	2519	5.227565
382	2520	-12.447787
384	2520	-0.788857
1137	2520	8.421455
1523	2520	7.813500
1643	2520	-4.562414
2066	2520	4.549654
2503	2520	6.962132
3086	2520	18.506279
3645	2520	-15.707433
3915	2520	-13.399602
4032	2520	-10.570778
209	2521	11.481590
214	2521	-4.189697
589	2521	-2.633013
623	2521	-2.961059
1646	2521	15.657191
2409	2521	-8.346429
3157	2521	-0.384388
3229	2521	-5.888013
3614	2521	0.880352
4	2523	-20.843735
14	2523	18.174335
73	2523	0.917736
148	2523	6.754861
365	2523	7.075605
456	2523	-10.550251
552	2523	-5.870978
580	2523	11.714994
767	2523	-6.352383
803	2523	30.194542
824	2523	-10.675475
977	2523	4.828241
1376	2523	1.144240
1386	2523	8.019055
1485	2523	-3.734611
1522	2523	5.834778
1646	2523	23.184963
1679	2523	-10.540752
1955	2523	-12.292047
1979	2523	3.041005
2089	2523	-11.558382
2109	2523	8.594748
2216	2523	13.483606
2413	2523	5.946481
2436	2523	-8.420840
2523	2523	-11.247772
2542	2523	13.526015
2665	2523	-2.251400
2684	2523	0.001504
2816	2523	7.365025
3476	2523	25.095852
3620	2523	-3.311175
3740	2523	34.641206
3816	2523	-33.996449
3847	2523	6.822468
3977	2523	6.886149
4083	2523	-11.690212
4082	2526	-26.906460
2194	2529	24.470049
113	2531	9.994036
221	2531	0.423549
550	2531	-12.000364
572	2531	-0.327037
1185	2531	-3.932441
1589	2531	-5.651807
2492	2531	4.492971
3006	2531	-9.856714
3430	2531	2.599266
3587	2531	-0.075467
3942	2531	-0.318603
97	2532	3.835372
623	2532	5.239689
703	2532	24.009756
1816	2532	-8.792061
2420	2532	-3.494028
3246	2532	2.555359
4062	2532	2.141319
4046	2533	-16.305225
1164	2534	20.141967
4	2535	-6.886321
212	2535	5.120809
253	2535	-4.099491
736	2535	-6.246176
756	2535	-3.608786
1122	2535	0.614814
1238	2535	0.353098
1485	2535	-3.944729
1646	2535	4.355219
2258	2535	-7.406916
3129	2535	-0.018891
3432	2535	-3.179720
3519	2535	-9.796860
3793	2535	-0.624348
97	2538	7.516371
161	2538	-3.226716
163	2538	-23.122879
170	2538	3.222078
284	2538	-7.972068
369	2538	-7.951950
400	2538	0.914796
401	2538	-4.479391
417	2538	9.368257
456	2538	33.735718
480	2538	-7.996733
500	2538	-8.820245
663	2538	-3.690738
737	2538	17.354600
789	2538	4.876584
852	2538	2.966719
873	2538	-5.153336
895	2538	-1.785008
933	2538	16.620315
976	2538	-7.844985
1001	2538	17.112913
1020	2538	8.542353
1071	2538	-11.922463
1087	2538	1.258365
1101	2538	-17.503190
1147	2538	-3.614156
1148	2538	1.829401
1230	2538	-7.652014
1236	2538	-15.636455
1238	2538	15.545960
1333	2538	26.309452
1347	2538	10.465104
1428	2538	-3.139245
1429	2538	-4.474495
1502	2538	-1.855792
1524	2538	-9.838019
1535	2538	22.043270
1564	2538	-0.046394
1630	2538	11.386907
1656	2538	14.079559
1663	2538	-17.468853
1679	2538	-38.498653
1726	2538	-9.458661
1738	2538	17.117077
1889	2538	-8.803126
1904	2538	-14.466899
1955	2538	-6.585957
2062	2538	-7.678825
2089	2538	-9.682009
2218	2538	11.363439
2270	2538	-1.305952
2295	2538	-13.556668
2317	2538	-6.440096
2341	2538	-10.114632
2371	2538	8.087029
2468	2538	5.947973
2505	2538	-7.130905
2524	2538	15.503751
2538	2538	-4.995116
2550	2538	-6.076777
2665	2538	17.656523
2685	2538	17.666526
2720	2538	-6.032743
2729	2538	12.271617
2785	2538	1.351290
2892	2538	13.710151
2911	2538	-1.176060
2943	2538	1.767042
3032	2538	10.983535
3067	2538	12.345991
3102	2538	1.385675
3158	2538	-2.499122
3173	2538	2.080951
3191	2538	11.949530
3204	2538	15.313604
3229	2538	4.297124
3256	2538	-5.412020
3344	2538	-9.757946
3376	2538	3.335153
3476	2538	3.628411
3529	2538	4.105216
3534	2538	5.644846
3578	2538	8.721667
3614	2538	7.067167
3645	2538	-3.037835
3793	2538	-19.761585
3842	2538	16.977115
4082	2538	14.909209
4083	2538	-18.401710
746	2540	-3.017601
2753	2540	2.196552
2873	2540	6.893622
3919	2540	-10.835748
97	2541	2.987950
400	2541	-22.475823
445	2541	-3.630306
456	2541	-19.841750
462	2541	6.674099
625	2541	12.678743
737	2541	-2.392779
789	2541	18.728662
1160	2541	-0.864772
1216	2541	1.838866
1238	2541	-1.542423
1377	2541	12.231679
1408	2541	3.387694
1445	2541	2.436728
1764	2541	-8.317043
1816	2541	8.699994
1883	2541	0.859906
2066	2541	-4.669582
2170	2541	6.279048
2490	2541	-10.148983
2511	2541	16.059201
2541	2541	5.547576
2721	2541	2.047833
2724	2541	-3.447012
3374	2541	-5.210330
3519	2541	-2.935889
3565	2541	1.407181
3608	2541	0.643903
3662	2541	1.916861
3847	2541	5.787803
3910	2541	-0.470026
3922	2541	6.278013
4064	2541	-2.765955
340	2542	0.126706
658	2542	-5.836244
1950	2542	9.489060
2400	2542	-3.059939
2542	2542	-1.685389
2840	2542	11.357659
3709	2542	5.353060
3738	2542	-5.360690
3786	2542	-3.911558
524	2543	-11.149299
893	2543	-0.647897
1851	2543	-0.580520
1860	2543	3.065708
2010	2543	-3.291787
2575	2543	-4.172340
3145	2543	-11.264372
3575	2543	-5.385954
57	2544	6.424117
1089	2545	-5.932601
1101	2545	7.987832
2520	2545	17.070384
2586	2545	-8.608180
2919	2545	2.667266
2981	2545	-16.822352
3341	2545	0.177506
3522	2545	3.911748
3534	2545	12.819074
3785	2545	13.678962
3972	2545	-4.050660
835	2546	2.860549
1242	2546	18.009482
1393	2546	-6.287903
1622	2546	12.180705
2074	2546	4.010612
2512	2546	-13.970216
3522	2546	0.488247
3962	2546	6.753862
284	2547	3.313142
444	2547	-9.549186
765	2547	1.914081
1015	2547	7.710690
1169	2547	-0.817571
1679	2547	-13.304448
2047	2547	2.315564
2066	2547	-12.888198
2181	2547	14.401423
2846	2547	-0.966665
2931	2547	-3.751090
3769	2547	5.068418
472	2549	-0.502964
572	2549	-2.257468
1594	2549	-11.601703
1945	2549	3.941075
1976	2549	1.481229
2669	2549	0.804387
3404	2549	-1.176419
3660	2549	11.909643
3802	2549	10.362124
4	2550	-4.704189
252	2550	-6.924375
805	2550	-13.685549
1325	2550	12.861927
1594	2550	5.829815
1726	2550	-6.759076
1949	2550	1.977684
2468	2550	0.963574
2782	2550	6.749412
3407	2550	17.293687
97	2551	12.671437
384	2551	4.870978
1605	2551	-7.698676
1766	2551	-7.043017
2287	2551	-2.525991
3152	2551	-0.730648
3564	2551	1.864059
3740	2551	-9.874242
3985	2551	-20.013014
767	2552	-15.404017
1662	2552	14.720477
3310	2552	4.558546
323	2553	-10.912965
485	2555	10.506813
621	2557	-7.157621
625	2557	-9.602747
1873	2557	10.338187
2024	2557	-24.240859
2175	2557	7.995891
2315	2557	13.118684
3259	2557	-3.630422
3276	2557	-6.622480
328	2558	-10.655729
500	2558	-6.945426
756	2558	-3.465496
977	2558	8.095371
1537	2558	8.568460
1540	2558	8.821141
2685	2558	-1.545469
3925	2558	4.677699
449	2559	-9.873320
1169	2559	2.140846
2468	2559	-6.189886
3229	2559	8.751710
97	2561	6.276408
463	2561	-3.936969
1101	2561	5.225396
1108	2561	3.560459
1552	2561	4.387595
2707	2561	-7.170001
2962	2561	-5.707816
3284	2561	-3.420137
3302	2561	-13.354712
3776	2561	7.058047
3816	2561	0.293178
4034	2561	-15.160762
305	2562	-8.385012
3080	2562	11.790484
3770	2562	-5.833874
2952	2563	2.573886
3208	2563	6.291516
3699	2563	-7.394961
1586	2565	9.769213
1732	2567	11.507544
3240	2567	-11.121853
1581	2570	-0.066656
25	2571	-1.085225
113	2571	8.842286
278	2571	11.728437
600	2571	1.500654
907	2571	0.262715
976	2571	0.650570
1075	2571	-17.465801
1077	2571	-3.456127
1097	2571	-1.066401
1101	2571	-10.578043
1536	2571	4.391976
1576	2571	4.869877
1582	2571	-13.879505
1725	2571	7.879043
1891	2571	-3.409219
1903	2571	5.551654
1915	2571	-8.709076
2045	2571	9.162090
2066	2571	-4.328688
2371	2571	-14.705465
2494	2571	15.032091
2600	2571	15.473190
2617	2571	9.439575
2662	2571	-2.854689
2907	2571	16.348011
3044	2571	2.766018
3097	2571	-2.185325
3430	2571	-2.713634
3464	2571	5.697000
3489	2571	0.165679
3662	2571	-9.112982
4024	2571	10.996343
4086	2571	-13.412842
3719	2573	8.937580
268	2574	8.818687
767	2574	-1.193419
1078	2574	-2.240050
1589	2574	2.091496
1854	2574	12.691308
2824	2574	-4.451442
3374	2574	1.596033
3465	2574	9.011746
3637	2574	-2.036427
3696	2574	2.123652
873	2575	-16.122480
1657	2575	6.115221
1679	2575	-6.008207
3504	2575	0.078761
184	2577	-11.303407
545	2577	-0.217979
2503	2577	-10.874844
3374	2577	9.118036
3622	2577	-17.220267
113	2579	-11.411311
1533	2579	-5.280382
1646	2579	12.277999
769	2580	-13.656204
765	2583	-13.058652
2325	2583	-8.244003
2798	2583	-0.266803
3904	2583	-13.198040
982	2584	-0.530223
1209	2584	12.489923
1722	2584	5.379996
3738	2584	-6.006253
328	2585	-10.409389
1381	2585	-9.018322
3405	2585	7.389797
73	2586	-5.484491
113	2586	8.145319
170	2586	-6.992900
456	2586	-2.125424
597	2586	-1.611961
737	2586	-7.214847
941	2586	4.078078
1043	2586	-17.312585
1155	2586	-1.026087
2137	2586	0.443324
2270	2586	19.117137
3373	2586	-3.005354
3712	2586	-5.308223
3733	2586	6.824210
3802	2586	14.786724
1955	2587	-25.685589
3935	2587	-15.160121
572	2588	10.338580
619	2588	-0.463393
803	2588	-3.541666
1101	2588	-2.751057
2082	2588	1.933589
2216	2588	17.746693
2490	2588	-12.284219
3090	2588	6.203501
3441	2588	-31.118931
3622	2588	4.833676
2	2589	4.409096
2791	2589	-7.429260
4008	2589	1.656250
2348	2592	-1.197688
37	2594	4.548198
937	2594	-5.998682
1092	2594	-0.271845
1377	2594	17.068243
3330	2594	6.887138
3375	2594	-13.274746
3879	2594	3.870273
1185	2595	19.391870
2113	2595	0.056180
3760	2595	13.642718
2601	2596	-5.172609
1015	2598	-10.500895
1570	2598	-8.105483
3578	2598	-3.980175
57	2599	2.404342
84	2599	8.236857
97	2599	-2.257997
243	2599	5.660838
633	2599	-5.435899
1089	2599	0.717265
1377	2599	11.667317
1763	2599	-8.062649
1849	2599	7.563304
1942	2599	-7.046963
1944	2599	-4.208806
2066	2599	-3.988532
2436	2599	3.455129
2492	2599	20.259092
2532	2599	-19.863580
2571	2599	-2.528642
2665	2599	-14.716494
2697	2599	-11.267260
2803	2599	4.685965
2930	2599	-2.331711
2948	2599	-5.384429
3032	2599	9.433725
3044	2599	20.359837
3143	2599	-11.045547
3158	2599	14.278102
3366	2599	3.774783
3894	2599	16.376331
3945	2599	-10.506494
3985	2599	8.111557
4021	2599	-11.857764
4032	2599	1.531101
1055	2600	6.356193
1360	2600	8.342109
1501	2600	-3.256331
1804	2600	4.209692
3746	2600	1.928823
1682	2601	7.060433
3522	2601	-13.149196
323	2602	-7.295393
15	2604	-14.984062
42	2604	29.338858
95	2604	3.907233
407	2604	13.105882
623	2604	-2.552430
1013	2604	15.032046
1078	2604	-1.514777
1213	2604	-14.142936
1283	2604	-0.775317
1332	2604	-12.970801
1342	2604	1.137965
1643	2604	10.086258
1955	2604	8.831590
2023	2604	7.893425
2181	2604	12.273101
2213	2604	-3.912450
2283	2604	-6.840798
2665	2604	7.894422
2744	2604	4.482285
2766	2604	3.549995
2793	2604	8.983052
3032	2604	3.805314
3333	2604	8.219078
3567	2604	1.025233
3769	2604	-16.200435
3786	2604	13.586581
3973	2604	-4.430467
1349	2605	2.040831
1682	2605	4.946779
2129	2605	-0.461589
2410	2605	-1.714686
2505	2605	7.989308
2922	2606	-3.859571
1508	2608	6.162301
3063	2609	9.115370
4	2610	10.776118
97	2610	-17.882656
384	2610	13.822112
1952	2610	-1.883316
1976	2610	-8.473909
2665	2610	6.621211
3389	2610	-7.482981
3855	2610	26.188707
2922	2611	-2.825773
73	2612	-12.091907
3889	2614	-7.957647
2272	2615	23.386091
2445	2615	-7.384774
51	2616	-3.640955
131	2616	1.273500
895	2616	2.210059
996	2616	10.769026
1051	2616	1.687107
1304	2616	-1.002353
1328	2616	7.624154
1374	2616	4.440435
1629	2616	-8.522270
1667	2616	-5.343211
2090	2616	-0.713122
2574	2616	0.636052
3129	2616	16.718947
3620	2616	11.616299
3662	2616	-5.618191
3867	2616	8.488214
73	2617	-37.514121
91	2617	10.175908
113	2617	0.288719
163	2617	-1.168654
180	2617	-2.379034
244	2617	-0.521721
253	2617	5.599361
430	2617	17.535856
442	2617	-3.320795
710	2617	6.588041
737	2617	-3.008463
742	2617	10.388526
820	2617	5.642606
1000	2617	11.703214
1101	2617	0.714724
1217	2617	-5.326755
1290	2617	-7.159655
1347	2617	-1.990629
1435	2617	14.779479
2010	2617	-8.392855
2027	2617	-0.912544
2047	2617	-3.823015
2051	2617	-7.541412
2494	2617	-22.341213
2521	2617	-8.947678
2571	2617	-0.029836
2754	2617	3.363013
2827	2617	-8.048061
2907	2617	-0.531650
3142	2617	-5.788088
3229	2617	-10.033025
3485	2617	-4.799095
3740	2617	-1.169889
3782	2617	-10.455189
3820	2617	2.518268
3882	2617	3.787218
115	2618	-1.917308
183	2618	7.719291
927	2618	13.042703
1053	2618	3.865098
1119	2618	-4.684537
1990	2618	2.850087
2468	2618	9.155140
2557	2618	-2.785347
2630	2618	0.085859
2925	2618	-18.107707
3007	2618	4.599133
3441	2618	-6.403466
3795	2618	-5.258481
3922	2618	-7.862421
4051	2618	5.291001
113	2619	-1.964721
852	2619	-2.225602
862	2619	-5.230488
982	2619	2.829853
1039	2619	-3.715638
1589	2619	-3.905985
1715	2619	4.436061
1958	2619	3.571291
2347	2619	-8.822216
2425	2619	4.334759
2816	2619	0.577586
3578	2619	5.954207
3740	2619	-11.037365
3945	2619	18.420501
3067	2620	-9.190866
540	2621	-3.493608
3297	2621	11.991547
3867	2621	1.464553
540	2622	-15.104662
976	2622	8.410291
1589	2622	-4.971842
1800	2622	13.261544
2332	2622	-8.120196
4041	2622	4.300959
2080	2624	11.752322
2129	2624	-2.533226
2545	2624	15.897574
2998	2624	-17.708648
3052	2624	-0.935447
1551	2625	0.087361
1019	2626	5.024479
1710	2627	13.482854
97	2629	-1.013173
643	2629	4.419123
862	2629	11.131778
1240	2629	7.611351
1741	2629	-4.689845
2066	2629	0.355465
3727	2629	11.419563
3889	2629	0.855194
3922	2629	-4.356916
893	2630	-12.497769
1501	2631	-4.922111
2663	2631	-7.118707
3847	2631	1.727135
663	2633	-5.139425
1575	2633	13.444220
1723	2633	2.200223
2380	2633	-4.697766
2535	2633	-8.007260
2690	2633	-14.912121
3000	2633	-2.829937
3802	2634	11.790293
2129	2635	-12.068128
3645	2635	-7.525605
1140	2636	-18.720600
3358	2636	9.379684
3873	2636	5.217356
907	2637	-6.621907
97	2639	-13.367094
184	2639	5.623858
553	2639	-11.826437
1743	2639	15.035140
2685	2639	-20.521486
2826	2639	-5.410196
2855	2639	22.317822
3158	2639	0.591595
3488	2639	28.110870
3498	2639	-18.385051
2105	2641	-0.259310
1374	2642	13.709833
2943	2642	5.291539
748	2643	19.403366
2432	2643	-18.889834
3981	2643	-11.294188
66	2644	1.272906
1172	2646	-11.772290
1555	2646	2.789469
1635	2646	20.717514
1682	2646	7.554690
1689	2646	-4.191409
1976	2646	-11.107989
2014	2646	-7.895156
2109	2646	-10.731501
2599	2646	17.000830
2713	2646	-1.523882
2846	2646	-0.985551
3208	2646	6.426533
3684	2646	-3.840622
3740	2646	10.595312
3795	2646	2.154560
3904	2646	-3.930228
305	2647	-2.489574
500	2647	18.424121
744	2647	5.851220
862	2647	1.454652
1216	2647	9.290893
1374	2647	-23.957867
1710	2647	7.845778
2129	2647	14.725214
2225	2647	-2.005948
2468	2647	6.856192
2826	2647	-13.194978
3015	2647	-12.189446
2480	2648	-0.501762
3149	2648	-19.794443
3499	2648	2.445073
864	2649	9.966919
1179	2649	3.346521
1897	2649	0.557398
2655	2649	-7.283607
2669	2649	3.036352
2842	2649	-7.174336
3622	2649	6.583962
209	2653	-5.727332
400	2653	1.028918
615	2653	-3.252662
1085	2653	-13.693930
1146	2653	-10.671558
1393	2653	5.359053
1508	2653	-11.086662
1535	2653	-18.328293
1646	2653	-15.689533
1727	2653	1.386650
1756	2653	11.833222
1903	2653	9.031141
2090	2653	-7.624417
2129	2653	-1.152857
2181	2653	3.712939
2341	2653	7.873355
2393	2653	3.955645
2464	2653	-12.094471
2846	2653	-7.337883
3006	2653	-21.258078
3032	2653	17.009973
3044	2653	-1.229934
3256	2653	-6.249034
3310	2653	-17.129092
3315	2653	-20.674267
3568	2653	-9.835618
3795	2653	-10.591619
3802	2653	-4.828918
3878	2653	0.819217
3885	2653	-2.324562
982	2654	6.639086
3432	2654	-14.964895
14	2655	-15.388516
524	2655	7.257905
713	2655	-3.654367
1502	2655	-29.264777
2089	2655	-7.026312
2969	2655	-1.356978
3732	2655	8.825369
3776	2655	-7.104579
3795	2655	-7.604508
25	2656	-7.958419
1475	2656	3.460284
2766	2656	11.016557
390	2659	18.336132
577	2659	11.384313
1216	2659	-26.004515
1408	2659	-5.565186
2295	2659	4.968192
3039	2659	3.943017
3133	2659	0.182949
3344	2659	7.795789
281	2660	13.669456
395	2660	9.075115
630	2660	12.398133
867	2660	1.715995
3786	2660	-19.813027
3802	2660	1.601149
3950	2660	17.887608
1077	2661	14.170194
1169	2661	-8.381073
1332	2661	16.596946
1524	2661	12.176283
1614	2661	5.503999
2571	2661	7.561626
2998	2661	15.904232
3240	2661	7.747882
3595	2661	22.574437
1362	2662	5.985343
719	2663	2.986378
919	2663	-6.733321
1085	2663	8.286151
1117	2663	18.443304
1127	2663	0.093767
1291	2663	3.009758
1429	2663	-4.735480
1581	2663	-12.894861
2455	2663	-13.034345
2463	2663	-7.682172
2689	2663	4.436675
2777	2663	-4.261338
2845	2663	14.484243
3223	2663	-0.038277
3502	2663	16.179579
4073	2663	9.345097
4	2665	1.697891
14	2665	0.621750
37	2665	-4.170365
42	2665	-7.583263
58	2665	-4.164689
73	2665	2.734165
81	2665	-5.446054
97	2665	-14.371258
113	2665	26.686303
163	2665	-20.010198
170	2665	16.736403
171	2665	4.678055
187	2665	-0.856357
209	2665	-12.767808
214	2665	12.448934
238	2665	5.397256
253	2665	15.199579
369	2665	18.809680
382	2665	-0.261135
384	2665	-19.445884
407	2665	28.149754
417	2665	5.100383
418	2665	-2.066657
424	2665	-6.694169
439	2665	-7.024158
456	2665	-8.451442
472	2665	1.100321
476	2665	14.488948
500	2665	9.580346
501	2665	-6.326578
507	2665	-5.255789
572	2665	-3.192074
599	2665	-7.336888
623	2665	7.941276
677	2665	-0.094562
695	2665	-9.923537
736	2665	7.467598
737	2665	-10.842388
763	2665	-7.120855
804	2665	-5.793711
864	2665	4.949759
873	2665	-13.955472
893	2665	-0.742973
895	2665	22.826953
928	2665	7.176981
964	2665	8.872300
982	2665	14.726517
989	2665	6.313255
996	2665	3.543453
1023	2665	-4.207258
1071	2665	7.005815
1085	2665	-0.450476
1099	2665	9.078500
1101	2665	10.936923
1145	2665	6.111192
1157	2665	17.289088
1160	2665	-23.560339
1213	2665	-11.590775
1216	2665	9.816843
1238	2665	3.519099
1288	2665	9.413095
1320	2665	6.889697
1328	2665	1.862505
1362	2665	-5.341191
1374	2665	11.912000
1375	2665	13.939730
1386	2665	24.570723
1408	2665	-6.972240
1429	2665	2.041703
1455	2665	-0.668464
1485	2665	-8.191824
1524	2665	11.334460
1536	2665	1.370961
1538	2665	-7.069574
1555	2665	-4.273769
1560	2665	-0.626019
1577	2665	2.035782
1581	2665	1.729210
1587	2665	5.423435
1633	2665	-8.903029
1637	2665	6.448023
1646	2665	-10.381016
1651	2665	-0.138155
1656	2665	-8.321748
1679	2665	10.802333
1682	2665	-7.253968
1706	2665	-9.027261
1726	2665	6.094259
1743	2665	8.051567
1790	2665	-17.256857
1791	2665	5.255310
1802	2665	2.137188
1889	2665	-11.190396
1897	2665	12.647550
1915	2665	-19.424198
1955	2665	-9.465587
1956	2665	-4.340490
1994	2665	-7.941694
2040	2665	-20.471866
2060	2665	-45.187270
2062	2665	1.354258
2066	2665	-2.067660
2129	2665	0.107399
2156	2665	-16.031563
2181	2665	-1.988898
2270	2665	12.398850
2393	2665	0.728528
2419	2665	12.521784
2441	2665	-14.235871
2454	2665	15.311393
2490	2665	-4.171997
2492	2665	27.719332
2512	2665	-1.570295
2538	2665	31.778746
2557	2665	-5.673811
2601	2665	7.323868
2604	2665	17.607625
2619	2665	-6.203310
2639	2665	-3.259163
2653	2665	-22.178151
2665	2665	12.433689
2685	2665	15.763377
2689	2665	6.305897
2706	2665	11.800069
2724	2665	0.082181
2729	2665	17.554544
2766	2665	-16.682038
2782	2665	1.337969
2846	2665	-2.183326
2855	2665	-4.019625
2907	2665	-1.584601
2935	2665	8.563071
2962	2665	3.324087
2986	2665	9.955325
3029	2665	-1.846335
3032	2665	-1.361063
3075	2665	20.448066
3080	2665	-4.639441
3092	2665	-0.538420
3117	2665	-7.071308
3158	2665	-0.845722
3194	2665	-13.260728
3229	2665	2.287551
3240	2665	7.207771
3275	2665	-1.127375
3312	2665	20.727469
3405	2665	9.336183
3430	2665	12.966925
3441	2665	24.464338
3454	2665	13.576415
3485	2665	-4.778229
3506	2665	-6.654148
3510	2665	14.706925
3519	2665	13.375700
3529	2665	1.827181
3564	2665	-0.243435
3596	2665	-5.607946
3622	2665	9.883896
3637	2665	0.410014
3648	2665	-0.750804
3701	2665	-1.408567
3734	2665	5.944931
3769	2665	-2.823626
3771	2665	14.220557
3773	2665	7.878789
3786	2665	-0.625710
3787	2665	1.148963
3802	2665	2.770567
3842	2665	2.172684
3847	2665	-14.519721
3882	2665	-6.389519
3904	2665	28.474434
3930	2665	-5.610716
3945	2665	4.297040
3973	2665	-7.896919
4011	2665	-16.284300
4021	2665	-11.525642
4032	2665	0.849154
4041	2665	11.445633
1485	2667	4.647170
2561	2667	-22.791651
3641	2667	-1.903526
3719	2668	-7.214432
895	2669	-11.189640
1034	2669	9.669358
1145	2669	2.759931
1422	2669	0.564727
1663	2669	-4.674788
2771	2669	4.058596
3173	2669	12.578787
3688	2669	7.891618
3945	2669	-5.942264
4021	2669	1.940479
664	2670	12.928269
756	2670	-1.839765
1542	2670	-0.899594
2639	2670	7.438008
1150	2671	7.227431
3214	2671	17.754381
4063	2671	-12.660415
497	2672	2.806984
521	2672	-23.123371
625	2672	-3.477382
776	2672	9.584512
1651	2672	-13.150699
2192	2672	1.843500
2412	2672	6.598752
3158	2672	3.553965
3172	2672	-8.341281
3358	2672	-9.585035
3727	2672	20.396332
3738	2672	-5.794558
3816	2672	4.989080
577	2673	11.463674
11	2675	2.289843
108	2675	-6.801341
336	2675	20.263742
357	2675	24.078343
663	2675	4.955771
774	2675	17.383509
788	2675	18.816442
1246	2675	-12.914154
1682	2675	-6.152544
2232	2675	1.170956
2545	2675	-3.252491
2599	2675	-9.096797
3515	2675	-10.636894
3776	2675	-3.201609
3786	2675	-1.949042
3816	2675	5.957289
3904	2675	-12.571090
393	2677	-0.931340
448	2677	-14.578495
1812	2677	8.710853
2836	2677	23.670156
3755	2677	-10.252180
2350	2681	1.325607
3035	2682	1.910086
17	2683	9.219790
84	2683	-0.295769
113	2683	5.739084
439	2683	3.165038
456	2683	13.926072
497	2683	0.809317
623	2683	-12.891972
1078	2683	27.634751
1085	2683	5.477472
1101	2683	-17.562137
1132	2683	-9.433590
1429	2683	-15.331424
1538	2683	-19.610949
1555	2683	-2.148264
1646	2683	-0.530208
1873	2683	-3.688459
2090	2683	11.899068
2129	2683	-5.359629
2465	2683	4.371524
2494	2683	6.184747
2599	2683	13.370237
2683	2683	10.208637
2684	2683	16.538982
2803	2683	-0.088117
2839	2683	-6.958919
2990	2683	-4.207883
3158	2683	-8.015626
3241	2683	-12.537864
3629	2683	-12.509817
3758	2683	-4.043629
3795	2683	41.071966
3904	2683	14.140790
617	2684	3.240412
1088	2684	3.888830
1386	2684	7.485249
1464	2684	7.760903
1485	2684	20.967239
2482	2684	19.287912
4025	2684	-1.737752
73	2685	-14.095285
110	2685	14.834043
187	2685	-4.530671
312	2685	1.398553
325	2685	0.238620
456	2685	0.054354
532	2685	-5.963248
615	2685	1.744979
623	2685	6.302155
647	2685	-1.917446
828	2685	-9.880377
942	2685	0.553273
1077	2685	-0.103334
1101	2685	4.377234
1216	2685	-20.871431
1225	2685	7.019126
1238	2685	-7.122413
1316	2685	-7.239802
1362	2685	5.715203
1384	2685	-0.821169
1485	2685	3.085422
1589	2685	-10.626614
1955	2685	1.807095
2088	2685	-7.290803
2391	2685	8.584382
2464	2685	8.282594
2749	2685	6.293057
2798	2685	3.494818
3185	2685	-1.329013
3189	2685	12.748547
3229	2685	-10.626522
3345	2685	3.130428
3373	2685	-2.831981
3469	2685	-12.966995
3498	2685	13.448392
3701	2685	-5.591004
3719	2685	9.823830
3765	2685	5.492277
3802	2685	12.771821
3904	2685	-4.206447
3945	2685	12.716103
4041	2685	-10.857981
1827	2686	1.349734
1955	2687	7.703321
113	2688	7.193006
744	2688	0.838599
839	2688	-4.681045
1101	2688	-3.399776
1738	2688	-9.194145
3027	2688	10.798198
3117	2688	-1.836111
3208	2688	19.334937
3691	2688	-12.576805
550	2689	2.742294
1031	2689	10.385864
1101	2689	17.218608
1396	2689	-16.545477
1472	2689	-18.388962
1659	2689	9.030219
1829	2689	-10.752478
1865	2689	1.251341
2198	2689	15.835034
2629	2689	9.969571
3229	2689	-7.179728
3688	2689	2.467857
3689	2689	2.333980
3842	2689	-0.270852
337	2690	-8.493512
439	2690	2.870373
2524	2690	-11.958416
3194	2690	1.097706
336	2691	-3.420870
550	2691	5.019927
663	2691	6.216608
1522	2691	1.700773
1715	2691	12.479102
2130	2691	9.077109
2836	2691	-6.971428
2943	2691	-12.069094
3039	2691	-9.961666
3120	2691	-1.729965
3280	2691	-21.180066
3343	2691	17.798517
3368	2691	0.203237
3689	2691	9.505288
4041	2691	-8.359660
1842	2692	-12.370391
1844	2692	7.487996
382	2694	7.545542
550	2694	-5.240458
3346	2695	-16.573337
2477	2696	6.910601
3662	2696	1.981475
3945	2696	-4.391977
3733	2697	8.032436
3793	2697	9.410618
1101	2698	1.755622
1472	2698	-13.781825
163	2701	-5.952852
73	2702	-4.490343
737	2702	15.878826
852	2702	3.631691
1101	2702	2.917722
1288	2702	9.321112
1520	2702	-18.103524
2429	2702	12.787988
2468	2702	-1.218652
2916	2702	17.636288
3793	2702	-28.494559
3842	2702	15.748545
3876	2702	-0.012531
1186	2703	15.638278
2066	2703	-0.580057
2916	2703	4.207754
19	2705	-5.116519
84	2705	-21.165032
456	2705	0.493453
521	2705	-15.243989
736	2705	1.533326
1101	2705	5.264503
1665	2705	0.317746
1743	2705	8.016092
1851	2705	16.653520
2066	2705	6.031837
3158	2705	-2.774674
3689	2705	18.080159
3786	2705	-4.930879
986	2706	-1.054583
1323	2706	-2.930347
1792	2706	11.029711
2193	2706	10.648748
2459	2706	-6.181049
2499	2706	-3.019828
3018	2706	17.600128
214	2707	9.022807
1377	2707	-5.264105
1554	2707	10.874712
2347	2707	0.096372
2971	2707	-6.476807
3441	2707	1.974638
3584	2707	2.558435
3793	2707	22.992565
3242	2708	-8.916821
592	2709	-11.144403
1816	2709	12.477326
2729	2709	6.347548
1362	2711	6.669198
328	2712	10.212897
439	2712	5.406046
748	2712	10.280388
3646	2712	25.322560
187	2713	8.849495
1160	2713	-16.353495
2766	2713	21.172664
2842	2713	-6.860017
2084	2714	3.856933
3428	2714	-9.989105
717	2715	6.400587
2216	2715	1.976904
1244	2716	5.708051
3158	2716	-3.501634
2506	2717	8.535416
2857	2719	-4.531486
2737	2720	-13.043021
2816	2720	9.126019
4	2721	17.264234
73	2721	6.409923
148	2721	9.057873
390	2721	-9.427706
424	2721	4.036729
457	2721	2.486198
708	2721	1.765657
1051	2721	-6.379841
1428	2721	-8.530623
1485	2721	19.385257
1810	2721	-2.150547
2102	2721	1.163447
2153	2721	-19.796302
2665	2721	-12.043176
2685	2721	7.833454
2733	2721	-4.340696
3204	2721	6.212552
3240	2721	-1.652246
3261	2721	6.652506
3485	2721	-12.029830
3609	2721	15.556305
3793	2721	-5.516744
3904	2721	10.843994
3910	2721	-4.135661
4059	2721	-1.390367
837	2723	-1.857085
1341	2723	13.316822
1534	2723	-2.161437
3016	2723	-24.862756
3770	2723	13.564066
4009	2723	-35.026662
11	2724	-11.984237
42	2724	-5.001445
113	2724	9.826910
170	2724	-9.847474
375	2724	23.957059
439	2724	5.316545
572	2724	13.846126
589	2724	-24.783899
737	2724	-9.645538
803	2724	-1.055079
895	2724	-16.862820
1071	2724	22.369638
1092	2724	-1.551861
1261	2724	-4.753759
1297	2724	2.075266
1723	2724	-0.840318
1743	2724	5.652934
1791	2724	0.960321
2034	2724	-23.091426
2062	2724	-17.468393
2066	2724	6.706397
2436	2724	-1.358481
2604	2724	-6.370757
2609	2724	15.890231
2724	2724	2.303630
2816	2724	-2.494602
3075	2724	10.832050
3204	2724	13.540489
3256	2724	23.939234
3486	2724	3.807591
3517	2724	5.535935
3530	2724	9.029239
3567	2724	-9.739536
3605	2724	-3.833145
3646	2724	2.710421
3662	2724	-4.980817
3695	2724	7.048786
3842	2724	20.105057
1189	2725	2.395569
1396	2725	20.950213
3048	2725	5.364233
3776	2725	-0.676848
1092	2727	-9.253887
1101	2727	-6.528606
1192	2727	8.172171
1401	2727	15.137637
1635	2727	14.229471
1925	2727	-8.779104
1955	2727	3.255460
2156	2727	6.277164
2665	2727	8.242767
3033	2727	13.937187
3387	2727	-3.726340
524	2728	-5.218582
1097	2728	-11.337246
2214	2728	-14.379172
2384	2728	-3.051503
3449	2728	-6.401285
3742	2728	13.466242
14	2729	8.632991
16	2729	10.770260
18	2729	16.112567
95	2729	-5.378148
113	2729	1.917300
170	2729	-19.053815
171	2729	3.750826
185	2729	2.654493
214	2729	7.080237
284	2729	-7.917925
390	2729	13.542583
407	2729	-21.609050
439	2729	2.983649
456	2729	10.619540
474	2729	-0.429785
532	2729	5.609937
545	2729	-5.251899
549	2729	-0.188170
572	2729	-9.519504
617	2729	0.609223
628	2729	9.668684
656	2729	-11.554946
710	2729	-9.064176
711	2729	3.044841
737	2729	6.033395
895	2729	-9.034869
928	2729	-1.428460
970	2729	-2.888152
1001	2729	-4.336023
1075	2729	13.470326
1077	2729	-15.370032
1078	2729	5.821952
1079	2729	1.184448
1101	2729	31.313023
1129	2729	-7.004062
1192	2729	2.550933
1332	2729	18.649760
1452	2729	-13.766789
1485	2729	-0.349266
1524	2729	1.611695
1538	2729	-34.619098
1570	2729	7.628632
1604	2729	12.285824
1646	2729	-16.142439
1723	2729	-2.723082
1727	2729	-3.560796
1925	2729	-9.728346
1945	2729	-13.892319
1955	2729	-12.055555
1976	2729	2.421320
2060	2729	-4.662378
2062	2729	21.651297
2066	2729	45.804334
2216	2729	13.723096
2270	2729	-7.981709
2291	2729	11.351048
2376	2729	7.666229
2393	2729	-12.323687
2494	2729	1.943319
2547	2729	-2.352846
2653	2729	22.250868
2665	2729	-2.227105
2729	2729	-31.518216
2822	2729	-20.380359
2846	2729	-5.784339
2907	2729	-18.750635
2958	2729	-8.315480
2986	2729	10.493627
3080	2729	8.580277
3240	2729	-1.533825
3256	2729	-8.692518
3461	2729	-4.470539
3476	2729	2.520169
3633	2729	-9.645676
3701	2729	-8.517051
3734	2729	-11.089714
3795	2729	-2.627007
3889	2729	-5.351992
3945	2729	3.461020
3976	2729	-7.551103
4032	2729	4.617777
4083	2729	-4.068556
474	2730	6.548126
2379	2730	6.366246
73	2731	1.134949
1891	2731	4.620937
1970	2731	12.347435
2010	2731	-14.458251
2754	2731	6.193514
4059	2732	-9.360758
92	2733	-2.992639
382	2733	8.177835
1155	2733	20.826426
1485	2733	21.015257
1616	2733	0.379629
1696	2733	17.533099
1776	2733	4.396692
2060	2733	17.222681
2432	2733	-2.644576
2492	2733	0.110914
2715	2733	-9.465457
2744	2733	5.275874
2787	2733	6.607382
2959	2733	-3.272077
3274	2733	2.178239
3414	2733	18.208761
3477	2733	-1.932487
2702	2734	9.391027
244	2736	-3.848152
1290	2736	11.447367
1735	2736	13.408774
2347	2736	1.796573
3411	2736	0.265140
369	2737	-0.934890
456	2737	-6.460430
1735	2737	7.574853
2042	2737	4.751281
2051	2737	3.150613
2212	2737	-4.578224
2459	2737	8.518899
2683	2737	0.062072
3622	2737	3.937489
3673	2737	16.281828
3734	2737	-6.590327
677	2738	-5.251266
1608	2738	0.465024
2846	2738	-13.324696
3909	2738	-1.110386
151	2741	-13.648629
748	2741	12.026867
774	2741	-8.130415
1897	2741	7.320926
3671	2741	-14.169780
3731	2741	9.389851
670	2743	10.189755
2161	2743	3.605553
2489	2743	11.439531
171	2744	-3.278136
838	2744	-5.241055
889	2744	-4.882464
1185	2744	-0.506272
2744	2744	1.076194
3811	2744	1.374468
161	2745	9.857963
949	2745	-16.210470
2214	2745	15.826939
3276	2745	8.056330
1939	2746	-8.545155
97	2747	2.266817
1213	2747	7.944655
1452	2747	-14.486891
1870	2747	3.915818
3567	2747	-1.910919
60	2748	-11.106277
737	2748	-11.361374
996	2748	-11.328907
1437	2748	-3.007699
1907	2748	11.535820
674	2749	10.481597
1390	2749	13.774224
2984	2749	5.992133
97	2750	2.682157
228	2750	8.446109
307	2750	20.661053
344	2750	5.734947
737	2750	2.796386
1101	2750	4.343530
1186	2750	-3.143106
1485	2750	-11.207613
2066	2750	-17.649013
2111	2750	4.382496
2214	2750	-7.096071
2341	2750	5.775772
2750	2750	4.753061
2826	2750	0.735790
3019	2750	-9.044036
3032	2750	-10.809499
3256	2750	22.432896
3945	2750	-5.422658
514	2751	-1.563698
663	2751	3.735157
1726	2751	-12.973156
3929	2752	0.370692
4012	2752	13.754793
200	2753	6.512610
307	2753	-4.937486
376	2753	-14.050941
501	2753	0.280534
521	2753	1.747963
1071	2753	-8.565814
1842	2753	6.848622
1942	2753	-3.771818
2753	2753	-11.770731
3016	2753	24.546884
3032	2753	-6.844055
3044	2753	-11.567267
3430	2753	0.252661
3693	2753	-7.892716
3802	2753	-2.196414
3847	2753	-1.545213
1393	2754	13.825533
1414	2754	-4.644418
1536	2754	-1.800033
1599	2754	5.760130
1682	2754	16.293630
1996	2754	3.812463
2393	2754	-4.621799
2731	2754	3.440610
2816	2754	5.197823
3274	2754	12.467354
3388	2754	14.570154
3718	2754	-2.718908
3915	2754	-2.541522
3958	2754	-6.659781
209	2755	3.817801
419	2755	6.204980
456	2755	8.490464
474	2755	-1.655830
579	2755	1.547955
625	2755	-0.495911
628	2755	-4.035152
852	2755	17.701009
868	2755	7.903958
1077	2755	0.604915
1099	2755	12.832620
1101	2755	10.230306
1310	2755	-11.073912
1522	2755	-4.519061
1538	2755	8.733443
1715	2755	-0.020997
1854	2755	-1.510729
1903	2755	1.497686
2066	2755	-3.404973
2212	2755	5.993224
2235	2755	-17.715262
2393	2755	-9.102119
2489	2755	-1.149337
2494	2755	-4.841564
2523	2755	12.096848
2538	2755	6.907143
2665	2755	-3.272430
2725	2755	8.042220
2766	2755	12.424533
2907	2755	-11.161924
2981	2755	0.670874
3080	2755	-4.995618
3158	2755	3.224551
3195	2755	0.326837
3481	2755	10.666604
3614	2755	-3.711186
3713	2755	-3.539002
3734	2755	17.391558
640	2756	4.234025
1681	2756	4.175585
2702	2756	-1.752155
3958	2756	5.197680
1115	2758	-11.759852
1292	2758	14.442655
692	2759	0.422581
2512	2759	-0.319018
3427	2761	3.887811
603	2762	1.158852
1710	2762	-0.615090
3771	2762	-2.213461
456	2763	-8.040411
2737	2763	-8.761134
73	2764	1.156493
252	2764	7.951548
289	2764	-14.636111
493	2764	-14.223922
545	2764	-2.799082
550	2764	-3.281363
572	2764	-9.704616
756	2764	2.210595
949	2764	1.483864
1101	2764	-10.579330
1136	2764	-11.116392
1160	2764	9.703967
1375	2764	-7.111431
1485	2764	2.856228
1557	2764	-4.450829
1564	2764	0.167261
1606	2764	8.885134
1710	2764	-14.766673
1812	2764	-6.525166
1942	2764	11.562901
1976	2764	16.475498
2060	2764	2.183918
2113	2764	6.731949
2134	2764	-1.574234
2181	2764	11.842094
2216	2764	12.129560
2229	2764	-8.827344
2347	2764	15.529519
2463	2764	-12.287268
2574	2764	2.608205
2665	2764	6.551223
2764	2764	-14.685135
2826	2764	-28.598668
2903	2764	-5.815785
3158	2764	-1.969591
3220	2764	-2.658384
3342	2764	-4.914379
3740	2764	3.907978
3802	2764	5.400553
3885	2764	-2.764630
3904	2764	-1.158670
3994	2764	2.129069
19	2765	0.306150
25	2765	-12.782183
97	2765	5.224813
113	2765	-5.707407
621	2765	-8.903434
1146	2765	7.428653
1160	2765	2.098316
1328	2765	11.009580
2490	2765	-0.667967
2571	2765	-6.105188
2764	2765	-6.844811
3119	2765	15.408803
3485	2765	3.607894
3738	2765	3.870124
3795	2765	26.114239
4	2766	4.258216
5	2766	-1.638808
58	2766	-4.188163
92	2766	-9.277646
97	2766	-3.751850
113	2766	-7.040150
151	2766	7.303311
152	2766	8.213309
187	2766	-13.441609
214	2766	-19.245404
264	2766	-1.525260
382	2766	6.946504
390	2766	-12.236564
394	2766	8.740053
407	2766	0.571135
419	2766	-1.712863
439	2766	9.060600
456	2766	-13.381633
540	2766	4.696295
557	2766	-0.936292
711	2766	-3.839932
737	2766	-6.243247
852	2766	-13.762617
864	2766	-0.376333
873	2766	-8.392743
895	2766	13.665027
917	2766	-12.544986
961	2766	2.747122
1079	2766	-8.690228
1092	2766	6.953015
1101	2766	-13.596990
1155	2766	-5.610879
1238	2766	-3.174182
1261	2766	-27.319321
1328	2766	-15.339048
1360	2766	-15.989050
1362	2766	3.562730
1428	2766	-5.299004
1429	2766	2.549974
1468	2766	-1.604654
1485	2766	-5.374164
1538	2766	12.204796
1651	2766	20.088550
1669	2766	-3.530279
1679	2766	-15.166405
1955	2766	14.118616
1976	2766	5.377325
1979	2766	8.396742
2010	2766	12.202495
2018	2766	2.629937
2028	2766	13.717821
2062	2766	5.651331
2066	2766	11.128294
2130	2766	4.030195
2156	2766	-15.892594
2182	2766	-0.202579
2212	2766	-2.063345
2216	2766	-0.253468
2270	2766	-18.477631
2332	2766	1.982115
2464	2766	-10.001894
2468	2766	5.945117
2505	2766	1.331727
2538	2766	8.006308
2665	2766	0.417455
2683	2766	-7.493460
2727	2766	3.563631
2729	2766	0.700529
2748	2766	16.395258
2766	2766	-0.450195
2772	2766	6.606791
2826	2766	2.826786
3032	2766	-34.103081
3125	2766	5.078689
3194	2766	-1.985786
3208	2766	-25.354308
3229	2766	27.863697
3241	2766	-1.024204
3343	2766	-1.703134
3399	2766	5.340807
3450	2766	-9.688507
3567	2766	8.523919
3578	2766	0.926766
3622	2766	6.364673
3660	2766	-15.101117
3668	2766	-13.771054
3904	2766	-3.998856
3915	2766	-14.783757
4086	2766	-19.085198
842	2768	13.405245
1847	2768	-7.332591
3313	2768	-10.089984
3550	2768	-6.985780
1155	2770	-9.223912
1689	2770	3.931401
1976	2770	-16.896180
2341	2770	-6.530905
2599	2770	4.863628
2617	2770	-19.140094
2661	2770	-16.851135
2921	2770	-1.474256
3018	2770	1.686314
1990	2771	-14.971975
3281	2771	-0.242613
15	2772	-21.086037
44	2772	-12.984723
211	2772	-10.305701
780	2772	-9.533709
1328	2772	-2.614253
1365	2772	-8.779803
1374	2772	-27.891510
1522	2772	12.570809
1897	2772	13.183620
1925	2772	-12.360756
2134	2772	-1.289857
2492	2772	-25.719017
2766	2772	10.411201
3229	2772	13.601314
3842	2772	15.180588
3945	2772	-7.316272
3915	2773	-22.106408
774	2775	3.138931
3775	2776	-12.298660
113	2777	11.956948
184	2777	13.368339
1429	2777	14.926031
2425	2777	15.966464
3143	2777	10.806955
1386	2778	9.126031
2503	2778	-17.337120
2515	2778	10.429925
3158	2778	6.460385
3204	2778	-4.925376
3312	2778	0.416903
3853	2778	34.488717
1812	2780	-14.013437
2354	2780	7.047579
2456	2780	-10.855769
3660	2781	3.649534
3848	2781	-14.910967
131	2782	8.090401
170	2782	-5.102504
209	2782	-1.095132
241	2782	-5.683544
407	2782	15.412788
456	2782	-5.982292
1092	2782	1.558674
1101	2782	14.796184
1238	2782	-0.522428
1328	2782	-24.501108
1332	2782	2.446986
1408	2782	1.417654
1429	2782	7.629617
1891	2782	17.195698
2027	2782	5.847331
2062	2782	25.807346
2066	2782	-6.593726
2169	2782	-14.721504
2492	2782	2.071276
2685	2782	7.195168
2729	2782	-20.009571
2782	2782	-8.390578
2816	2782	-8.584588
3207	2782	-3.545481
3241	2782	-16.283136
3310	2782	5.861557
3380	2782	-6.737200
3399	2782	-10.087571
3904	2782	-1.675640
3922	2782	-1.492762
3925	2782	7.844192
3782	2783	-4.746284
493	2785	6.379838
1526	2785	4.451667
1589	2785	-10.989029
2341	2785	-0.613443
3438	2785	-18.456886
3945	2785	-7.094080
4079	2785	-12.373842
1097	2786	10.626153
3291	2786	5.848094
219	2787	-9.963168
555	2787	5.533023
580	2787	24.210075
667	2787	-5.558072
798	2787	8.698907
1420	2787	16.237130
2181	2787	-11.228035
2232	2787	-23.490266
2436	2787	-25.619386
2512	2787	-12.939949
3204	2787	-9.721580
3649	2787	-14.142176
3709	2787	-11.070656
3712	2787	-1.421148
3889	2787	-6.440605
2229	2788	-14.556237
2441	2788	-3.307742
1285	2791	-6.473474
3691	2791	5.811176
2060	2793	3.677103
3519	2793	12.822357
3773	2793	-1.602030
382	2794	11.433386
458	2794	11.532471
762	2794	10.132435
1425	2794	-5.698018
1492	2794	0.442577
1663	2794	-13.772914
2028	2794	7.059893
2161	2794	-5.107856
3626	2794	-14.115324
3804	2794	2.183475
3847	2794	3.107346
281	2795	-5.199492
893	2795	-14.614746
895	2795	5.057857
1089	2795	1.666092
1942	2795	-0.744529
2567	2795	-1.006868
3485	2795	-8.915615
3718	2795	-3.585971
3930	2795	-8.708215
2120	2797	-18.539710
2798	2797	-1.825006
3208	2797	-1.424161
3527	2797	-5.658972
97	2798	7.893642
113	2798	4.348046
219	2798	7.273995
424	2798	8.112331
456	2798	-6.574247
1120	2798	20.821140
1408	2798	16.737212
1682	2798	-7.992111
1756	2798	11.946820
2492	2798	-13.960868
2798	2798	-5.456212
3229	2798	-4.545914
3240	2798	14.287925
3930	2798	9.019462
684	2799	-13.677028
1655	2799	11.050655
1763	2799	-8.638593
2287	2799	-12.417372
3770	2799	10.047732
3925	2799	-8.695425
4023	2799	4.972313
1377	2800	-8.916308
3395	2802	14.064433
97	2803	-2.841634
163	2803	-3.354405
182	2803	-12.094298
286	2803	15.017342
369	2803	-4.613371
419	2803	-0.044477
456	2803	5.259442
501	2803	8.678082
545	2803	9.647806
663	2803	15.100566
852	2803	-2.943215
1101	2803	-7.994097
1230	2803	-4.083893
1396	2803	7.172054
1609	2803	18.092838
1679	2803	9.524703
1791	2803	2.778781
2060	2803	10.460756
2270	2803	3.823144
2538	2803	-0.658593
2665	2803	12.726493
2729	2803	-0.268358
2766	2803	13.723151
3032	2803	2.701500
3039	2803	4.680801
3229	2803	-5.826588
3525	2803	-2.871947
3719	2803	-13.051530
3738	2803	3.672844
3945	2803	-3.561732
908	2805	8.064052
2943	2805	6.245470
472	2806	10.821020
557	2806	6.504362
663	2806	15.076029
898	2806	-2.801356
1806	2806	-10.711756
2217	2806	-7.221524
3018	2806	12.590240
3028	2807	15.838758
914	2809	1.886458
1964	2812	6.859548
1452	2813	-3.325600
2122	2813	-15.183563
3436	2813	-8.176300
271	2814	-13.572977
14	2816	-8.164049
30	2816	-8.165485
42	2816	-5.822032
395	2816	-18.572154
545	2816	2.111818
600	2816	-3.303968
673	2816	-8.190390
756	2816	-12.878915
852	2816	-3.012240
895	2816	5.618157
931	2816	5.960276
977	2816	1.038957
1101	2816	-2.354526
1192	2816	1.820045
1197	2816	-7.195487
1485	2816	-10.758340
1538	2816	10.826808
1679	2816	-1.970383
1738	2816	6.756061
1927	2816	3.216115
1948	2816	-11.989209
2028	2816	-9.108228
2216	2816	-18.603364
2512	2816	-10.816766
2535	2816	-8.630963
2665	2816	-2.619555
2929	2816	-6.176388
2961	2816	2.235369
3044	2816	-2.979076
3178	2816	-6.982518
3354	2816	-2.189010
3447	2816	13.875067
3528	2816	-3.246205
3692	2816	5.566210
3795	2816	-11.204305
303	2817	1.275249
212	2820	-13.354042
1540	2820	6.801274
1555	2820	3.654692
1581	2820	8.747261
1646	2820	14.984040
1810	2820	-4.106369
1955	2820	1.330396
2683	2820	18.969200
2685	2820	-1.484990
2816	2820	-29.375315
2820	2820	-18.924369
3129	2820	-12.105249
3240	2820	-1.054039
3504	2820	-3.200445
3567	2820	2.098028
2592	2821	6.868614
2489	2822	-8.472948
1593	2824	-3.205851
2489	2824	21.113384
1384	2825	10.190036
97	2826	3.338098
204	2826	11.325680
456	2826	-2.033848
472	2826	7.168826
504	2826	9.119112
615	2826	-0.148016
737	2826	4.110995
1023	2826	2.455801
1080	2826	6.204363
1087	2826	9.706844
1101	2826	7.833026
1108	2826	17.026066
1155	2826	-6.694907
1238	2826	1.672334
1249	2826	-0.354662
1646	2826	-12.903013
1922	2826	-18.362068
2089	2826	-2.703295
2109	2826	-14.728770
2538	2826	3.770624
2826	2826	-1.967812
2846	2826	-19.641799
2908	2826	1.046471
3349	2826	-11.515230
3534	2826	5.044716
3565	2826	4.552949
3693	2826	4.050735
3733	2826	6.357388
3852	2826	-3.450972
4005	2826	-1.804448
184	2827	-9.198980
550	2827	-1.207311
737	2827	5.799819
1524	2827	22.472147
1582	2827	-12.270867
1897	2827	-3.250234
2018	2827	-0.618411
2347	2827	19.896910
2494	2827	-1.527183
3016	2827	0.125883
3749	2827	6.395231
3802	2827	20.166003
2806	2828	2.651802
2984	2828	-0.726719
1377	2829	5.186536
1993	2829	-8.874461
2057	2829	3.449246
3475	2829	-11.993172
3910	2829	-28.013010
4041	2829	7.169345
2061	2830	-20.425635
1954	2831	-8.841633
400	2832	9.543397
2986	2832	-35.220840
3333	2832	7.681545
2521	2834	-1.815303
3229	2834	-0.640673
2697	2835	-10.501796
1101	2836	-1.029210
1313	2836	-4.957585
2027	2836	1.060107
2619	2836	9.337238
2778	2836	-5.968789
2836	2836	-3.000997
3358	2836	-4.323886
4051	2836	6.864322
572	2838	-14.750410
1080	2838	-4.972162
1097	2838	9.199493
1655	2838	5.657290
2755	2838	-19.162306
2943	2838	2.558733
92	2839	1.273458
521	2839	2.039156
824	2841	16.616785
977	2841	9.760499
1842	2841	0.089186
2062	2841	8.442179
3343	2841	-1.497228
95	2842	-11.929903
545	2842	19.877268
550	2842	-8.074493
663	2842	2.777005
1074	2842	-5.612231
1101	2842	8.486721
1425	2842	-3.720256
1479	2842	-12.612229
1871	2842	3.458208
2061	2842	-20.983081
2066	2842	-29.086685
2492	2842	6.430836
2531	2842	5.095440
3229	2842	6.892802
3271	2842	3.681271
3342	2842	3.757960
170	2843	-1.750225
370	2843	-7.357668
456	2843	0.111605
798	2843	5.248165
1101	2843	-6.448969
1522	2843	-20.687397
1550	2843	-2.588399
1718	2843	-0.866771
1726	2843	-12.155179
1756	2843	11.096227
1976	2843	-2.820677
2089	2843	-0.968493
2093	2843	3.449769
2384	2843	-8.172254
2436	2843	-17.645939
2975	2843	-15.626061
3016	2843	7.974742
3018	2843	-2.532168
3310	2843	2.494265
3645	2843	-10.489519
3904	2843	1.909466
521	2844	-7.641882
949	2844	-1.484708
1733	2844	-22.192941
1891	2844	-12.887788
113	2845	-11.237814
238	2845	14.947400
572	2845	-4.078324
623	2845	15.239925
771	2845	12.335318
965	2845	8.451650
978	2845	-15.462440
1023	2845	-8.732187
1101	2845	13.439819
1129	2845	6.108593
1230	2845	12.759576
1594	2845	19.662730
1812	2845	9.485520
1956	2845	-0.081277
1976	2845	-11.377811
2181	2845	5.772613
2221	2845	-4.113986
2303	2845	-1.590479
2341	2845	-1.454122
2347	2845	-4.755756
2551	2845	2.138744
2599	2845	-4.839883
2653	2845	8.222453
2729	2845	2.542891
2747	2845	-8.686399
3067	2845	-0.754459
3075	2845	-19.659912
3273	2845	-13.482848
3281	2845	7.724027
3466	2845	7.487217
3622	2845	-6.466757
3693	2845	-6.029256
3802	2845	11.325853
3847	2845	5.922691
3889	2845	2.957745
3945	2845	-12.635210
25	2846	-6.674553
68	2846	-9.503119
97	2846	17.406319
113	2846	1.568647
151	2846	5.771287
214	2846	-5.859530
384	2846	-0.714154
400	2846	2.054180
456	2846	-2.547369
508	2846	-0.474663
625	2846	-0.079715
666	2846	-0.246601
737	2846	0.781998
744	2846	-5.336571
789	2846	-12.958111
841	2846	-6.004334
851	2846	3.014829
864	2846	7.807440
935	2846	-5.783095
978	2846	0.217053
1039	2846	6.031828
1051	2846	27.438783
1097	2846	-2.648585
1101	2846	18.779439
1169	2846	5.895774
1185	2846	-0.419659
1337	2846	0.529588
1362	2846	-1.981452
1374	2846	13.538840
1396	2846	10.198625
1428	2846	-2.737614
1429	2846	2.806785
1538	2846	4.050917
1663	2846	-16.854323
1667	2846	-8.908653
1677	2846	3.806332
1679	2846	-6.335185
1682	2846	-3.175947
1723	2846	-10.077634
1764	2846	-14.107960
1787	2846	-10.771755
1851	2846	3.375468
1883	2846	-7.516454
1931	2846	2.257108
1948	2846	11.458289
1955	2846	-13.815347
1976	2846	-1.062431
2026	2846	0.177620
2051	2846	-2.002064
2066	2846	-29.415049
2072	2846	7.459082
2089	2846	-6.438804
2129	2846	-3.758057
2212	2846	2.313466
2232	2846	-6.878752
2291	2846	-11.641106
2393	2846	-15.919993
2464	2846	8.332620
2490	2846	2.921673
2520	2846	11.293687
2616	2846	2.023365
2624	2846	2.261876
2665	2846	19.424370
2729	2846	5.623031
2764	2846	-0.460701
2766	2846	-5.798970
2768	2846	1.153918
2782	2846	5.561548
2846	2846	32.734317
2907	2846	-16.655503
2911	2846	21.090793
2943	2846	-5.649550
2962	2846	4.532140
2986	2846	0.384136
3229	2846	2.867163
3310	2846	-7.068345
3380	2846	16.839278
3441	2846	5.025637
3485	2846	8.064543
3491	2846	8.339974
3504	2846	13.752817
3578	2846	-13.675726
3622	2846	-13.430920
3663	2846	7.946981
3734	2846	6.413305
3735	2846	-1.455962
3804	2846	-4.316241
3842	2846	22.300030
3847	2846	2.565982
3885	2846	-0.645336
3904	2846	18.966913
3945	2846	-26.720327
3969	2846	-5.389813
4066	2846	12.777913
439	2847	7.866877
3374	2847	17.065737
3551	2847	8.546357
1375	2848	17.605029
1510	2848	-11.494850
462	2850	7.867671
708	2850	-0.938098
1520	2851	-1.608713
440	2852	-5.638833
1847	2852	-1.984040
209	2853	22.630133
370	2853	-4.991242
405	2853	4.099797
491	2853	-9.542948
517	2853	6.511044
632	2853	5.165112
828	2853	5.268934
1944	2853	15.446842
2138	2853	9.121449
2216	2853	21.849283
2226	2853	-7.310959
2541	2853	-7.372577
2665	2853	6.388501
2731	2853	1.394400
2766	2853	11.854825
3250	2853	-10.579450
3719	2853	-1.384886
3740	2853	-9.910362
472	2855	9.499531
1155	2855	3.254209
1533	2855	15.611601
3207	2855	-7.327203
3847	2855	8.026371
1651	2856	0.572674
508	2857	-11.428365
615	2857	-2.928414
780	2857	-10.925401
935	2857	20.260298
1108	2857	-0.897460
1122	2857	-6.509055
1185	2857	0.040331
1328	2857	0.794600
1518	2857	3.063374
1560	2857	3.521455
2003	2857	7.222617
2402	2857	-6.837225
2545	2857	-14.346708
3108	2857	13.198544
3403	2857	-2.339615
3578	2857	16.751584
3904	2857	-6.355215
113	2860	27.566714
4039	2860	-8.706989
1498	2861	1.070133
2402	2861	-11.700814
313	2863	3.087174
921	2863	0.025403
621	2864	1.696035
848	2864	-15.385465
2232	2865	-0.075986
500	2866	18.273598
506	2866	3.081175
737	2866	-25.848611
901	2866	-5.910630
970	2866	4.867754
977	2866	4.747851
1101	2866	-0.761801
1213	2866	9.597283
1646	2866	8.229704
1707	2866	12.946596
2010	2866	6.721488
2287	2866	8.027493
2523	2866	14.482223
2665	2866	-1.256862
3261	2866	-14.091000
288	2868	-8.379033
299	2868	-3.445777
478	2868	12.754191
485	2868	15.107278
621	2868	7.315000
911	2868	-5.747621
1288	2868	20.559726
1976	2868	5.378591
2431	2868	0.005799
2724	2868	7.290316
2816	2868	2.434527
3080	2868	14.198599
3129	2868	-6.296884
3662	2868	12.274013
170	2869	-0.190301
541	2869	-4.344828
625	2869	-5.208347
789	2869	-21.682379
891	2869	-1.382085
3145	2869	8.925511
3818	2869	6.545099
3995	2869	-2.238859
640	2870	2.399600
1105	2870	-0.522834
2181	2870	-14.467440
92	2871	-3.428894
1019	2871	-6.627535
1985	2871	3.347467
2064	2871	16.304255
2226	2871	1.993076
2761	2871	23.363960
2907	2871	-10.923619
3044	2871	-2.429905
3158	2871	7.862720
3204	2871	-16.745443
4056	2871	2.852649
1682	2872	18.971905
1976	2872	-0.782188
2216	2872	-13.575668
4023	2872	-6.841386
1979	2873	-9.177177
2842	2873	14.751937
238	2876	5.420631
737	2876	8.584843
3535	2876	9.819109
3689	2876	11.453785
3358	2877	-5.873007
3689	2878	-6.997532
961	2879	1.688644
1785	2880	0.355009
2766	2880	6.241135
3158	2880	4.557540
3662	2880	10.733368
3746	2880	-20.009566
1099	2881	2.871061
2138	2881	4.158689
1287	2882	-2.132965
1664	2882	-4.210271
2496	2882	-11.286647
924	2883	1.072170
2167	2883	9.959274
2204	2883	-2.017890
3129	2883	-15.479330
3684	2883	-12.705938
1148	2884	-1.329775
1215	2884	1.993605
1401	2884	18.482465
1522	2884	1.276637
2337	2884	3.453601
3589	2884	-3.632417
2182	2885	9.802140
2332	2885	-2.908101
2432	2885	12.143898
2531	2885	-16.505200
1242	2888	-1.285987
1540	2889	7.982803
2078	2889	7.800940
1916	2890	8.027830
4005	2890	-11.748440
417	2891	7.735009
1679	2891	6.531272
2270	2891	1.986795
2412	2891	10.803964
3080	2891	-7.663843
3571	2891	-6.210672
58	2892	3.770759
289	2892	5.618464
1362	2892	-8.120880
1451	2892	-4.787418
1679	2892	-14.011356
2648	2892	6.473715
3733	2892	0.292960
1441	2893	-7.617500
480	2895	-2.846567
243	2896	1.543817
3274	2896	-15.882722
3726	2896	1.369146
4016	2897	1.786091
2843	2899	-7.592923
84	2901	12.482018
939	2901	-11.536974
1001	2901	13.385656
2754	2901	-12.282279
3816	2901	-6.775728
676	2903	11.481928
2417	2903	13.588782
2803	2903	-5.677067
1374	2904	3.617357
2785	2904	-2.199751
2898	2904	10.019418
1556	2905	5.269490
572	2906	-2.422131
1756	2906	-15.784108
1842	2906	-3.807713
3172	2906	-5.559816
25	2907	-2.383377
49	2907	-8.139603
60	2907	8.179628
68	2907	5.407383
97	2907	-11.531819
113	2907	7.122256
129	2907	-2.016334
151	2907	-14.876908
214	2907	-13.286118
384	2907	-6.862189
424	2907	4.183985
540	2907	3.978654
550	2907	3.755133
628	2907	7.925806
711	2907	-3.500795
716	2907	-14.510386
737	2907	-4.157712
745	2907	5.511833
792	2907	-7.697656
978	2907	-19.541262
982	2907	6.573799
1005	2907	9.278047
1019	2907	3.485480
1097	2907	22.951243
1101	2907	3.748737
1155	2907	-10.141815
1169	2907	-8.546178
1227	2907	3.940958
1234	2907	0.129533
1261	2907	-0.243093
1291	2907	-5.677024
1328	2907	-6.064829
1342	2907	12.754649
1502	2907	-22.507342
1512	2907	1.550338
1522	2907	12.996875
1538	2907	-15.576032
1571	2907	1.641580
1738	2907	12.446636
1903	2907	8.431443
1904	2907	4.183405
1955	2907	3.757818
1976	2907	24.778986
2000	2907	6.237069
2010	2907	7.620530
2060	2907	-12.393774
2066	2907	-10.095620
2089	2907	-7.695704
2126	2907	6.274912
2167	2907	-14.464044
2270	2907	-6.648519
2272	2907	15.440324
2295	2907	3.720267
2299	2907	6.269322
2371	2907	14.555971
2393	2907	-11.306044
2462	2907	-6.470069
2494	2907	0.015529
2505	2907	-25.238660
2532	2907	-3.461973
2588	2907	-2.500286
2599	2907	-11.080053
2605	2907	-2.916212
2669	2907	14.308720
2723	2907	-0.869587
2755	2907	-18.868435
2766	2907	-6.844904
2846	2907	-16.947632
2907	2907	45.324443
2943	2907	4.858454
3158	2907	2.171272
3229	2907	2.103443
3256	2907	8.203537
3410	2907	3.180678
3460	2907	9.160826
3485	2907	8.767126
3522	2907	-5.464938
3578	2907	5.127555
3657	2907	-1.360129
3659	2907	10.383932
3684	2907	-5.918580
3699	2907	8.290054
3727	2907	22.177044
3788	2907	1.260976
3889	2907	-7.412915
3925	2907	-2.156086
3935	2907	15.551485
3945	2907	0.852133
3983	2907	-17.000860
4073	2907	-21.916542
1970	2908	5.987507
1763	2909	2.544453
3663	2909	6.004987
1854	2910	7.910934
2617	2910	12.619864
2703	2910	-17.963659
3706	2910	6.428239
95	2911	-10.535193
117	2911	-3.915944
125	2911	3.726714
281	2911	19.961494
424	2911	-0.246036
467	2911	-0.397570
525	2911	-18.510959
663	2911	-31.362868
737	2911	12.593651
982	2911	-0.004877
1101	2911	-32.000570
1104	2911	4.495186
1452	2911	19.158259
1485	2911	-0.848851
1629	2911	2.067774
1738	2911	-10.675380
1873	2911	-5.636164
1944	2911	0.824444
2047	2911	-4.818125
2066	2911	-5.868255
2216	2911	-2.381133
2376	2911	0.337541
2535	2911	-12.233753
2538	2911	-5.297620
2574	2911	1.703589
2720	2911	-5.595554
2846	2911	-5.584330
2907	2911	16.166718
3274	2911	-18.392924
3371	2911	7.627933
3795	2911	16.541348
572	2913	-10.237999
1092	2913	12.480254
1299	2913	-20.100372
2010	2913	0.616359
2685	2913	19.372053
2913	2913	3.289631
3522	2913	5.767835
3614	2913	9.801750
3628	2913	-23.152868
3733	2913	8.133714
3945	2913	2.031292
2414	2914	9.111793
3280	2914	-12.575007
1585	2915	11.362622
1646	2915	-5.362562
3688	2915	4.583536
80	2916	-5.350384
170	2916	14.246222
424	2916	-19.592962
2047	2916	7.971364
2616	2916	-20.290124
2634	2916	8.280249
2643	2916	1.225054
2916	2916	20.966114
3143	2916	4.779977
3945	2916	10.034256
113	2917	-1.796320
1929	2917	-4.964154
616	2918	-13.256077
1851	2918	-3.508677
37	2919	22.057702
80	2919	10.209661
87	2919	-3.454122
172	2919	4.367921
657	2919	9.697368
828	2919	8.424217
976	2919	2.001053
1015	2919	-12.708976
1101	2919	10.778139
1401	2919	-1.756961
1437	2919	4.985703
2181	2919	-14.995218
2182	2919	15.120265
2492	2919	-0.861062
2702	2919	9.471764
2846	2919	12.676546
2919	2919	1.742518
3889	2919	11.618135
3899	2919	8.522468
3932	2919	4.775397
3956	2919	6.003830
3965	2919	-7.229251
2920	2920	8.214786
2309	2921	-2.720556
155	2922	5.380704
199	2922	-1.916124
243	2922	-9.215210
394	2922	10.556426
400	2922	-11.105668
548	2922	-0.025142
625	2922	0.687409
663	2922	-11.247820
895	2922	-0.576227
1101	2922	-12.334879
1216	2922	13.317858
1505	2922	12.734678
1533	2922	7.958699
1646	2922	-2.372853
1682	2922	13.540707
1897	2922	16.732859
2089	2922	-0.740296
2093	2922	-3.447698
2134	2922	11.796549
2265	2922	0.576889
2468	2922	9.716182
2490	2922	-8.783302
2575	2922	-21.977010
2987	2922	-4.033253
3229	2922	11.832855
3235	2922	-12.095732
3567	2922	-6.303159
3740	2922	-0.231340
3882	2922	-16.736105
4041	2922	-25.637914
4083	2922	12.435674
1574	2923	20.112753
3095	2923	11.368664
2279	2924	-8.477727
976	2925	15.679003
1502	2925	-1.548048
1522	2925	-1.684454
2278	2925	17.271414
3274	2925	5.843506
3622	2925	-0.478508
629	2927	17.169859
1320	2927	-9.704301
1362	2927	-6.428075
2950	2927	-13.003298
790	2929	13.441392
1298	2929	10.151788
1885	2929	1.764251
2075	2929	24.104546
3608	2929	8.256694
113	2930	-4.172631
419	2930	-12.948995
873	2930	-0.670985
1096	2930	0.157421
1679	2930	20.314617
2265	2930	-4.281983
2270	2930	4.191600
2665	2930	-14.799252
3032	2930	3.226610
1480	2931	2.077062
2016	2931	7.786538
3283	2931	-5.078444
456	2932	-0.921455
927	2932	12.129448
1024	2932	-1.306974
1873	2932	1.912831
2066	2932	9.388191
2713	2932	-10.910458
4064	2935	2.550434
1341	2936	-2.512074
4083	2936	3.651378
2652	2937	5.156768
3713	2937	1.207226
924	2938	-0.655956
1015	2938	-3.281001
2045	2938	-1.072378
47	2940	-2.963467
456	2940	17.777827
660	2940	-0.436311
839	2940	4.572806
1092	2940	-4.238282
1476	2940	-8.503013
1594	2940	5.719124
1637	2940	6.660732
3342	2940	-5.887236
14	2943	-4.087108
33	2943	0.433128
97	2943	3.451495
456	2943	-0.024907
521	2943	11.524664
658	2943	3.781068
663	2943	13.877952
711	2943	12.487883
777	2943	15.894674
914	2943	3.039907
933	2943	5.014385
938	2943	14.804766
1023	2943	-3.890623
1089	2943	-19.583125
1101	2943	-26.716159
1209	2943	-2.971540
1304	2943	9.943635
1374	2943	-3.037730
1560	2943	20.956042
1637	2943	3.127709
1792	2943	-12.931632
2066	2943	-5.990166
2113	2943	-10.406092
2232	2943	-0.589944
2512	2943	5.207753
2599	2943	0.549270
2846	2943	0.875633
2922	2943	2.229467
2943	2943	0.437487
3143	2943	-4.928097
3510	2943	1.160438
3689	2943	-2.902256
3788	2943	-2.667017
3915	2943	-15.369406
184	2947	-20.630318
391	2947	-5.062308
1468	2947	11.745633
2229	2947	-13.936598
2347	2947	-9.686222
3889	2947	-8.610155
79	2950	-9.060479
330	2950	-13.700653
603	2950	19.605002
1159	2950	7.066273
1829	2950	19.077363
1955	2950	-2.028244
2043	2950	1.887058
2062	2950	7.508342
3080	2950	4.437743
3158	2950	0.431226
3399	2950	7.408923
3730	2950	-8.401961
4032	2950	7.070650
253	2952	20.319747
1411	2952	-15.950304
1084	2954	5.905902
1202	2954	13.637998
1679	2954	4.795180
1743	2954	2.282885
4031	2956	6.268153
135	2957	13.552363
713	2957	-0.517238
815	2957	-20.168948
1314	2957	-9.268368
1700	2957	10.424219
2436	2957	11.526066
3988	2957	9.081842
4	2958	-0.533139
163	2958	-13.561336
500	2958	1.219544
1970	2958	9.737833
2618	2958	-12.107828
2630	2958	10.348670
2653	2958	2.182626
3228	2958	-3.388157
417	2961	-13.327927
867	2961	2.985320
1782	2961	5.097433
1860	2961	1.133981
4	2962	18.700601
14	2962	9.388099
25	2962	0.220350
97	2962	-3.974117
232	2962	3.606197
282	2962	16.593342
449	2962	-2.989514
456	2962	18.660431
541	2962	-13.676935
623	2962	-9.374814
663	2962	18.334209
743	2962	-0.790226
767	2962	3.188361
1386	2962	-9.399973
1396	2962	-14.085222
1441	2962	2.846485
1538	2962	-1.460002
1802	2962	1.433502
2129	2962	3.511264
2216	2962	10.090004
2341	2962	0.973348
2542	2962	-14.048462
2551	2962	-5.881173
2607	2962	4.262290
2738	2962	-17.592645
2872	2962	9.160260
2916	2962	6.360571
2962	2962	-12.822907
3007	2962	4.734009
3194	2962	-16.459146
3229	2962	-16.564129
3519	2962	-0.604755
3696	2962	9.835766
4079	2962	-8.921105
148	2963	-9.354998
307	2963	-0.953824
550	2963	-2.655838
730	2963	9.515815
779	2963	-6.320089
1034	2963	-6.051447
1126	2963	15.191370
1622	2963	-12.882198
1897	2963	-15.242102
2060	2963	8.478034
2653	2963	18.725843
2665	2963	-2.230799
2829	2963	4.683577
3032	2963	-11.428257
3256	2963	10.571839
3529	2963	0.411191
3734	2963	-1.727883
4068	2963	-10.810565
1058	2965	19.505358
1374	2965	0.850304
1855	2965	-0.146999
3565	2965	-5.844801
125	2966	-1.212509
1576	2966	9.144682
1873	2968	9.947354
424	2969	-0.887881
1438	2969	15.150473
1671	2969	-4.593154
2047	2969	-0.790124
2216	2969	1.428492
2649	2969	9.474760
3346	2969	-3.655208
3733	2969	-8.191391
3784	2969	-7.663382
3919	2969	-1.535494
1229	2970	8.050423
171	2971	18.429868
279	2971	4.652490
310	2971	18.038620
607	2971	5.007559
646	2971	-8.682635
663	2971	-12.489518
1092	2971	-18.046656
1226	2971	-10.225238
1555	2971	1.486115
1682	2971	19.951416
1947	2971	-12.868814
1953	2971	-3.062259
2262	2971	1.541031
2314	2971	1.188445
2558	2971	-2.433553
2729	2971	11.595845
2755	2971	10.223212
2816	2971	5.563990
2910	2971	10.831425
3019	2971	-1.519252
3216	2971	6.429404
3274	2971	-3.281269
3391	2971	10.562108
3740	2971	-14.005189
3793	2971	-1.493967
3904	2971	22.806953
4	2972	-9.872346
456	2972	-13.497990
977	2972	2.019802
2270	2972	-7.372980
2871	2972	-18.611416
3229	2972	-2.724378
3302	2972	4.017202
4013	2973	1.161357
97	2975	-2.790434
125	2976	3.805049
833	2976	-5.582932
2950	2976	7.539861
4021	2976	-20.560700
1108	2978	-2.721574
2463	2978	-2.757731
3215	2978	7.667867
439	2981	-3.056261
456	2981	-13.792239
493	2981	-11.420168
572	2981	-2.060120
697	2981	-19.659500
874	2981	1.085241
895	2981	6.868564
1101	2981	2.700275
1533	2981	13.479673
1543	2981	-14.979100
1589	2981	-4.940489
1723	2981	8.534151
1741	2981	-7.254673
1766	2981	4.089019
1841	2981	5.463037
1855	2981	-6.417022
2137	2981	-1.757169
2192	2981	2.032464
2214	2981	-0.283334
2341	2981	7.106980
2513	2981	-2.463365
2583	2981	-1.197424
2683	2981	-18.908317
3063	2981	6.586804
3250	2981	13.147683
3310	2981	14.233420
3534	2981	1.078790
3719	2981	5.665188
3740	2981	9.680501
3802	2981	-7.676783
3945	2981	-0.893280
4004	2981	16.021309
4051	2981	-3.039081
3669	2982	-27.213742
14	2983	2.436365
306	2983	8.761828
310	2983	-24.760830
1816	2983	13.830520
2436	2983	13.905757
3511	2983	6.804253
493	2984	9.402284
744	2984	12.957807
798	2984	18.529144
838	2984	2.590035
1071	2984	-0.292647
1672	2984	-3.861473
2371	2984	1.026072
2472	2984	1.733582
2724	2984	-2.844118
2803	2984	7.136106
3044	2984	-10.151082
3786	2984	-16.220225
4005	2984	-1.567462
621	2986	8.147067
1745	2986	-6.591354
2489	2986	-2.980441
2533	2986	6.512272
2607	2986	12.723463
3146	2986	1.654556
3310	2986	-6.757657
3632	2986	3.181824
3984	2986	-0.634722
14	2987	-4.598948
623	2987	-1.583663
736	2987	-4.867531
737	2987	-19.775414
895	2987	-27.876074
933	2987	-11.315796
977	2987	-5.813623
1089	2987	-2.012449
1101	2987	-24.997111
1146	2987	1.223130
1270	2987	-5.918881
1312	2987	1.275937
1386	2987	-7.536112
1408	2987	-2.366435
1522	2987	-8.617919
1524	2987	0.756013
1538	2987	4.103100
1897	2987	-0.056012
1979	2987	-11.064182
2105	2987	-23.415133
2156	2987	10.626198
2393	2987	-1.581930
2413	2987	-7.888451
2425	2987	-4.017618
2547	2987	5.236799
2953	2987	-15.351701
2987	2987	-2.151561
3015	2987	-4.093618
3325	2987	11.493512
3578	2987	23.706976
3713	2987	2.441104
3758	2987	10.406624
3890	2987	-12.007772
2599	2989	-15.848468
4	2990	-2.895899
131	2990	-12.616907
231	2990	0.100253
405	2990	-3.774690
439	2990	-0.904884
541	2990	4.399937
1101	2990	-13.557754
1125	2990	2.831857
1897	2990	14.551410
1955	2990	12.170589
2129	2990	13.048356
2167	2990	2.405367
2465	2990	13.188212
2598	2990	13.109168
2691	2990	-8.005933
2705	2990	-0.095024
2755	2990	0.512962
2846	2990	7.472439
2886	2990	0.128188
2990	2990	4.746610
3229	2990	-12.104749
3343	2990	-0.834029
3485	2990	-6.766475
3622	2990	-11.002758
3645	2990	11.024265
3680	2990	-4.504724
3695	2990	-2.222462
3802	2990	15.649961
4041	2990	12.762074
4	2991	1.231756
14	2991	-7.565215
97	2991	5.692443
204	2991	7.348991
592	2991	-4.583994
1656	2991	-0.917599
1705	2991	3.451847
1715	2991	17.508222
1759	2991	-4.816010
2265	2991	-8.507689
2512	2991	-1.991240
2561	2991	19.102947
3476	2991	4.166999
3770	2991	-23.615826
3847	2991	-3.272722
3904	2991	-1.993700
3945	2991	-2.086426
4033	2991	17.308900
898	2993	2.807597
2550	2993	-30.455751
3919	2993	-3.495920
129	2994	-2.283500
1286	2994	10.022197
3222	2994	11.093956
3379	2994	-6.677432
3535	2994	2.102362
663	2996	21.496161
2128	2996	3.274680
3076	2996	-6.061753
3418	2996	9.998560
3744	2996	8.298989
3925	2996	-7.516622
927	2998	-7.819468
1075	2998	2.523227
1230	2998	3.780305
1396	2998	1.737965
1983	2998	-1.050290
2017	2998	-4.304423
2024	2998	-7.585173
2827	2998	-4.664297
2907	2998	-9.862001
2943	2998	-14.254487
2998	2998	12.653738
3578	2998	-9.934061
3945	2998	-15.846061
873	2999	-14.973961
2379	2999	0.257267
3220	2999	1.557019
4068	2999	1.772015
553	3000	12.399173
1468	3000	5.208466
1655	3000	21.036600
1955	3000	-21.871487
3158	3000	16.689843
1380	3001	-2.512873
2748	3001	10.630120
2940	3001	-16.662097
3430	3001	7.975574
151	3002	0.083933
990	3002	-9.783481
1453	3002	1.990139
1994	3002	-1.016431
2388	3002	14.799977
2544	3002	-3.475173
2794	3003	3.930589
3662	3003	-14.290900
3985	3003	12.586422
214	3004	-3.680445
344	3004	2.369636
868	3004	0.230035
1485	3004	1.878977
1793	3004	-10.231379
3004	3004	6.574609
3374	3004	13.165809
3530	3004	-0.783212
2003	3005	-11.448506
3802	3005	6.559930
209	3006	-32.680556
316	3006	-8.706324
394	3006	12.635282
460	3006	-2.485203
508	3006	0.952011
736	3006	0.613813
744	3006	6.805258
746	3006	-5.065033
895	3006	2.073122
1101	3006	2.752444
1270	3006	2.984131
1280	3006	-2.338969
1367	3006	-3.462360
1429	3006	5.758365
1538	3006	-5.967156
1684	3006	-10.234546
1764	3006	8.775710
1847	3006	4.194428
2128	3006	13.153008
2229	3006	-21.758038
2330	3006	17.078348
2412	3006	10.822950
2436	3006	1.472436
2465	3006	-6.778347
2490	3006	-6.950624
2907	3006	1.096535
3182	3006	3.377196
3344	3006	-4.154652
3525	3006	-10.067116
3565	3006	1.755320
3688	3006	2.940902
3701	3006	-15.360142
3719	3006	21.211212
3816	3006	14.818762
3825	3006	-14.493993
3904	3006	15.960666
4041	3006	1.578280
717	3007	-0.620588
977	3007	-15.518984
1193	3007	2.501313
1238	3007	-12.953786
1538	3007	1.896729
1925	3007	-3.656298
2054	3007	1.632860
2066	3007	-15.256365
2129	3007	-2.091026
2236	3007	4.206688
2241	3007	10.543474
2707	3007	-6.752649
3145	3007	15.676605
3337	3007	-4.794638
3343	3007	7.775873
3688	3007	6.487676
3691	3007	-3.468377
4086	3007	-14.989387
389	3008	-25.266420
1604	3008	-7.996522
3285	3008	-6.497040
278	3009	-2.315427
1071	3010	-3.656791
703	3011	9.322470
2546	3011	-8.305173
419	3014	-9.883562
3773	3014	-6.873488
113	3015	5.071453
616	3015	-1.817570
1020	3015	3.043218
1101	3015	-25.590659
1656	3015	7.532911
1959	3015	2.340612
2468	3015	13.950103
2724	3015	-6.036609
3519	3015	-9.171679
3596	3015	2.804509
3735	3015	-13.173990
407	3016	-8.655994
737	3016	10.226790
757	3016	-6.807142
895	3016	5.608121
935	3016	-14.187045
1710	3016	19.378330
1953	3016	4.339878
2048	3016	14.305491
2347	3016	7.941519
2384	3016	15.179506
2653	3016	-10.228270
3091	3016	-2.203489
3229	3016	-8.594536
3578	3016	3.393720
151	3018	-6.739041
170	3018	-3.567802
238	3018	-28.263835
264	3018	5.129072
456	3018	-20.639690
586	3018	17.715951
736	3018	14.400983
949	3018	-8.076491
1663	3018	5.936088
1679	3018	-10.251375
1726	3018	9.173049
1761	3018	2.170687
1812	3018	-3.717075
2060	3018	-13.240154
2089	3018	-19.266638
2287	3018	24.671245
2490	3018	20.597361
2702	3018	-8.773960
3018	3018	2.872892
3145	3018	12.792183
3447	3018	0.716732
3633	3018	-10.788515
3781	3018	8.577256
3904	3018	19.383065
3942	3018	1.556667
3983	3018	10.941338
4004	3018	-2.559761
91	3019	-7.894333
134	3019	-8.633156
369	3019	1.358642
577	3019	-2.530425
586	3019	-4.579222
625	3019	-5.695873
978	3019	5.160945
1718	3019	-19.061872
1741	3019	3.232416
2278	3019	9.143112
2480	3019	5.482251
2619	3019	-4.118487
2910	3019	-11.111154
3274	3019	6.793866
3350	3019	-2.918142
3379	3019	-1.030754
3485	3019	-5.491997
3578	3019	4.362851
3595	3019	-15.934662
3742	3019	-5.769413
3793	3019	-25.297113
1589	3021	7.056576
1803	3021	-16.681837
2015	3021	-8.889399
2225	3021	2.855621
3998	3021	5.472932
370	3022	8.076056
3220	3022	6.697777
3928	3022	16.865591
3109	3023	-7.096945
2137	3025	9.896604
1455	3026	1.154738
682	3027	15.369660
1127	3027	6.220133
2622	3027	-2.877401
2737	3027	5.591222
3626	3029	0.017576
704	3031	-7.749756
843	3031	13.766848
993	3031	-4.317988
1212	3031	3.136939
1942	3031	1.055921
2089	3031	-8.951320
2341	3031	-0.108398
3208	3031	-5.278518
3405	3031	6.100506
4051	3031	-6.186659
4	3032	-1.970501
37	3032	-2.937425
58	3032	9.454354
80	3032	-5.946496
84	3032	-11.296563
92	3032	8.125229
97	3032	4.370797
113	3032	-2.765315
163	3032	-1.365589
173	3032	0.965225
264	3032	10.410612
273	3032	-15.847768
278	3032	-15.235400
382	3032	-0.321016
407	3032	-13.060467
456	3032	21.759451
476	3032	-21.020442
532	3032	-2.868461
545	3032	1.883362
568	3032	20.730133
625	3032	-0.543459
737	3032	-1.520449
798	3032	-13.032749
893	3032	-2.895386
996	3032	-9.527930
1015	3032	-5.549586
1085	3032	13.170531
1092	3032	-8.061084
1099	3032	8.760655
1101	3032	-12.843457
1116	3032	1.505474
1212	3032	6.832338
1213	3032	-16.303486
1229	3032	-14.245475
1238	3032	-3.432451
1332	3032	4.223416
1345	3032	-0.693386
1386	3032	-2.587139
1468	3032	-4.602613
1470	3032	-18.799648
1522	3032	10.887180
1524	3032	-30.857729
1560	3032	-18.284561
1574	3032	5.912817
1576	3032	8.456949
1594	3032	1.761845
1646	3032	1.706368
1654	3032	2.093627
1667	3032	-17.819304
1808	3032	-4.265986
1955	3032	-11.475014
1979	3032	0.276369
2066	3032	-3.014806
2129	3032	8.516508
2169	3032	3.439842
2170	3032	7.106774
2376	3032	11.569823
2393	3032	-3.628775
2396	3032	-2.963166
2412	3032	10.985111
2538	3032	9.193536
2612	3032	-29.829445
2665	3032	-30.294754
2683	3032	15.277849
2729	3032	-1.874916
2737	3032	-3.458194
2855	3032	-14.939996
2987	3032	21.187357
2990	3032	-11.173387
3032	3032	1.263620
3039	3032	15.444855
3044	3032	0.707777
3067	3032	-20.343021
3131	3032	7.145548
3194	3032	0.689440
3229	3032	-1.766424
3261	3032	-9.679837
3274	3032	1.901812
3276	3032	0.817447
3314	3032	7.469338
3343	3032	-3.447518
3344	3032	-3.842787
3476	3032	8.442889
3519	3032	19.983048
3529	3032	19.231031
3532	3032	-11.847971
3713	3032	0.073923
3740	3032	-4.187365
3793	3032	-12.435265
3795	3032	0.092456
3802	3032	-6.523873
3832	3032	6.272404
3904	3032	-31.040334
3915	3032	11.577099
4005	3032	10.473890
4083	3032	-4.922805
557	3033	11.861432
577	3033	-15.474773
987	3033	6.186802
2411	3036	-1.089804
97	3039	-15.204735
187	3039	8.191281
206	3039	13.008100
348	3039	-0.010003
352	3039	-1.081366
382	3039	-8.980652
417	3039	-11.203605
433	3039	-10.704701
454	3039	5.540736
456	3039	-0.801178
895	3039	18.075861
977	3039	-9.734378
983	3039	-4.815947
989	3039	-13.861118
1039	3039	-5.963679
1101	3039	-3.963521
1485	3039	-11.643391
1663	3039	8.656530
1767	3039	-10.589364
1944	3039	3.855441
1956	3039	7.322116
2270	3039	10.656984
2332	3039	-17.299655
2538	3039	-3.706443
2655	3039	3.687771
2665	3039	19.320154
2766	3039	6.385425
2930	3039	-30.114274
3039	3039	2.561279
3498	3039	2.089314
3568	3039	-4.462749
3794	3039	-15.736519
3870	3039	11.738238
3965	3039	6.440790
4016	3039	6.328446
4071	3039	-27.324996
364	3041	-1.411737
3043	3041	1.317302
3942	3041	4.765922
1787	3042	-0.321001
1894	3043	-10.718278
3016	3043	-12.264781
57	3044	15.121303
73	3044	-2.420191
84	3044	23.100207
97	3044	11.082138
113	3044	3.880508
163	3044	1.776036
170	3044	12.970946
238	3044	-0.920129
439	3044	3.342384
550	3044	-6.806416
572	3044	-4.726324
623	3044	-4.036404
658	3044	-12.457175
664	3044	-17.090993
737	3044	1.222700
777	3044	7.704385
798	3044	-0.256791
852	3044	-8.063251
941	3044	9.067499
1034	3044	-0.303485
1070	3044	-13.208263
1089	3044	3.411723
1101	3044	2.661106
1342	3044	-5.750130
1374	3044	19.091798
1386	3044	2.152945
1396	3044	3.845413
1485	3044	-14.016647
1574	3044	1.573353
1646	3044	7.091360
1682	3044	-1.228081
1712	3044	2.115975
1767	3044	-9.698110
1798	3044	13.318130
1873	3044	15.118974
2066	3044	2.061469
2270	3044	-16.318550
2295	3044	4.034992
2347	3044	-17.794195
2349	3044	0.861499
2494	3044	7.361060
2523	3044	-2.084092
2542	3044	4.840259
2653	3044	3.783462
2663	3044	7.572584
2691	3044	-19.504624
2729	3044	-13.913331
2766	3044	-2.134566
2768	3044	19.100899
2907	3044	-24.251627
2957	3044	2.834153
2998	3044	14.687824
3032	3044	11.923431
3044	3044	16.222504
3060	3044	-7.253300
3075	3044	5.471035
3143	3044	5.130225
3146	3044	-10.851363
3256	3044	-21.469743
3353	3044	0.013136
3485	3044	1.939361
3578	3044	-1.634134
3629	3044	2.356703
3662	3044	0.055759
3719	3044	11.570408
3795	3044	-1.793636
3802	3044	25.319761
3847	3044	8.311592
3904	3044	-20.024672
3909	3044	3.416831
3945	3044	-8.869364
4023	3044	4.084853
2766	3045	3.656360
3201	3045	11.430988
3223	3045	8.513665
1160	3046	-11.810127
279	3049	9.438776
545	3049	-6.818607
1715	3049	12.775442
1756	3049	7.458649
1761	3049	0.283041
1763	3049	1.601195
2270	3049	3.072857
3119	3049	-8.101077
209	3052	-39.752022
2908	3052	4.237645
3882	3052	2.632458
1442	3053	16.517736
2523	3053	6.351483
31	3054	-5.478161
37	3056	2.877044
532	3057	-14.510304
745	3057	-1.586419
849	3057	-5.736646
992	3057	-0.590539
1310	3057	-6.487542
1328	3057	-9.273891
1377	3057	-5.197153
1538	3057	11.351806
1560	3057	-15.536977
1655	3057	-0.257428
1679	3057	20.469245
1976	3057	6.814262
2112	3057	1.884300
2204	3057	3.034949
2845	3057	-5.902782
2857	3057	-1.398571
3229	3057	-8.941176
3703	3057	10.314818
3740	3057	-5.202696
4023	3057	-13.981962
992	3058	0.050252
2538	3058	9.154622
14	3059	-27.658995
3945	3059	6.986847
97	3060	7.238246
113	3060	-14.845017
148	3060	0.751562
521	3060	17.383582
781	3060	3.084944
1085	3060	-21.014052
1088	3060	15.278919
1115	3060	-29.279812
1889	3060	-1.013877
1955	3060	-3.080369
1976	3060	-12.598974
2393	3060	18.503020
2468	3060	-8.234780
3795	3060	12.406632
4041	3060	-10.588779
92	3061	-9.220944
238	3061	10.578371
456	3061	-2.894737
492	3061	7.674182
1751	3061	12.016958
2075	3061	-1.859210
2512	3061	1.768529
2907	3061	1.425542
3374	3061	-0.924111
3447	3061	-2.354197
3498	3061	-3.243389
3740	3061	2.310502
3865	3061	-11.691559
3878	3061	-9.903960
3935	3061	3.219810
2150	3063	8.788844
3485	3063	-5.699905
1155	3064	11.646473
2752	3064	-4.897592
3335	3064	3.799949
3890	3064	2.441957
664	3066	-23.659107
2060	3066	4.570213
238	3067	-1.848739
278	3067	-9.776484
1213	3067	-0.042429
1339	3067	-22.067822
1524	3067	6.883183
1849	3067	1.616270
1883	3067	16.349154
2051	3067	5.655598
2089	3067	8.192470
2235	3067	-5.861068
2538	3067	-23.988337
2586	3067	-1.689907
2871	3067	6.827079
3184	3067	-17.968783
2075	3070	-4.624919
2367	3070	-9.470260
1147	3071	-7.813367
1379	3071	-4.846097
3853	3071	-10.251847
2227	3074	6.015143
550	3075	-18.984834
572	3075	9.885651
1684	3075	-21.080242
1715	3075	13.893126
1780	3075	-3.889653
2341	3075	-2.516519
3662	3075	-5.678578
3622	3076	12.677060
1961	3079	-2.718387
73	3080	-8.483707
171	3080	-10.417708
541	3080	16.718064
550	3080	5.831384
572	3080	-0.033421
852	3080	11.041456
1101	3080	-19.589257
1155	3080	3.717197
1185	3080	0.777870
1468	3080	-7.927161
1502	3080	-1.230370
1851	3080	-19.127565
1976	3080	-1.385068
2060	3080	20.803364
2066	3080	-9.522651
2504	3080	2.927876
2575	3080	27.526536
2665	3080	1.905595
2729	3080	9.239724
2737	3080	-7.575067
2901	3080	-1.955715
3370	3080	4.090044
3769	3080	-12.813114
3792	3080	8.526702
3922	3080	8.225350
3945	3080	3.226753
214	3081	-4.384520
3786	3081	6.525914
1079	3082	-3.625135
97	3084	1.139313
407	3084	-3.781925
2037	3084	-7.904031
3189	3084	15.298555
2037	3086	1.973286
3695	3086	3.540235
1195	3087	1.904361
2541	3087	8.278550
652	3088	11.416910
893	3088	4.693831
1238	3088	-8.016828
1808	3088	0.203689
3232	3088	-9.683958
384	3089	11.966423
903	3089	-12.004569
2611	3089	6.778839
3861	3089	13.986381
25	3090	21.130055
299	3090	-5.835272
852	3090	5.820682
3441	3090	-4.739555
3965	3090	-8.899441
42	3091	-3.823731
170	3091	-12.269531
224	3091	8.265310
1634	3091	11.930400
1681	3091	12.814783
1759	3091	-0.487302
2639	3091	-0.598301
1823	3092	3.078026
2836	3093	1.560042
3996	3093	9.245385
13	3095	9.521573
1339	3096	7.380149
2226	3096	-15.500887
890	3098	19.036204
1732	3098	11.013382
3741	3098	1.296715
4014	3098	-4.535125
133	3099	7.782812
328	3099	10.563260
3227	3099	9.561807
3567	3099	25.149854
3734	3099	-5.579131
2064	3101	-4.760001
51	3102	-8.158743
582	3102	0.572012
1576	3103	6.131567
439	3105	-1.214649
3229	3105	-5.371290
3280	3105	-8.215998
3630	3106	-3.538568
243	3108	7.413357
394	3108	0.919182
934	3108	-1.376575
1455	3108	4.179241
2441	3108	1.763973
2843	3108	9.534081
3441	3108	-16.983892
3476	3108	-8.965532
3922	3108	-14.101405
2987	3109	21.716316
2767	3116	0.028791
330	3117	8.169345
383	3117	-8.146499
744	3117	4.201922
798	3117	3.624932
1188	3117	-12.329203
1437	3117	-10.844386
1475	3117	-0.265445
1637	3117	13.373730
1970	3117	-0.308890
2266	3117	8.298668
2538	3117	-6.144825
2665	3117	-20.421253
2709	3117	-7.339281
2725	3117	-4.408625
3237	3117	8.763665
3485	3117	1.571661
4043	3117	-4.764961
579	3119	9.126031
621	3119	9.863050
2512	3119	5.844226
3662	3119	14.361116
3795	3119	-8.778703
4045	3119	-10.292356
1632	3122	-8.547079
1332	3124	-10.822820
1419	3125	3.968441
2617	3127	-13.278021
2990	3127	9.107807
2147	3128	24.016203
18	3129	11.699645
20	3129	-4.338763
809	3129	2.449586
1039	3129	1.478647
1220	3129	-1.401657
2129	3129	16.648034
2393	3129	14.007775
2866	3129	-21.295002
3044	3129	-12.525236
744	3130	21.641461
1571	3130	-8.212485
1843	3130	3.507032
320	3131	4.890844
1101	3131	-6.255201
1816	3131	-0.047235
1843	3131	-6.123956
2213	3131	15.852500
2713	3131	-16.949996
3032	3131	8.600399
3039	3131	-19.148669
3343	3131	-13.575393
330	3132	13.823912
577	3132	17.625258
2744	3132	-11.100429
3904	3132	7.565709
1502	3133	5.735859
3659	3134	-6.636580
577	3135	8.993494
2158	3138	-6.199449
3774	3138	-4.071370
3808	3138	6.043466
2093	3139	3.302353
121	3141	0.697729
737	3141	-8.778240
2156	3141	-30.617654
2393	3141	14.197955
2663	3141	-4.470014
2754	3141	-5.157707
3109	3141	-1.019661
1831	3142	-1.930765
41	3143	1.786648
73	3143	-13.023955
184	3143	6.990226
384	3143	-9.142134
407	3143	-13.686080
823	3143	-1.629661
938	3143	-2.202672
1101	3143	-5.411812
1131	3143	2.778535
1539	3143	14.912214
1639	3143	-12.088570
1646	3143	-12.534245
1679	3143	-7.430229
1948	3143	-9.281391
2066	3143	-12.242971
2232	3143	6.125780
2268	3143	16.020409
2287	3143	-5.678950
2385	3143	-8.135103
2429	3143	10.134919
2494	3143	-3.581054
2541	3143	9.883546
2729	3143	-2.408574
2907	3143	-8.023043
2925	3143	8.318349
3016	3143	5.015581
3018	3143	0.721741
3352	3143	-1.145319
3486	3143	1.419975
3795	3143	-15.424365
3876	3143	-10.815103
3945	3143	-1.657284
3976	3143	3.574425
3983	3143	-5.978251
389	3144	0.460201
456	3144	-17.184658
541	3144	-19.805434
572	3144	-17.013905
996	3144	4.719531
1538	3144	-2.946272
1591	3144	-2.760822
2263	3144	2.012474
2400	3144	-8.593455
3146	3144	-8.100604
3256	3144	3.808890
3427	3144	-11.942859
3712	3144	-17.332349
97	3145	0.679353
264	3145	-7.025090
364	3145	-11.895378
452	3145	-9.020773
737	3145	-6.699574
852	3145	-18.636335
874	3145	-12.785311
959	3145	31.243125
1039	3145	-7.565800
1082	3145	8.081811
1101	3145	-11.205893
1756	3145	-17.816919
1914	3145	-5.823166
1955	3145	-2.791574
1970	3145	2.478180
2062	3145	-0.600478
2468	3145	-14.603362
2492	3145	-9.092432
2494	3145	-3.417487
2538	3145	11.038297
2551	3145	7.523390
2655	3145	0.930157
2785	3145	-11.484487
2915	3145	-2.876056
3018	3145	0.200489
3145	3145	2.570101
3229	3145	15.930179
3259	3145	-15.383942
3587	3145	6.387034
3595	3145	17.395397
3614	3145	17.074650
3622	3145	1.745469
3651	3145	-11.277163
3666	3145	-1.444362
3996	3145	3.260097
4041	3145	2.202171
113	3146	2.000088
163	3146	-13.078823
170	3146	-2.373125
222	3146	2.609447
238	3146	12.716967
304	3146	-2.135004
336	3146	2.828751
370	3146	1.247485
541	3146	-1.890810
629	3146	-12.898104
831	3146	12.465035
1039	3146	-2.087938
1101	3146	-8.635657
1144	3146	9.840084
1360	3146	2.722808
1425	3146	8.802254
1713	3146	-3.043734
1723	3146	6.153909
1727	3146	0.712134
1731	3146	-2.204737
1747	3146	-13.696504
1804	3146	-1.545382
1842	3146	6.190933
1942	3146	-7.004991
1976	3146	4.282371
2212	3146	4.770077
2336	3146	-2.382145
2413	3146	-12.847781
2683	3146	2.610942
2846	3146	-16.495524
2930	3146	-2.406382
3146	3146	-1.794003
3207	3146	-0.845102
3229	3146	0.209535
3360	3146	6.336515
3430	3146	-0.163243
3441	3146	3.112628
3578	3146	-13.099194
3727	3146	3.131284
3795	3146	2.612171
3835	3146	-6.429312
3842	3146	9.448199
3889	3146	19.098798
3904	3146	3.870282
4014	3146	-2.151506
4021	3146	6.400113
134	3148	-5.802640
448	3148	-5.735341
515	3148	10.253906
615	3148	-12.094505
737	3148	2.102077
1485	3148	-7.387817
2129	3148	-18.150311
2843	3148	17.564362
3044	3148	-0.171772
3651	3148	20.115557
1637	3149	-6.196623
1981	3150	-5.837922
2738	3150	10.010968
2155	3151	0.159567
2341	3152	-9.520124
2355	3152	-7.834510
288	3153	-15.490169
572	3153	-3.951213
893	3153	4.251543
1504	3153	-5.660375
1535	3153	17.972935
1787	3153	11.369271
2010	3153	-11.172994
2050	3153	10.192657
2745	3153	6.317161
394	3155	-8.330206
895	3155	-11.119174
1328	3155	3.653020
3437	3155	-0.461604
3565	3155	8.288258
4011	3155	-8.236903
976	3157	7.421384
1120	3157	-14.044998
1646	3157	16.974106
1955	3157	0.415429
2379	3157	10.542391
2604	3157	-2.015847
2665	3157	-1.231080
14	3158	-4.053852
97	3158	-14.901256
113	3158	10.948476
163	3158	-1.764919
187	3158	-1.485577
228	3158	-6.605162
384	3158	3.097841
407	3158	-11.602011
422	3158	12.564879
456	3158	3.013313
472	3158	-4.715336
550	3158	4.652829
589	3158	-0.691743
600	3158	-5.067720
663	3158	-4.659445
744	3158	-20.773438
777	3158	20.316220
978	3158	16.771022
1101	3158	-27.714889
1169	3158	-22.161648
1238	3158	-8.361359
1291	3158	-13.887508
1332	3158	-1.468687
1362	3158	-5.221626
1374	3158	-9.436618
1396	3158	22.969810
1408	3158	-8.264755
1485	3158	-7.721406
1502	3158	-9.892027
1570	3158	-2.671999
1637	3158	-12.366589
1651	3158	13.561249
1679	3158	-18.972732
1726	3158	-7.837708
1756	3158	16.708563
1829	3158	-21.849340
1841	3158	-1.546121
1922	3158	2.331983
1945	3158	5.495507
2060	3158	-33.327995
2066	3158	-0.303425
2122	3158	7.355133
2265	3158	20.930125
2270	3158	10.608792
2277	3158	2.333372
2341	3158	-6.962048
2400	3158	2.991368
2472	3158	9.727610
2490	3158	-22.305277
2505	3158	7.584598
2538	3158	4.899321
2659	3158	-2.577260
2665	3158	21.497671
2729	3158	23.267491
2766	3158	5.528835
2803	3158	15.523970
2816	3158	6.111571
2907	3158	-5.714723
2940	3158	0.040052
2962	3158	-8.311069
2984	3158	-3.910845
2990	3158	10.934493
3032	3158	7.931277
3044	3158	-10.569019
3088	3158	15.719187
3158	3158	-14.462897
3196	3158	-6.192529
3256	3158	5.672772
3485	3158	5.913275
3486	3158	-4.133781
3519	3158	7.032760
3578	3158	6.147731
3593	3158	7.703282
3662	3158	-10.714439
3827	3158	-2.990649
3904	3158	10.389924
3915	3158	12.236593
4032	3158	18.025250
4083	3158	-5.138338
343	3159	-0.594538
1067	3159	0.096493
3740	3159	-8.537843
1374	3160	-20.479965
2432	3160	-2.694445
424	3162	-21.544738
560	3162	0.934877
3770	3162	7.231629
3847	3162	10.242607
3853	3162	-6.108996
456	3165	5.599679
1710	3165	-8.636584
3915	3165	-1.495045
1146	3166	-8.805284
1884	3166	-5.917308
1080	3171	-9.442853
1360	3171	7.491324
2060	3171	9.399542
2178	3171	0.152347
2492	3171	-9.050799
2523	3171	-2.705618
2689	3171	12.169142
2762	3171	21.458429
3036	3171	3.143744
3158	3171	4.511941
3196	3171	4.040112
3447	3171	-2.692576
3525	3171	-9.404782
3526	3171	5.708403
3965	3171	-1.553594
1500	3172	-0.174197
1551	3172	19.172119
1787	3172	-14.324018
2464	3172	-5.687114
2489	3172	-8.396251
91	3173	0.685397
163	3173	26.964937
170	3173	7.633094
237	3173	9.382805
243	3173	-7.266440
342	3173	0.309630
452	3173	-10.675620
456	3173	6.739683
550	3173	-1.879414
572	3173	-9.141023
623	3173	9.787496
737	3173	-5.902209
745	3173	3.198871
978	3173	-7.329151
999	3173	-3.505309
1051	3173	1.249754
1078	3173	6.514148
1101	3173	-10.676667
1148	3173	22.175106
1169	3173	34.127553
1437	3173	-6.345266
1485	3173	-4.059149
1565	3173	5.804580
1841	3173	-6.645157
1992	3173	11.358863
2062	3173	6.801009
2172	3173	22.393714
2341	3173	-2.528028
2393	3173	20.311510
2558	3173	-6.381975
2561	3173	-11.917927
2636	3173	-10.014607
2665	3173	-8.313312
3018	3173	25.628898
3057	3173	-20.677092
3145	3173	22.211418
3146	3173	-3.708684
3194	3173	-0.668553
3645	3173	-1.461802
3770	3173	-17.906449
3847	3173	-10.256316
3945	3173	10.020391
424	3174	4.916451
1489	3174	-15.664065
25	3175	2.807979
243	3175	-7.334635
417	3175	4.785347
601	3175	1.540224
917	3175	1.469004
1414	3175	0.256191
1513	3175	4.137138
1570	3175	-1.871696
1723	3175	-3.716003
1842	3175	9.524143
2857	3175	-10.476552
2932	3175	9.159593
3235	3175	21.623408
3380	3175	-14.760915
3734	3175	22.485880
4004	3175	-13.839771
2670	3176	0.967420
141	3178	-6.224994
521	3178	10.792962
1011	3178	-9.775742
1720	3178	-19.042391
2766	3178	10.205283
2806	3178	-1.429577
3904	3178	2.029756
456	3180	-17.171751
1158	3180	-10.126855
1810	3180	-3.977273
2960	3180	17.424936
3022	3180	-1.989320
187	3182	-6.105932
519	3182	-1.246158
1485	3182	-11.589560
1502	3182	-24.843534
1537	3182	-15.119287
1955	3182	4.082466
2174	3182	-3.818281
2178	3182	-13.773284
2737	3182	11.652795
3441	3182	-11.511240
3530	3182	0.833298
3622	3182	16.294652
3847	3182	7.002417
3890	3182	-1.821910
3969	3182	-2.211723
456	3183	2.998959
707	3183	-11.629356
2129	3183	-1.272605
2386	3183	3.676011
3847	3183	0.433790
1929	3184	-13.610743
2432	3184	13.409314
2984	3184	4.496133
3185	3184	-3.672164
171	3185	0.606838
209	3185	-14.965573
762	3185	-0.741783
933	3185	-6.075777
987	3185	8.936424
1582	3185	17.282086
1787	3185	9.460272
1821	3185	-7.538255
2043	3185	6.052715
2084	3185	-8.405176
2886	3185	3.287651
3519	3185	-9.041267
4021	3185	-1.610654
3774	3187	-5.250092
304	3189	-8.006128
663	3189	-3.841920
664	3189	2.414226
1179	3189	-5.221014
2505	3189	-14.203689
2762	3189	1.688466
2793	3189	-22.015130
3712	3189	4.777667
3889	3189	12.992983
3945	3189	-8.377869
2134	3190	4.154368
3430	3190	-15.835877
97	3191	10.919153
2412	3191	9.213733
3173	3191	0.566127
764	3192	9.555195
935	3192	4.717748
3183	3192	-9.828476
3815	3193	-13.631275
95	3194	-9.532743
97	3194	-21.274103
110	3194	14.874852
148	3194	-10.854473
187	3194	1.936450
372	3194	3.530122
711	3194	2.000358
852	3194	-18.405967
864	3194	-12.536393
889	3194	17.965908
1155	3194	-2.919648
1304	3194	-9.574287
1408	3194	7.631262
1535	3194	15.429563
1589	3194	-2.833865
1823	3194	5.371338
1897	3194	2.655554
1953	3194	0.461155
1955	3194	10.044937
1976	3194	8.846408
2093	3194	-10.471792
2492	3194	-4.442698
2496	3194	-3.175903
2538	3194	4.351677
2766	3194	18.160411
3194	3194	6.765965
3229	3194	-3.381326
3240	3194	-4.649779
3502	3194	5.950080
3596	3194	-8.708005
3788	3194	-8.053035
3945	3194	-2.312706
4068	3194	-1.171770
4071	3194	-3.764742
4086	3194	2.458153
97	3195	11.787165
328	3195	5.812141
394	3195	1.199736
471	3195	-3.472428
1101	3195	3.896942
1829	3195	-9.247466
2056	3195	0.264491
2490	3195	4.503662
3367	3195	-10.113165
3525	3195	16.647324
3689	3195	-2.389870
3804	3195	-12.621115
3909	3195	-6.310988
4016	3195	-11.144675
14	3196	-4.344042
209	3196	15.545111
1080	3196	1.291665
1468	3196	-18.140025
1511	3196	2.435284
1655	3196	10.548773
2727	3196	-3.493865
3196	3196	4.743089
3343	3196	-15.691184
3349	3196	2.669000
3670	3196	-1.557478
3769	3196	-7.534538
394	3197	9.175446
1136	3197	11.837178
1169	3197	-2.996750
4085	3197	16.507664
3411	3201	3.165280
3813	3201	15.498148
2720	3202	-9.214009
1543	3203	-6.421979
2059	3203	3.763994
4	3204	-5.442692
73	3204	3.286281
392	3204	-16.328521
457	3204	0.230652
580	3204	9.792182
736	3204	6.141100
756	3204	-4.301906
774	3204	-27.194043
1039	3204	-14.956733
1386	3204	17.991820
1429	3204	4.785874
1865	3204	15.656628
1979	3204	-17.533972
2129	3204	-11.331090
2691	3204	-9.066623
3229	3204	3.395374
3578	3204	2.284775
3693	3204	7.427934
3825	3205	-0.190998
3019	3206	8.369499
1362	3207	-8.350950
2027	3207	-25.338584
2277	3207	8.720929
2376	3207	-10.792025
2753	3207	-10.239912
2782	3207	3.496870
3153	3207	-10.555184
3529	3207	-8.251652
3910	3207	13.798059
407	3208	16.201068
2181	3208	5.454196
2232	3208	-3.328013
2571	3208	3.751917
2665	3208	-0.458050
3930	3208	0.333165
3942	3208	-0.359409
84	3211	-8.226561
4	3213	3.188775
187	3213	-24.611016
341	3213	-1.769686
737	3213	7.531166
810	3213	-4.419755
959	3213	8.929888
1157	3213	-9.642021
1429	3213	-0.052597
2480	3213	2.351485
2216	3214	-10.714154
2960	3214	3.295666
615	3215	-7.426580
1308	3215	-4.092954
2305	3215	-6.265910
1310	3217	-0.383926
1915	3217	-0.686770
1983	3217	-0.647423
4041	3217	-17.649856
33	3218	-10.022190
1462	3218	13.073803
2885	3218	4.071428
419	3219	0.809126
1981	3219	-15.418408
113	3220	5.651085
1117	3220	-0.513404
1848	3220	0.456091
3006	3220	-11.728161
3945	3221	-9.224029
615	3222	27.041957
1169	3222	-10.639274
2541	3222	-22.115835
2798	3222	-6.258962
3306	3222	-2.082458
3734	3222	6.722722
3928	3222	5.962934
115	3223	-5.242155
541	3223	15.203220
621	3223	-9.516671
744	3223	7.443962
977	3223	4.368300
1075	3223	2.004094
1791	3223	-4.911921
1847	3223	3.408721
1851	3223	-17.234899
1976	3223	-1.047256
2214	3223	-5.490699
2221	3223	-1.060515
2393	3223	-0.567291
2531	3223	-7.565871
3770	3223	-6.565565
3847	3223	5.774946
3865	3223	4.858323
3945	3223	-10.256848
1502	3224	-2.428459
736	3225	-10.401773
1094	3225	-10.180566
1708	3225	7.520337
2550	3225	-22.639028
3236	3225	0.876338
2931	3226	-3.843979
3145	3226	0.595799
3796	3226	-3.461368
84	3227	-1.694968
146	3227	5.442509
1047	3227	-17.681323
2182	3227	7.092616
2241	3227	-9.052346
2911	3227	-21.328764
3441	3227	-7.781004
3733	3227	33.437102
3793	3227	-3.332176
3802	3227	-7.803563
1100	3228	14.261741
25	3229	3.157622
51	3229	-5.625624
73	3229	-1.723050
97	3229	4.236940
113	3229	3.940044
114	3229	8.040482
151	3229	-0.241156
170	3229	11.917613
187	3229	-32.351444
214	3229	-5.356333
238	3229	-13.793003
243	3229	9.118982
330	3229	-21.105739
344	3229	-19.659973
394	3229	5.054060
407	3229	-8.401991
439	3229	-12.143992
456	3229	-23.994793
550	3229	11.965038
572	3229	-12.257949
589	3229	-10.459965
615	3229	7.455165
623	3229	8.156928
663	3229	3.679608
711	3229	10.794450
715	3229	15.150579
737	3229	17.305635
746	3229	11.374798
757	3229	8.478105
781	3229	6.572894
852	3229	-8.257560
862	3229	-16.576816
864	3229	-7.791871
873	3229	8.046609
875	3229	-7.542538
893	3229	-18.146877
895	3229	22.558427
934	3229	2.340570
949	3229	-2.060261
976	3229	-4.899692
977	3229	-4.670736
1015	3229	4.943969
1051	3229	3.000390
1070	3229	-10.566474
1075	3229	9.752151
1101	3229	13.066477
1144	3229	-10.313342
1185	3229	10.912319
1216	3229	7.658496
1238	3229	5.666395
1287	3229	3.497390
1290	3229	-15.527652
1328	3229	-20.928482
1360	3229	7.299422
1374	3229	22.533620
1396	3229	-3.110846
1428	3229	3.577791
1429	3229	-10.856066
1458	3229	-9.094292
1485	3229	-32.607480
1522	3229	-3.668590
1537	3229	-21.136559
1646	3229	4.252186
1679	3229	-11.590714
1682	3229	-11.874431
1710	3229	7.085116
1723	3229	-10.232642
1733	3229	21.222108
1747	3229	10.950253
1810	3229	15.007920
1811	3229	5.985445
1812	3229	7.060775
1829	3229	-1.160297
1865	3229	0.002856
1878	3229	1.067010
1883	3229	-2.824214
1891	3229	-13.066657
1898	3229	3.317858
1914	3229	0.731735
1945	3229	-7.353455
1948	3229	-17.726745
1952	3229	6.198598
1955	3229	-15.859173
1970	3229	0.220979
1976	3229	-2.467150
1990	3229	-7.575341
1996	3229	-10.146077
2010	3229	-9.450977
2028	3229	-16.810126
2060	3229	12.634693
2066	3229	-16.758946
2089	3229	3.437700
2109	3229	4.908698
2128	3229	-8.833124
2129	3229	-27.372506
2183	3229	4.502661
2216	3229	4.426536
2226	3229	15.853900
2247	3229	8.017281
2270	3229	-8.546409
2287	3229	-8.587287
2302	3229	-8.609111
2332	3229	32.697501
2341	3229	-8.775250
2377	3229	-9.905287
2384	3229	-12.106779
2393	3229	-5.909852
2472	3229	-16.349389
2490	3229	6.368775
2492	3229	-32.799719
2503	3229	2.633324
2505	3229	1.415191
2538	3229	4.399036
2541	3229	6.146653
2561	3229	-14.054536
2624	3229	17.180682
2629	3229	-2.598729
2665	3229	18.980790
2667	3229	-6.383044
2691	3229	13.726710
2713	3229	6.794970
2764	3229	-17.387355
2766	3229	-0.247618
2782	3229	1.269177
2816	3229	-3.809719
2826	3229	-0.412023
2838	3229	12.747224
2842	3229	-3.736768
2843	3229	19.329206
2846	3229	3.105117
2869	3229	8.669266
2882	3229	-25.434188
2911	3229	-2.966126
2943	3229	-9.820295
2962	3229	9.531724
2976	3229	-6.221078
2978	3229	10.693396
2981	3229	10.360705
3019	3229	-9.000850
3032	3229	4.893218
3039	3229	-7.306397
3146	3229	1.915250
3148	3229	-4.446758
3173	3229	10.331517
3194	3229	-6.571651
3229	3229	-23.477177
3242	3229	8.797361
3256	3229	-17.399578
3310	3229	-7.110971
3430	3229	3.526639
3441	3229	1.584072
3510	3229	15.594537
3519	3229	-6.042858
3527	3229	-3.123109
3578	3229	5.384014
3620	3229	5.215031
3622	3229	17.535475
3633	3229	8.668301
3645	3229	-4.842339
3688	3229	-10.030283
3734	3229	-1.072001
3738	3229	-6.298304
3740	3229	-19.015368
3769	3229	8.548630
3793	3229	3.922370
3840	3229	16.491329
3842	3229	-1.222448
3904	3229	-2.230676
3942	3229	3.427407
3945	3229	9.799795
3973	3229	20.255537
4028	3229	-1.534238
4052	3229	5.650946
4062	3229	-2.038109
4067	3229	-3.265954
4073	3229	3.098049
4076	3229	-11.222434
4086	3229	-17.377568
3349	3230	-7.528218
3919	3230	11.921310
1352	3231	3.220333
1097	3232	-1.572831
1455	3232	12.137010
1976	3232	11.819849
962	3233	2.611126
681	3234	5.277382
1039	3234	-16.629355
2816	3234	-3.025777
80	3235	-16.334311
113	3235	-2.673849
541	3235	3.615736
769	3235	18.469356
1078	3235	21.402182
1164	3235	-10.572899
1813	3235	-6.512175
1867	3235	-4.299657
2066	3235	14.332764
2505	3235	2.797590
3744	3235	-16.066750
619	3236	-5.555666
1046	3236	1.106800
1169	3236	-6.201912
1967	3236	10.010143
2117	3236	-13.646103
3119	3236	-3.020038
1101	3237	-6.016926
1160	3237	2.445122
2036	3237	-5.531526
2436	3237	13.794355
2490	3237	-3.366977
3172	3237	19.626969
3355	3237	4.985287
3485	3237	3.977803
3793	3237	11.188150
463	3239	14.870666
4	3240	-14.067922
73	3240	-8.761936
113	3240	6.100922
200	3240	-8.675210
209	3240	8.145203
212	3240	2.818247
243	3240	15.986479
452	3240	21.430408
456	3240	-2.905193
500	3240	0.780078
550	3240	-6.017594
615	3240	-12.132281
893	3240	1.112681
926	3240	-4.627066
1001	3240	6.674790
1092	3240	-9.471635
1101	3240	0.548008
1120	3240	9.418780
1160	3240	5.931960
1386	3240	-0.576590
1428	3240	-9.135200
1538	3240	20.810508
1594	3240	-0.478464
1646	3240	9.818515
1741	3240	11.080382
2183	3240	-10.489196
2332	3240	-9.551304
2436	3240	3.110561
2617	3240	-0.929576
2685	3240	23.309644
2733	3240	-13.841719
2901	3240	-28.473731
3032	3240	14.422146
3080	3240	-12.174193
3103	3240	3.308283
3162	3240	-0.117068
3229	3240	-2.752499
3240	3240	-1.672911
3619	3240	12.611451
3719	3240	4.998257
3734	3240	8.485784
3769	3240	-4.928915
3793	3240	-13.704111
3795	3240	-5.770830
3904	3240	-2.611016
73	3241	-1.883326
97	3241	-9.731829
101	3241	3.760059
151	3241	-5.914409
241	3241	3.510552
330	3241	-2.011810
456	3241	4.035925
619	3241	4.762411
633	3241	-6.739349
736	3241	9.127657
977	3241	-12.131521
1101	3241	4.488574
1238	3241	4.055213
1280	3241	3.360068
1332	3241	19.064844
1375	3241	-12.495161
1431	3241	-21.235219
1511	3241	9.240980
1516	3241	0.938969
1747	3241	5.655676
1791	3241	-11.785088
1955	3241	-25.631991
2028	3241	-19.545508
2062	3241	4.218946
2066	3241	3.786802
2505	3241	-5.848553
2535	3241	-5.625465
2665	3241	-12.259311
2846	3241	4.109944
3007	3241	-12.926045
3229	3241	17.931332
3344	3241	9.958944
3350	3241	0.461923
3464	3241	-9.045143
3529	3241	16.613727
3596	3241	10.511859
3644	3241	17.425701
3688	3241	-5.460186
3709	3241	6.720130
3727	3241	-0.572995
3802	3241	-2.399902
3881	3241	-3.869903
3904	3241	0.918136
612	3242	-3.826481
1492	3242	-3.118120
2665	3242	16.701628
2949	3242	2.699544
3481	3242	-1.465860
3622	3242	1.517373
1953	3244	0.755188
1679	3245	14.037307
3511	3245	3.396130
820	3246	0.426680
1328	3246	-6.693410
2066	3246	-3.903828
3935	3246	2.301208
4049	3246	4.368111
497	3249	-15.166913
3551	3249	4.360340
4	3250	-2.393303
151	3250	7.360469
279	3250	9.868428
777	3250	5.737570
828	3250	1.228051
862	3250	7.555966
1213	3250	5.941228
1655	3250	0.918824
1947	3250	-4.065879
1953	3250	-1.186839
2783	3250	1.251721
3250	3250	15.611736
3423	3250	11.076691
3567	3250	-12.334157
3719	3250	0.700903
3811	3250	3.333030
4025	3250	-1.528089
2490	3251	4.911802
369	3252	1.469618
517	3253	6.444024
113	3256	-0.021154
115	3256	-16.126504
171	3256	0.600117
214	3256	-5.590323
264	3256	-9.900893
365	3256	8.154091
479	3256	-20.749380
514	3256	-7.968741
550	3256	6.216857
586	3256	9.912366
647	3256	11.401344
681	3256	-8.888359
698	3256	-0.705436
737	3256	16.995529
762	3256	-13.054969
847	3256	4.244940
862	3256	12.377172
866	3256	16.341906
895	3256	4.738070
978	3256	-7.430180
1077	3256	-5.909979
1101	3256	24.657194
1148	3256	14.414859
1155	3256	-5.382664
1216	3256	5.132407
1259	3256	1.653204
1310	3256	10.920446
1347	3256	-12.861848
1396	3256	10.232248
1431	3256	-19.874519
1485	3256	11.776312
1502	3256	-11.468826
1504	3256	-3.159934
1589	3256	-13.167792
1594	3256	12.889451
1608	3256	14.197019
1646	3256	-16.894043
1710	3256	-3.629380
1854	3256	-9.087971
1944	3256	-2.472413
1981	3256	13.925093
2066	3256	-6.249218
2105	3256	-0.998832
2441	3256	7.565110
2468	3256	2.955350
2594	3256	-12.359042
2647	3256	4.832245
2665	3256	-7.560449
2687	3256	1.119494
2755	3256	17.618658
2782	3256	2.651277
2826	3256	-18.769002
2842	3256	-6.554241
2905	3256	18.900177
2910	3256	10.690895
2911	3256	-10.980994
2921	3256	5.898242
3080	3256	-1.151358
3158	3256	-3.733531
3173	3256	6.863835
3194	3256	8.161421
3229	3256	17.096599
3256	3256	-19.746806
3310	3256	-0.365235
3449	3256	-1.243752
3519	3256	9.037811
3614	3256	-2.722358
3688	3256	0.972908
3740	3256	-17.141889
3742	3256	10.454186
3802	3256	-33.417958
3904	3256	-8.581482
3922	3256	4.554293
3945	3256	9.859717
3962	3256	4.999135
3977	3256	9.629065
2198	3257	-0.234492
3928	3257	2.752501
2904	3258	-1.510572
3981	3258	-2.085063
21	3259	-1.620695
545	3259	-8.310653
623	3259	5.200445
843	3259	-16.574576
895	3259	5.112400
1328	3259	12.090126
2182	3259	13.503181
2464	3259	10.819782
2618	3259	6.171335
2662	3259	-11.294120
2724	3259	8.278581
2782	3259	-4.067353
2846	3259	-0.789530
2922	3259	14.319620
2938	3259	4.763317
3614	3259	9.782794
3688	3259	0.881725
3734	3259	3.272924
4	3261	-0.168632
113	3261	-6.592764
430	3261	-5.819022
473	3261	9.854693
600	3261	5.309568
783	3261	7.485480
1033	3261	2.751046
1039	3261	-2.868158
1259	3261	-2.294282
1386	3261	-2.141242
1428	3261	7.466816
1429	3261	9.949469
1557	3261	7.112279
1763	3261	-4.082644
1810	3261	2.186476
2024	3261	-16.558361
2221	3261	-9.781498
3240	3261	-4.862024
2685	3262	-5.467270
226	3263	6.864426
3725	3263	5.188005
1502	3264	-10.401711
1832	3264	-13.143864
3264	3264	0.006995
4022	3264	-0.214495
852	3265	-13.892037
1451	3265	-2.092641
3605	3267	2.438147
2531	3269	-4.541931
1227	3271	2.909540
1635	3271	-1.377220
3476	3271	-11.018063
551	3273	19.127158
663	3273	10.856833
815	3273	14.946804
976	3273	-8.749405
2229	3273	4.363993
2436	3273	-0.415404
2540	3273	0.548262
2551	3273	11.173194
2724	3273	-0.565715
2749	3273	5.621952
3011	3273	-2.706863
3057	3273	-16.658235
80	3274	-3.265112
113	3274	7.886734
214	3274	-3.800213
369	3274	-7.238534
454	3274	7.445878
615	3274	-0.598315
737	3274	-4.362505
849	3274	-2.598212
989	3274	-3.520804
1101	3274	26.410387
1186	3274	-1.409860
1312	3274	-7.350126
1462	3274	5.565035
1667	3274	2.103081
1679	3274	-2.200011
1682	3274	9.717825
1812	3274	-5.133957
1873	3274	-12.944195
2066	3274	2.486011
2168	3274	1.183047
2218	3274	-32.191196
2354	3274	-6.456162
2541	3274	-6.767777
2754	3274	-4.744742
2804	3274	-4.691390
2907	3274	11.556451
2983	3274	3.175503
3052	3274	2.023669
3256	3274	5.186003
3441	3274	-26.320444
3639	3274	-3.290435
3804	3274	-14.043021
3922	3274	-1.268277
113	3275	-7.715851
238	3275	9.511759
407	3275	1.302043
456	3275	-17.430900
521	3275	-6.188310
545	3275	-8.867491
1019	3275	-15.581687
2066	3275	7.628353
2401	3275	18.882093
2545	3275	2.408842
2665	3275	0.510483
2940	3275	6.411291
3638	3275	-11.834537
3842	3275	9.634812
3976	3275	-0.564474
1651	3276	11.228112
2685	3276	4.313733
1555	3277	-20.847054
1842	3277	-1.079525
4007	3277	-10.816579
1143	3278	12.120607
2846	3280	4.933203
813	3281	22.458372
895	3281	30.382184
1719	3281	-1.288773
1958	3281	1.155272
2366	3281	1.462422
2460	3281	11.494134
2845	3281	0.002004
3148	3281	-5.536671
113	3283	-3.458754
617	3283	0.777085
1761	3283	-3.067324
391	3284	-10.888791
1855	3284	-7.696719
2987	3284	19.488193
3485	3284	14.727212
449	3285	-3.209114
2060	3285	-0.511968
2755	3285	12.522675
941	3286	-2.408852
1537	3286	-0.059169
1671	3286	-3.926991
1955	3286	9.603410
2938	3286	-10.854656
744	3287	21.484765
906	3287	8.679154
2075	3287	-4.283427
1321	3288	-7.430223
2370	3288	-8.981742
2845	3288	0.657735
3802	3288	-8.361254
507	3289	-8.690012
1101	3289	-12.881872
1802	3290	-2.576479
155	3291	-0.686815
2056	3291	2.948927
3426	3291	14.862196
3962	3291	6.383582
475	3292	12.647364
1429	3292	2.921483
178	3293	-1.316909
500	3293	9.832898
589	3293	17.349823
615	3293	12.017970
724	3293	-7.838500
762	3293	4.163547
895	3293	17.557867
1603	3293	15.826050
1679	3293	-1.019483
1706	3293	-1.761162
1812	3293	-2.134588
2181	3293	22.440182
2703	3293	-8.436276
3293	3293	-7.399125
3485	3293	-9.918168
3517	3293	9.212463
3847	3293	-7.227236
4000	3293	-14.141634
243	3295	4.036935
528	3295	-5.121128
822	3295	-8.587404
1303	3295	-3.020801
2341	3295	-5.592473
875	3296	-0.175027
1204	3296	-9.884161
1230	3296	-11.422049
2182	3296	-7.498664
3525	3296	15.814131
3529	3296	4.932871
622	3297	20.767103
687	3297	-2.070066
19	3298	6.946465
757	3298	0.001286
823	3298	14.756887
3056	3299	3.393430
369	3301	6.977171
921	3301	-7.539538
987	3301	-8.520671
1238	3301	-3.264299
1657	3301	3.045505
1767	3301	11.858555
1970	3301	13.011468
2051	3301	1.213402
2214	3301	10.813675
2490	3301	-1.533472
2766	3301	2.806479
2925	3301	-14.272216
3589	3301	14.650220
3977	3301	6.011740
1675	3302	4.515319
2892	3302	12.836673
2966	3302	17.493708
30	3303	3.057777
165	3303	-9.201811
775	3303	1.829187
1435	3304	-4.039903
1953	3304	-4.300881
1291	3306	-1.300315
3867	3306	10.018889
2766	3308	27.073252
3039	3308	-2.966565
23	3309	19.830885
407	3309	-1.411640
710	3309	-18.123252
736	3309	-11.672768
1160	3309	3.382255
1198	3309	-3.155537
2665	3309	-5.771573
3359	3309	-22.304538
3449	3309	-0.108848
13	3310	12.014322
73	3310	-17.970015
80	3310	-1.063552
163	3310	-12.267422
369	3310	10.633225
384	3310	-6.465526
395	3310	-5.257302
439	3310	7.628434
456	3310	10.164218
471	3310	11.473542
493	3310	0.818748
501	3310	-9.454453
508	3310	0.289589
545	3310	1.060310
617	3310	-3.153897
667	3310	-4.178240
823	3310	-3.454831
894	3310	-8.017487
895	3310	-13.087967
976	3310	21.314139
978	3310	-5.120404
994	3310	28.338321
1005	3310	2.565704
1033	3310	3.402607
1092	3310	8.866016
1097	3310	-4.919961
1144	3310	-2.229991
1179	3310	-6.312200
1293	3310	-5.491552
1396	3310	-7.821549
1543	3310	24.166091
1570	3310	4.882129
1663	3310	-9.567764
1733	3310	-4.025105
1802	3310	4.875666
1847	3310	3.091456
1958	3310	-7.951957
2062	3310	7.630299
2066	3310	-4.794200
2089	3310	13.519971
2226	3310	10.645577
2267	3310	4.686759
2270	3310	-3.182755
2272	3310	0.674972
2278	3310	-8.719685
2295	3310	6.114944
2341	3310	-1.238725
2393	3310	-19.227307
2412	3310	14.277696
2436	3310	-1.603092
2468	3310	-3.258601
2492	3310	18.534781
2505	3310	0.865838
2518	3310	-4.058625
2532	3310	2.625965
2538	3310	9.324413
2547	3310	11.873493
2599	3310	-2.427286
2653	3310	-6.348863
2683	3310	-8.124471
2729	3310	-13.810819
2846	3310	-5.771978
2973	3310	-10.279941
2981	3310	-1.148148
2998	3310	-6.984953
3019	3310	-0.682982
3039	3310	-0.042484
3108	3310	7.880121
3158	3310	-4.512795
3197	3310	1.107787
3222	3310	11.280697
3310	3310	-3.155873
3460	3310	-15.951938
3476	3310	1.055228
3488	3310	-17.359931
3586	3310	-5.283442
3622	3310	16.558527
3645	3310	-0.526350
3662	3310	-8.551827
3684	3310	8.222939
3719	3310	-18.127590
3842	3310	8.758420
3904	3310	-12.110232
3945	3310	-8.541030
4021	3310	-1.217279
4051	3310	12.046149
1518	3311	-1.071354
2953	3311	-0.354232
61	3312	-12.960414
141	3312	-0.971074
368	3312	0.854001
843	3312	12.649752
1226	3312	17.131885
1979	3312	-16.636065
572	3313	-8.918765
764	3313	2.807747
2417	3313	-11.675627
2586	3313	-1.963482
3207	3313	-4.094340
895	3314	5.351868
928	3314	3.849682
1089	3314	-8.051673
1238	3314	-5.755886
1368	3314	-0.483498
1374	3314	-14.574750
1604	3314	-6.521916
2062	3314	-2.116565
2216	3314	-18.197573
2950	3314	8.413398
3217	3314	5.541593
3352	3314	-7.672705
3477	3314	-4.051593
3519	3314	-0.521399
3904	3314	-4.916226
1719	3315	-5.871864
933	3316	-4.499125
1435	3316	-5.222686
134	3317	-11.114812
312	3317	11.911764
456	3317	8.281145
572	3317	-14.429535
1079	3317	4.085517
1216	3317	16.454622
1667	3317	-8.467117
1906	3317	17.499553
1916	3317	0.689481
2101	3317	-22.205623
2551	3317	1.362620
2571	3317	-6.520741
2665	3317	-17.933462
3317	3317	-2.679255
3648	3317	-4.520552
3748	3317	13.853927
4083	3317	1.771734
170	3325	-14.075694
407	3325	4.004550
448	3325	-22.305793
474	3325	-12.092304
567	3325	2.953763
843	3325	4.663150
894	3325	12.826222
1160	3325	11.160245
1238	3325	-3.195744
1315	3325	1.182582
1522	3325	2.199578
2463	3325	-5.220532
2468	3325	-5.812610
2665	3325	0.499263
3837	3325	5.957763
3381	3326	15.374952
73	3327	6.599395
97	3327	7.140582
407	3327	8.958171
507	3327	-8.896586
664	3327	-4.898771
801	3327	10.699845
822	3327	7.880519
984	3327	-5.999613
1031	3327	2.046305
1610	3327	-4.096135
1646	3327	-6.222416
1894	3327	3.762105
2062	3327	-17.628897
2490	3327	-22.937640
3237	3327	-4.662869
3435	3327	-11.824128
3528	3327	-8.613627
3568	3327	0.746054
3733	3327	-4.256486
37	3329	-11.551311
109	3329	16.034640
133	3329	-0.146361
187	3329	15.923697
2930	3329	3.605552
113	3330	9.518673
163	3330	17.319299
1308	3330	2.224174
2495	3330	-8.997025
3032	3330	6.767127
3146	3330	21.346228
4029	3330	-5.489194
176	3332	5.626620
1216	3332	-31.368631
1688	3332	-10.040789
3486	3332	10.847142
3565	3332	-1.867086
97	3333	3.285667
171	3333	10.676063
541	3333	12.676896
736	3333	-14.806557
737	3333	23.970187
852	3333	0.025567
976	3333	-11.718823
1092	3333	6.530399
1131	3333	10.093151
1179	3333	10.446007
1538	3333	4.040884
1540	3333	2.079740
1581	3333	-8.011139
1809	3333	-2.617703
1810	3333	8.050246
1851	3333	4.578827
1931	3333	-7.321778
1955	3333	-14.945887
2066	3333	-7.196726
2192	3333	12.780841
2302	3333	-12.088593
2393	3333	11.035566
2436	3333	-22.539563
2756	3333	11.019546
3018	3333	2.329492
3218	3333	-1.821241
3274	3333	-12.399727
3441	3333	3.965266
3476	3333	-7.337409
3485	3333	-9.567018
3701	3333	14.304534
3823	3333	-3.158859
323	3335	-2.834205
1821	3335	21.977565
2249	3335	2.172103
3229	3335	-26.442219
3578	3335	-13.888604
3747	3335	-3.840242
1332	3337	-5.915245
1682	3337	12.091008
2523	3338	14.827310
3263	3338	4.321840
1295	3341	-10.063245
3058	3341	-14.019389
93	3342	-3.211732
352	3342	-7.799760
365	3342	1.135520
545	3342	13.407708
976	3342	-14.329290
1101	3342	-2.995144
2181	3342	-11.024309
3159	3342	-6.455359
3441	3342	-27.860827
3653	3342	14.585241
3677	3342	2.260968
3680	3342	-1.036206
3756	3342	-14.405294
3919	3342	-2.494864
370	3343	0.903649
382	3343	-4.516518
532	3343	5.832834
737	3343	5.727981
757	3343	-3.737571
873	3343	11.146112
926	3343	0.181675
935	3343	-4.670608
1033	3343	2.095502
1101	3343	-5.944043
1655	3343	2.269032
1775	3343	26.099470
1808	3343	3.230832
1945	3343	-7.215312
1955	3343	-3.398118
1976	3343	1.066993
2062	3343	-1.556882
2490	3343	7.747433
2766	3343	18.492255
2782	3343	-11.486618
2803	3343	30.037781
3129	3343	20.063181
3146	3343	7.149551
3158	3343	-11.781990
3273	3343	6.716619
3276	3343	0.077095
3283	3343	6.235120
3343	3343	5.671095
3517	3343	-9.357384
3529	3343	11.581732
3539	3343	-20.862702
3567	3343	-12.995881
3570	3343	6.501690
3684	3343	6.949836
3853	3343	-7.195619
3945	3343	-6.592771
3983	3343	11.123138
589	3344	-0.986527
629	3344	7.922947
674	3344	-12.802243
688	3344	-0.694984
724	3344	-10.724636
1031	3344	-11.537048
1250	3344	5.722633
1396	3344	-5.445575
1741	3344	-9.694519
3375	3344	5.056462
3973	3344	6.929536
219	3345	3.801439
456	3345	9.516124
736	3345	7.975339
895	3345	-4.142695
1332	3345	12.442811
1816	3345	1.297610
1925	3345	1.673382
2066	3345	18.137051
2535	3345	4.542565
2950	3345	14.908567
3257	3345	-6.312973
3626	3345	2.576077
3881	3345	-2.637089
13	3346	-7.017270
1274	3346	-2.169581
387	3347	12.325482
2691	3348	-11.575850
2066	3349	4.664223
2089	3349	-4.494140
2384	3349	-4.363230
2999	3349	-1.122580
187	3350	-4.157792
430	3350	8.727943
623	3350	-2.540201
942	3350	-0.223590
1485	3350	-23.302348
1828	3350	4.069370
2066	3350	5.883377
2347	3350	9.841500
3380	3350	-3.753815
3546	3350	-4.220850
3585	3350	-7.292877
3634	3350	1.750878
174	3352	7.665913
284	3352	11.095426
407	3352	-4.523823
471	3352	-10.441237
976	3352	-13.805978
1160	3352	-9.987841
1854	3352	-6.660372
2588	3352	19.911942
2987	3352	-6.297952
3229	3352	15.296556
3326	3352	1.383980
3884	3352	-11.240414
4051	3352	4.543013
1238	3353	-9.586383
2214	3353	-0.789762
2229	3353	-10.795099
2315	3353	-7.341878
2492	3353	-10.685487
3192	3353	-7.004336
1	3354	-8.757992
407	3354	-2.548570
3326	3355	-5.049676
3955	3355	6.507830
2922	3356	-0.768829
3795	3356	8.053465
1131	3357	-11.983668
3770	3357	-18.624643
97	3358	-5.387447
508	3358	4.755485
1116	3358	3.918255
1180	3358	0.542435
1396	3358	24.236038
1565	3358	0.698298
1679	3358	7.027269
1791	3358	6.124363
1856	3358	3.413567
2089	3358	3.727256
2214	3358	-1.659433
2419	3358	25.106555
2468	3358	-8.611613
2754	3358	-0.451009
3117	3358	-4.849588
3146	3358	15.356704
3184	3358	3.801555
3630	3358	13.120378
3631	3358	-1.876605
4083	3358	7.652655
83	3360	-1.092956
113	3360	-2.656069
450	3360	-5.442770
485	3360	16.716941
788	3360	-15.605215
982	3360	13.734513
1522	3360	22.891786
2216	3360	-7.626449
3374	3360	-14.754275
3508	3360	0.328246
3534	3360	-6.036275
3567	3360	2.321916
3774	3360	5.588757
3795	3360	-2.360887
3802	3360	2.815782
76	3363	4.162135
3345	3363	-2.949488
382	3365	-2.979359
3171	3365	12.647065
3653	3365	8.078216
13	3366	-1.221335
97	3366	3.964450
163	3366	-11.691092
257	3366	13.224743
452	3366	-5.725298
545	3366	6.247039
1847	3366	1.737456
1936	3366	2.787978
2265	3366	-8.454928
2365	3366	-6.865156
2538	3366	-10.025802
2827	3366	-4.345941
3359	3366	3.101925
3565	3366	12.041553
3605	3366	-6.142775
3738	3366	-11.337196
3959	3366	-15.583106
95	3367	4.246863
1085	3367	-18.652905
1133	3367	-0.965475
1745	3367	11.058956
2531	3367	-1.133149
2816	3367	-1.144574
3223	3367	-14.558153
859	3368	-18.641504
3973	3368	2.638362
171	3370	4.091039
3159	3370	-3.430192
555	3371	-4.751136
2212	3371	14.691155
2213	3371	-6.726318
623	3372	2.194633
1726	3372	-2.677612
1927	3372	16.721718
2547	3372	3.790348
3229	3372	-30.754174
3246	3372	-15.225562
14	3373	2.222451
97	3373	-29.489358
108	3373	-2.177974
553	3373	7.960971
658	3373	2.316998
976	3373	-7.419146
1039	3373	-6.369135
1089	3373	23.541608
1101	3373	-5.002267
1216	3373	-1.763780
1362	3373	16.722945
1374	3373	8.999564
1522	3373	-8.558753
1528	3373	1.903110
1630	3373	0.309964
1646	3373	16.386126
1763	3373	10.727272
1829	3373	-15.065429
1903	3373	-3.082251
1994	3373	15.212352
2105	3373	13.815514
2178	3373	7.575169
2182	3373	9.259568
2586	3373	-6.741623
2607	3373	13.820499
2870	3373	-2.587660
3044	3373	-6.966640
3259	3373	13.752470
3310	3373	4.486774
3317	3373	-25.136462
3568	3373	-1.461675
3570	3373	-17.713175
3673	3373	-1.287518
3696	3373	5.847582
3733	3373	-9.067822
4073	3373	6.608935
73	3374	-8.266405
274	3374	-7.458157
382	3374	4.905524
395	3374	-7.299955
407	3374	-12.577520
433	3374	-4.167705
456	3374	-7.483847
545	3374	0.764062
752	3374	9.441343
774	3374	-4.393033
798	3374	6.265009
977	3374	-6.751868
1047	3374	7.445380
1101	3374	7.434625
1238	3374	6.089691
1328	3374	6.844378
1581	3374	15.993295
1715	3374	1.318912
1756	3374	-1.438548
1867	3374	3.079149
1897	3374	3.742986
1955	3374	4.333052
2028	3374	-8.376932
2066	3374	-2.819377
2078	3374	9.704892
2270	3374	12.790522
2347	3374	4.880744
2512	3374	-6.609443
2616	3374	-7.017821
2633	3374	-7.261190
2665	3374	8.162258
2910	3374	6.322822
3374	3374	18.513140
3507	3374	-5.897936
3519	3374	-0.768814
3542	3374	-9.063664
3622	3374	-4.941378
3689	3374	5.269037
3786	3374	1.326659
3795	3374	-5.900517
3847	3374	0.522645
3945	3374	-0.650461
4027	3374	-18.410689
4071	3374	-7.957366
14	3375	11.240737
2090	3375	-18.436345
2907	3375	2.693075
2962	3375	7.761798
3612	3375	-6.357815
307	3376	10.023412
323	3376	-34.090011
439	3376	28.179944
552	3376	-2.317330
623	3376	7.207938
896	3376	7.739127
1078	3376	-5.684361
1088	3376	-8.543144
1185	3376	-19.286998
1328	3376	-8.673563
1581	3376	-0.964009
1589	3376	3.284403
2436	3376	8.633039
2464	3376	0.968395
2471	3376	-2.466955
2769	3376	-6.129873
2845	3376	-15.755190
3376	3376	-9.532024
3565	3376	-0.230064
3847	3376	8.442283
3985	3376	5.257662
390	3377	-14.668878
2665	3377	-8.890238
3343	3377	-2.555478
619	3378	-9.729237
1723	3378	-6.549624
2672	3378	-6.862867
388	3379	2.659357
1428	3379	10.784698
1540	3379	9.280868
3529	3379	10.993398
3638	3379	-12.783437
3925	3379	8.415422
214	3380	-3.008274
479	3380	-6.789835
541	3380	23.564210
569	3380	-7.314483
819	3380	-17.965999
823	3380	15.173559
976	3380	-3.446899
977	3380	0.396428
1533	3380	-4.359201
1591	3380	9.155397
1622	3380	-1.090001
1942	3380	2.317750
1976	3380	13.769066
2130	3380	2.162883
2419	3380	-7.495280
3623	3380	-13.599167
3657	3380	2.454330
3865	3380	14.801234
3882	3380	13.688152
915	3382	-3.684274
2060	3382	4.068115
2661	3382	7.709359
3769	3382	8.046667
4	3384	-2.640418
1529	3384	-24.455373
4041	3384	7.304031
304	3386	10.496944
1058	3389	3.234801
1842	3389	14.590079
2295	3389	22.385404
2440	3389	2.294152
2532	3389	8.798833
3483	3389	3.206218
3799	3389	-9.840769
2341	3390	-1.410092
238	3391	14.344009
336	3391	6.318034
789	3391	1.843128
19	3392	-6.680908
3709	3395	-18.188514
1955	3398	33.330072
2129	3398	-2.888764
2930	3398	9.572360
3060	3398	11.311497
42	3399	10.544925
2090	3399	-4.608186
3310	3399	6.250396
3816	3400	-3.473568
1226	3402	-1.819014
1421	3402	11.265697
2083	3402	-3.001404
2995	3402	-9.119959
789	3403	-0.823952
911	3403	-20.543247
1590	3403	-10.324663
3343	3403	2.387483
3578	3403	0.591652
16	3404	-2.479618
97	3404	8.120696
163	3404	-14.178492
278	3404	12.440523
307	3404	7.973748
417	3404	-8.681991
780	3404	15.301556
1202	3404	3.097106
1452	3404	-7.817811
1735	3404	0.132497
1922	3404	1.351244
1959	3404	10.945300
2277	3404	2.681219
2295	3404	3.760801
2409	3404	6.343736
2724	3404	-2.631947
3144	3404	-10.466116
3232	3404	-5.273449
3449	3404	-0.404185
219	3405	15.031001
456	3405	-11.179673
480	3405	-0.996102
889	3405	10.274442
1025	3405	8.541330
1503	3405	18.834601
2490	3405	-10.225943
2665	3405	-1.311348
3378	3405	5.450073
3390	3405	-0.863204
406	3406	7.244483
1092	3406	11.310855
2512	3406	3.767877
2665	3406	-2.050322
3798	3406	-5.653409
163	3407	13.996826
1564	3407	7.114433
2696	3407	2.075753
3945	3407	6.079437
1710	3409	-4.204736
125	3410	-12.903746
399	3410	0.783913
1070	3410	-31.042469
1347	3410	-11.142011
2194	3410	9.399147
2284	3410	11.437055
2287	3410	-6.785906
2806	3410	-12.795896
2962	3410	-1.096120
3143	3410	9.102050
3157	3410	12.907346
3329	3410	1.028660
3795	3410	-3.874890
3945	3410	14.519674
4074	3410	-7.743684
852	3411	9.695755
862	3411	0.607122
1023	3411	0.572656
1710	3411	-9.116983
1992	3411	-7.304991
2341	3411	14.199277
2535	3411	3.433811
2551	3411	7.030007
2586	3411	-0.676064
2672	3411	-7.846211
2950	3411	-0.164995
3344	3411	6.256918
3770	3411	-5.794692
3867	3411	-28.646682
531	3412	7.385474
819	3413	-0.928471
153	3414	-4.967926
2919	3414	-7.924492
3403	3414	-6.212548
3607	3414	-4.215534
163	3415	-4.808924
2001	3415	-9.682957
2991	3415	4.329391
3542	3415	12.907000
3626	3415	-0.240146
42	3416	7.349736
384	3416	-8.022524
1075	3416	16.506048
1332	3416	25.704755
1738	3416	1.637969
3241	3416	-9.911008
3669	3417	5.900801
2819	3418	4.925763
1919	3419	-9.729428
2541	3419	1.917109
3343	3419	-3.286694
1756	3421	21.311041
2071	3421	-6.509315
113	3423	12.756151
170	3423	-2.203782
238	3423	2.959508
476	3423	-8.531830
572	3423	1.206687
737	3423	-10.124517
783	3423	8.647740
798	3423	0.679294
852	3423	2.264039
1429	3423	8.593773
1785	3423	-1.184896
1883	3423	4.827043
2490	3423	-4.226265
3996	3423	-10.121003
113	3426	3.997671
209	3426	12.428156
1019	3426	-3.619241
1362	3426	2.787165
1429	3426	5.771512
1644	3426	-2.215301
1979	3426	-6.513170
2089	3426	-21.319272
2270	3426	-4.122348
2538	3426	7.073528
3229	3426	11.175831
3426	3426	1.718193
3430	3426	4.765077
3738	3426	10.654091
3748	3426	-3.682758
3249	3427	9.981289
501	3428	3.239888
769	3428	4.595153
2182	3428	6.875456
80	3430	2.063709
97	3430	-6.927583
379	3430	7.859345
798	3430	23.018160
895	3430	-5.711172
963	3430	8.469273
1101	3430	3.550928
1142	3430	-4.734245
1179	3430	0.693553
1180	3430	-2.592826
1328	3430	-6.403060
1376	3430	2.547451
1522	3430	-5.035364
1646	3430	-4.762730
1870	3430	-12.951126
2066	3430	26.451680
2347	3430	11.452363
2472	3430	-0.033425
2561	3430	-7.261504
2563	3430	-2.910945
2605	3430	-2.602933
2724	3430	3.507662
2919	3430	-5.675274
3006	3430	-16.133302
3229	3430	-9.286911
3333	3430	-0.715395
3360	3430	-14.907249
3398	3430	3.632929
3430	3430	19.962882
3578	3430	-20.665330
3605	3430	7.662658
3622	3430	3.966768
3795	3430	-2.975098
3882	3430	1.100879
4023	3430	4.977697
4062	3430	-2.494363
1110	3435	7.522400
3327	3435	-1.740462
632	3436	-0.744133
1315	3436	17.384072
1955	3436	-3.135220
2913	3436	-8.034089
3769	3436	8.044461
3962	3436	6.235268
4039	3436	2.123366
4086	3436	-1.235604
2463	3437	-8.080565
1849	3438	4.984272
14	3441	17.694100
97	3441	10.405660
113	3441	-7.402788
209	3441	1.089294
307	3441	12.859220
317	3441	5.833036
369	3441	-5.037798
396	3441	-11.761946
400	3441	-4.907149
472	3441	21.665499
524	3441	-18.667788
541	3441	-12.271493
549	3441	5.771025
623	3441	6.307280
625	3441	-6.193526
737	3441	-12.631215
757	3441	-10.238770
852	3441	3.896372
895	3441	8.076496
908	3441	2.713962
924	3441	11.410993
933	3441	-16.685251
976	3441	-1.386493
1101	3441	-6.513224
1169	3441	25.231400
1197	3441	27.467866
1374	3441	12.401709
1440	3441	-13.192627
1536	3441	-12.674990
1710	3441	-3.833301
1754	3441	0.660128
1942	3441	-1.967581
1955	3441	-22.673375
1970	3441	7.141189
1976	3441	8.810770
2027	3441	-14.162666
2056	3441	-3.836827
2066	3441	-20.992956
2113	3441	-10.415847
2169	3441	18.067172
2287	3441	2.635329
2393	3441	-25.641430
2571	3441	14.440003
2617	3441	15.512745
2653	3441	16.299135
2729	3441	4.210698
2846	3441	0.700433
2931	3441	-4.535539
3015	3441	-12.819944
3223	3441	0.120645
3227	3441	10.613781
3229	3441	-16.533483
3274	3441	22.472189
3327	3441	-7.512393
3333	3441	-14.768333
3441	3441	20.907421
3485	3441	9.542925
3489	3441	7.932265
3595	3441	15.539163
3614	3441	30.737909
3622	3441	4.187319
3657	3441	-9.302906
3684	3441	-5.010710
3744	3441	-6.043143
3908	3441	1.904926
3088	3442	-2.516546
2093	3443	-1.709586
1193	3445	-3.641725
113	3447	0.587302
480	3447	-0.010072
504	3447	-11.376137
789	3447	5.792612
822	3447	-6.397719
976	3447	2.552097
1101	3447	16.048199
1159	3447	-15.113817
2066	3447	-4.999356
2216	3447	12.247263
2232	3447	-6.773732
2287	3447	1.240386
2341	3447	16.536297
2490	3447	9.434865
2538	3447	-7.384497
2624	3447	6.548021
2761	3447	12.510123
2872	3447	2.874974
3447	3447	-0.068094
3529	3447	-13.955159
3578	3447	-6.015327
3696	3447	-0.987084
3793	3447	9.174353
3885	3447	-3.898390
3904	3447	13.607707
253	3449	-6.324454
382	3449	-9.352742
600	3449	-6.555594
1101	3449	4.754270
1468	3449	-6.571725
1485	3449	18.945221
1549	3449	3.988881
2350	3449	10.903041
2998	3449	-1.213998
3449	3449	12.908603
3612	3449	8.314403
3847	3449	-8.548598
3915	3449	-2.385087
3945	3449	8.736852
3590	3450	11.534268
3622	3450	4.785409
3965	3450	-5.094751
2507	3452	2.637713
1015	3454	7.529985
1039	3454	-12.173175
1258	3454	13.037185
1682	3454	-7.870081
2872	3454	-4.271675
3519	3454	-9.389465
3935	3454	-11.082927
417	3457	-3.382918
460	3457	-1.495521
744	3457	-0.931027
1501	3457	-8.903923
1679	3457	19.377753
2181	3457	2.008242
2468	3457	-10.652732
2665	3457	7.447316
3325	3457	8.945950
3793	3457	-14.543193
874	3459	14.496344
2078	3459	-17.136584
13	3460	-5.872010
169	3460	5.471924
212	3460	11.706426
2066	3460	-10.061939
2129	3460	-0.594621
2212	3460	9.912902
2472	3460	-12.930630
2766	3460	19.557201
2842	3460	-3.035723
3046	3460	3.986448
3224	3460	-7.058650
3476	3460	22.505533
3699	3460	17.034449
3877	3460	-11.964131
1591	3461	8.039259
2313	3461	-2.134882
2531	3461	-1.215561
3052	3461	9.357807
3081	3461	-8.414812
3614	3461	2.076883
3945	3461	6.518295
2766	3462	1.607795
887	3463	-1.179749
2336	3463	5.831567
42	3464	4.174259
3518	3464	-11.113092
19	3465	-4.593417
1806	3465	-6.750509
2062	3466	3.259510
474	3468	-11.832140
456	3469	1.434423
521	3469	-10.976905
735	3469	-6.236043
1717	3469	-1.200362
2248	3469	-8.725736
3058	3469	-6.402131
4	3472	-12.662043
706	3474	14.798180
3689	3474	-7.466755
2494	3475	-13.422091
171	3476	2.892386
273	3476	-21.745006
418	3476	-4.387704
444	3476	0.078049
625	3476	-3.864327
697	3476	1.657143
717	3476	5.295549
736	3476	-9.918483
843	3476	-2.905734
895	3476	-2.047931
927	3476	-9.910118
970	3476	-16.948376
976	3476	21.174855
1101	3476	5.759266
1445	3476	-13.835093
1555	3476	-14.979479
1955	3476	-3.225232
2216	3476	-0.570435
2436	3476	-0.779457
2467	3476	2.680665
2469	3476	-3.051199
2574	3476	10.112637
2706	3476	-16.259011
2857	3476	3.294658
2943	3476	-7.805431
3006	3476	-8.595339
3080	3476	-10.758071
3195	3476	1.413705
3499	3476	-2.249872
3588	3476	3.127611
3614	3476	1.541782
3637	3476	20.484057
3795	3476	-15.877218
3804	3476	-6.882682
3904	3476	7.564575
4071	3476	-8.838904
97	3477	-2.403108
737	3477	-10.506630
744	3477	-4.895945
949	3477	19.509159
990	3477	5.244868
1767	3477	-16.417538
2029	3477	-17.118326
2354	3477	-1.827038
2515	3477	1.494872
2723	3477	2.621040
2958	3477	3.906688
3596	3477	13.101492
3770	3477	-1.447872
3776	3477	14.321806
4041	3477	0.671739
4083	3477	0.930666
2620	3478	-4.275434
862	3481	-2.225541
1049	3481	-7.287956
1092	3481	-1.897406
1637	3481	12.959513
1826	3481	4.417982
2027	3481	10.123454
2062	3481	-7.102589
2441	3481	5.315708
2490	3481	-14.283076
2538	3481	-20.686289
2729	3481	-1.680281
2843	3481	-0.396563
3019	3481	8.330570
3091	3481	-5.400235
3146	3481	5.484981
3337	3481	9.117630
3602	3481	-0.569063
3656	3481	-4.300025
1429	3482	3.695743
1658	3482	6.082189
2489	3482	0.513509
2962	3482	10.235824
3277	3482	-7.524707
803	3483	-12.836338
2057	3483	7.732615
3663	3483	-19.638069
3945	3483	11.529764
2246	3484	5.178147
3342	3484	-4.550932
3410	3484	-3.751588
14	3485	-13.766591
51	3485	-5.726266
97	3485	3.930842
200	3485	7.969096
323	3485	-2.867566
456	3485	3.683245
565	3485	-7.853330
578	3485	9.340048
623	3485	-9.865796
663	3485	12.143211
774	3485	16.682984
777	3485	-8.247096
789	3485	-4.489895
798	3485	-1.037422
852	3485	-2.811218
908	3485	8.821257
938	3485	-4.073606
1039	3485	6.871226
1085	3485	-5.452185
1089	3485	-1.987132
1101	3485	-22.768874
1213	3485	2.276399
1328	3485	8.313174
1374	3485	-2.701445
1396	3485	-11.633953
1401	3485	1.336181
1495	3485	7.877260
1502	3485	-7.580793
1504	3485	-5.805896
1646	3485	-5.218039
1655	3485	-13.243108
1682	3485	10.342487
1759	3485	13.204279
1761	3485	-7.361004
1808	3485	-2.908951
1945	3485	6.420493
1947	3485	-6.099116
2010	3485	-6.918910
2062	3485	18.624797
2089	3485	-3.596100
2107	3485	-9.002930
2212	3485	-4.178770
2232	3485	-18.392295
2270	3485	-26.311868
2287	3485	-9.737979
2297	3485	-1.277116
2469	3485	3.675254
2538	3485	-5.416628
2551	3485	-4.748625
2665	3485	5.044925
2750	3485	-23.989976
2843	3485	-1.796175
2907	3485	-15.274766
2981	3485	-9.385689
3016	3485	-14.179040
3241	3485	-5.817235
3256	3485	26.522443
3274	3485	11.823376
3441	3485	18.542869
3485	3485	3.201738
3489	3485	0.059062
3585	3485	-6.462950
3589	3485	-0.844476
3622	3485	12.050900
3662	3485	0.551446
3733	3485	9.653231
3769	3485	25.498809
3804	3485	23.633403
3904	3485	8.384737
3945	3485	-20.188130
4021	3485	6.678973
4032	3485	2.466343
4034	3485	-12.769806
4056	3485	9.647012
468	3486	-1.104507
545	3486	-5.956468
616	3486	5.864653
622	3486	11.823662
744	3486	15.125130
974	3486	3.610424
1089	3486	8.140534
1249	3486	-7.422898
1291	3486	-8.329432
1767	3486	5.225174
2000	3486	-22.789379
3196	3486	4.271726
3486	3486	-0.468699
4083	3486	7.242217
4086	3486	6.828324
1078	3488	1.265966
1948	3488	5.767304
2015	3488	4.090624
3616	3488	9.007563
4071	3488	-1.584043
97	3489	6.464316
1169	3489	11.221759
1933	3489	14.276131
2119	3489	23.639493
2121	3489	14.943641
2315	3489	18.924375
3173	3489	1.707140
3274	3489	7.630924
113	3494	9.375155
2185	3494	-13.554164
2659	3494	-3.766146
2066	3495	-0.433733
2078	3495	12.876614
3727	3495	5.189465
370	3497	1.992962
875	3497	2.492426
878	3497	9.235600
2010	3497	-9.198721
2089	3497	0.380668
3686	3497	-0.002225
4	3498	-19.618390
1047	3498	0.726217
1868	3498	3.484379
1944	3498	6.692246
2130	3498	4.854702
2534	3498	-10.586415
2659	3498	14.859669
113	3499	-3.535248
1185	3499	18.035671
2436	3499	4.914330
3225	3499	-1.333993
3689	3499	7.268164
1879	3500	-3.608953
2809	3500	2.645475
1657	3501	-8.185864
2393	3501	-6.056978
2541	3501	13.487237
3006	3501	19.009652
3195	3501	-3.347096
3293	3501	8.052896
3769	3501	-1.923818
472	3502	-8.688151
1564	3502	6.133655
412	3504	2.265881
682	3504	16.036379
977	3504	15.885884
1831	3504	10.774472
3158	3504	-5.578148
3915	3504	15.531077
113	3506	-1.205714
2373	3506	-12.249600
2981	3506	-6.158891
4005	3506	-9.327019
1244	3507	4.343717
1657	3507	-17.327713
1891	3507	7.878355
3534	3507	1.040616
4053	3507	9.053390
4073	3507	-1.631644
1747	3508	2.972162
3722	3508	-1.241844
1947	3509	7.496642
4	3510	-1.510362
77	3510	7.119564
97	3510	16.418386
170	3510	-3.645090
187	3510	13.518848
243	3510	-7.996524
506	3510	-1.948810
634	3510	-4.506456
757	3510	-8.193016
852	3510	20.654390
992	3510	5.896535
1004	3510	-5.091373
1101	3510	10.271359
1393	3510	-4.963088
1682	3510	16.260599
1851	3510	-16.039819
1897	3510	0.177031
1958	3510	-1.502027
1967	3510	8.321557
2028	3510	6.228932
2129	3510	1.678535
2182	3510	-25.160119
2492	3510	-6.207830
2523	3510	-12.649982
2705	3510	9.374213
2845	3510	-6.828282
2965	3510	-14.649083
3161	3510	2.853127
3229	3510	-6.152576
3519	3510	6.293342
3738	3510	-18.284142
3922	3510	-0.152728
3933	3510	4.575393
3973	3510	-11.748956
742	3511	0.890470
463	3513	0.589009
1306	3513	-6.998095
365	3514	13.027287
895	3514	5.493183
1725	3514	0.298157
2216	3514	6.070777
2691	3514	-13.826919
3006	3514	3.383533
3039	3514	19.377462
3394	3514	-16.317294
3450	3514	10.620559
1113	3515	3.005487
1126	3515	-16.150498
1213	3515	-14.733352
1377	3515	-10.713036
1581	3515	-0.296507
2061	3515	9.921929
2287	3515	-13.434779
3588	3515	-21.179060
3067	3517	1.030672
757	3518	-0.295711
1857	3518	3.544507
4059	3518	18.589592
4	3519	-11.465067
74	3519	-2.844582
118	3519	4.974192
393	3519	-11.286189
407	3519	13.006557
439	3519	3.519549
456	3519	0.923431
501	3519	-7.067164
521	3519	6.735522
550	3519	4.360369
621	3519	20.440207
664	3519	-19.505318
674	3519	-8.103482
719	3519	6.952295
736	3519	8.926058
737	3519	-14.417581
868	3519	-6.524326
895	3519	2.474658
933	3519	-5.800227
977	3519	6.914524
996	3519	8.088011
1101	3519	27.180751
1122	3519	13.676429
1159	3519	1.622695
1216	3519	3.115423
1238	3519	18.869310
1288	3519	3.200745
1362	3519	2.769793
1538	3519	-9.877596
1564	3519	-7.067054
1646	3519	-2.827241
1682	3519	9.665292
1715	3519	3.607097
1723	3519	6.533745
1808	3519	3.177166
1851	3519	-3.070589
1942	3519	2.935932
1955	3519	-25.186692
1992	3519	-8.872631
2010	3519	15.390818
2092	3519	-15.743571
2110	3519	7.845043
2129	3519	5.455846
2181	3519	-2.472966
2182	3519	16.739300
2193	3519	2.101685
2226	3519	-13.341621
2302	3519	13.907030
2465	3519	-0.958536
2489	3519	-10.398241
2490	3519	-0.350189
2541	3519	-3.189572
2550	3519	-11.558576
2616	3519	6.529917
2646	3519	4.124995
2665	3519	17.634892
2724	3519	5.016632
2729	3519	-15.115423
2821	3519	-4.195113
2852	3519	20.926951
2986	3519	5.903432
3006	3519	-8.592952
3137	3519	-8.759483
3158	3519	-2.256079
3229	3519	-18.376246
3310	3519	-2.379036
3344	3519	12.630443
3350	3519	-1.196671
3374	3519	9.306455
3432	3519	2.354630
3510	3519	-18.145954
3519	3519	-20.781341
3565	3519	11.000399
3605	3519	5.095307
3663	3519	-17.715616
3816	3519	15.758439
3844	3519	20.924134
3847	3519	-4.948811
3879	3519	8.845404
3904	3519	10.571652
4035	3519	9.513141
122	3520	13.254614
501	3522	-1.135873
1543	3522	25.895478
2060	3522	-2.331633
2066	3522	-5.749757
2199	3522	8.697179
2551	3522	1.267211
3178	3522	-7.354112
3223	3522	0.119499
33	3525	-3.591383
97	3525	3.627750
658	3525	-1.741384
806	3525	-16.975252
855	3525	-29.671906
1445	3525	-6.427030
1682	3525	-16.773198
1763	3525	14.170099
2265	3525	-4.461135
2384	3525	6.281091
3229	3525	5.949366
3525	3525	8.814070
3565	3525	2.215963
3879	3525	8.794115
4086	3525	-8.888056
2794	3526	14.638763
151	3527	3.539008
209	3527	0.622781
683	3527	1.351754
1981	3527	5.476101
3629	3527	-0.730780
51	3529	8.208651
73	3529	11.291087
80	3529	0.433014
84	3529	-8.614540
97	3529	-11.490438
148	3529	10.407553
151	3529	6.206305
940	3529	-9.494202
1015	3529	-1.359592
1101	3529	-13.179225
1411	3529	5.553851
1522	3529	-4.892382
1646	3529	-3.764188
1649	3529	-0.712787
1651	3529	1.154687
1682	3529	4.223793
1903	3529	10.777835
2028	3529	3.023073
2066	3529	-10.971550
2653	3529	-5.613902
2665	3529	2.639151
2733	3529	23.275845
2846	3529	-10.099605
2911	3529	-11.464714
3032	3529	14.258252
3144	3529	-7.637731
3229	3529	0.717560
3447	3529	-2.499802
3529	3529	15.030910
3567	3529	-6.576382
3578	3529	-2.018217
3585	3529	0.728644
3589	3529	1.354581
3688	3529	13.654492
3793	3529	-1.769994
3795	3529	7.123535
3802	3529	12.008052
623	3530	0.709412
996	3530	-24.441621
1804	3530	25.277489
4022	3530	-1.402120
2963	3531	0.424994
3220	3531	-6.271236
2617	3532	3.803373
2845	3532	1.660784
3173	3532	2.125288
3193	3532	-0.250224
3310	3532	14.535767
4046	3532	-16.186817
3154	3533	-13.422396
3485	3533	3.659273
15	3534	2.159653
400	3534	10.421955
407	3534	15.701980
589	3534	1.328247
789	3534	-6.574846
1023	3534	3.978149
1323	3534	1.983156
1955	3534	-35.850637
2182	3534	8.050534
2523	3534	13.022151
2663	3534	-0.252791
2665	3534	-6.337523
2724	3534	-8.268087
3032	3534	12.904492
3499	3534	3.571404
3788	3534	-27.895644
3904	3534	-7.929358
508	3535	-13.488979
572	3535	20.477774
1375	3535	-1.653247
1976	3535	2.263426
2105	3535	18.645225
2217	3535	0.000950
2952	3535	22.090046
4014	3535	19.210300
171	3537	-3.546741
1113	3537	-7.867532
1146	3537	-12.056547
1185	3537	0.031709
1270	3537	13.355701
2212	3537	3.090646
3561	3537	-1.867988
3662	3537	-12.969792
1983	3539	-7.510341
1402	3541	0.709356
873	3542	16.709938
1132	3542	3.156410
1386	3542	-6.959486
1524	3542	16.876985
1764	3542	12.018408
1944	3542	-3.422377
1955	3542	3.053979
2295	3542	3.729249
2577	3542	8.264846
2841	3542	9.310598
2990	3542	2.152892
3004	3542	-0.179443
3693	3542	-7.618821
4005	3542	11.901952
4041	3542	1.667834
1595	3543	-15.685126
1730	3544	-2.424689
1945	3544	4.717311
472	3546	-12.028931
862	3546	-12.152065
1055	3546	5.575235
1432	3546	-6.067256
3263	3549	-5.755343
3636	3549	-7.704723
444	3551	-21.624408
2365	3551	4.573030
2413	3551	-2.132787
2511	3551	1.692059
264	3552	4.567123
524	3552	-15.689227
69	3553	-18.378544
243	3553	4.458173
310	3553	2.508499
545	3553	5.570457
864	3553	-4.411278
1301	3553	-0.288516
2481	3553	-2.313435
2492	3553	5.331072
852	3554	-6.120686
1976	3554	7.162079
428	3555	7.528102
1086	3556	6.015606
1624	3556	-7.887648
3428	3556	6.287108
4065	3558	-4.713448
1911	3559	8.677716
3004	3559	-7.680657
657	3563	10.073672
658	3563	3.664946
977	3563	6.824229
1075	3563	-7.201844
1948	3563	-7.718767
231	3565	-5.103733
417	3565	2.301631
525	3565	-11.423681
550	3565	-8.129950
572	3565	-12.862982
852	3565	-6.552500
1051	3565	18.007766
1087	3565	-9.381585
1101	3565	-4.689699
1362	3565	-1.587080
1376	3565	6.519667
1377	3565	-0.163731
1594	3565	24.967355
1842	3565	-3.780955
1955	3565	6.797417
2229	3565	3.074992
2436	3565	8.363373
2490	3565	7.348074
2492	3565	27.548472
2912	3565	12.201123
2981	3565	-4.332156
3080	3565	0.662511
3157	3565	4.854977
3229	3565	-4.907916
3256	3565	7.167817
3525	3565	8.206964
3740	3565	-1.460426
3816	3565	10.904442
3843	3565	-0.315231
3847	3565	-7.358734
3945	3565	12.100681
3973	3565	-16.381846
4028	3565	-2.757675
2393	3566	14.037066
73	3567	19.560025
185	3567	-17.475279
310	3567	-11.222343
357	3567	5.861207
737	3567	-12.497360
914	3567	-5.222466
1125	3567	-1.391772
1235	3567	8.515196
1522	3567	8.613665
1581	3567	-8.855649
1651	3567	1.526881
1743	3567	-0.826634
1792	3567	-13.345396
1968	3567	-4.525564
2181	3567	-11.832340
2284	3567	0.667593
2295	3567	21.964010
2490	3567	-17.697082
2512	3567	-7.321931
2545	3567	0.419110
2629	3567	-2.639708
2665	3567	-2.770266
2780	3567	-2.538781
2922	3567	3.351579
2961	3567	16.926289
3183	3567	8.669755
3229	3567	10.997488
3301	3567	-7.936332
3325	3567	9.304820
3567	3567	2.070704
3649	3567	-7.279355
3793	3567	-0.167738
3882	3567	0.097342
4034	3567	3.645481
4073	3567	-5.739342
281	3568	1.764471
456	3568	-1.743158
852	3568	-12.757976
2270	3568	1.832978
2542	3568	-1.380767
2669	3568	-6.917757
2813	3568	3.748583
3067	3568	-9.680925
4032	3568	13.790710
3689	3569	-8.926894
163	3570	-12.083937
719	3570	3.328012
895	3570	-9.233273
1101	3570	7.325469
2047	3570	3.996524
2283	3570	-12.975541
2653	3570	-11.800043
3314	3570	-12.678659
3709	3570	5.567723
4032	3570	13.676148
4083	3570	-1.728538
1898	3571	0.444238
2727	3571	-5.159787
2986	3571	9.323715
3636	3571	-20.446631
895	3575	-11.774458
1072	3575	13.599223
1374	3575	2.572795
1533	3575	13.483538
1596	3575	1.515866
1767	3575	5.917733
1942	3575	11.291673
1952	3575	-4.806299
2130	3575	7.950065
2270	3575	-2.799648
2541	3575	9.807398
2665	3575	14.701840
2672	3575	-7.679508
3374	3575	17.461083
3463	3575	-0.896859
3983	3575	5.495486
1785	3576	-4.727613
3589	3577	-15.862176
73	3578	-5.152263
74	3578	-3.129298
80	3578	-12.712288
84	3578	17.649955
113	3578	8.384449
151	3578	26.365393
163	3578	20.417696
187	3578	-21.293086
273	3578	6.528426
323	3578	9.160326
336	3578	4.038349
440	3578	-8.139765
456	3578	9.428905
528	3578	-14.598637
623	3578	-9.080884
737	3578	-20.345536
757	3578	-4.391440
871	3578	-2.472910
886	3578	-3.150935
895	3578	8.224050
924	3578	-16.276983
949	3578	-5.449045
1034	3578	-17.431637
1080	3578	-12.277607
1092	3578	9.533062
1101	3578	-11.372063
1179	3578	12.049217
1396	3578	11.690547
1510	3578	-4.670255
1522	3578	1.114412
1555	3578	-4.292521
1629	3578	-8.532753
1842	3578	-4.378220
1927	3578	-9.622621
1955	3578	28.969451
2060	3578	12.581986
2066	3578	17.396820
2089	3578	-4.058186
2128	3578	-8.509536
2181	3578	-6.384835
2229	3578	-7.408299
2298	3578	-11.182408
2302	3578	4.335199
2349	3578	2.996478
2376	3578	-22.748167
2542	3578	3.899713
2561	3578	-13.917829
2575	3578	4.776288
2629	3578	-12.997493
2631	3578	-1.720024
2665	3578	-3.712844
2724	3578	-20.382965
2733	3578	-3.890615
2782	3578	-2.608398
2791	3578	-19.111535
2799	3578	-7.858435
2846	3578	-6.699218
2972	3578	-9.545997
2987	3578	5.345387
3032	3578	7.275119
3146	3578	5.838458
3158	3578	-7.857952
3180	3578	9.906545
3227	3578	19.927221
3229	3578	-37.386042
3240	3578	-10.105970
3241	3578	-2.830634
3277	3578	13.100803
3358	3578	-12.022648
3374	3578	-1.721867
3380	3578	7.733047
3510	3578	7.271894
3529	3578	4.035320
3568	3578	3.864099
3578	3578	10.416831
3665	3578	-1.932446
3684	3578	-7.533706
3691	3578	0.644763
3766	3578	-1.287902
3793	3578	-15.774086
3795	3578	-7.096401
4005	3578	-4.496324
4086	3578	-3.733376
873	3579	1.483977
1533	3579	-4.895328
1889	3579	-15.630576
3052	3579	-1.388267
2492	3583	-4.977298
2687	3583	3.958209
3229	3583	9.344367
3371	3583	12.267887
3441	3583	-1.641938
762	3584	4.930430
1442	3584	10.575801
1681	3584	-7.961971
1851	3584	-12.417934
3614	3584	-7.176269
155	3585	-1.348847
209	3585	-0.237616
515	3585	-6.859384
992	3585	2.413500
1015	3585	12.028803
1101	3585	-7.190070
1216	3585	7.687064
1485	3585	6.133889
3605	3585	22.886976
3666	3585	0.508826
3889	3585	-13.722170
866	3586	3.377551
1502	3586	-9.072456
1922	3587	-7.813937
3162	3587	-4.201752
3269	3587	3.275874
111	3588	-20.140670
2030	3588	-5.884545
3588	3588	-14.610387
3786	3588	-6.626677
170	3589	14.232581
1681	3589	19.629639
1826	3589	0.509773
3222	3589	5.382859
2270	3590	-4.971422
1071	3591	3.777315
2265	3591	-2.321930
1155	3593	6.086496
1347	3593	-12.735051
2024	3593	33.075833
2661	3593	1.007242
1375	3594	26.185520
214	3595	-0.855539
412	3595	-3.219761
615	3595	12.972564
617	3595	14.357720
766	3595	2.573767
1722	3595	6.572386
1994	3595	-1.280170
2056	3595	4.719401
2066	3595	15.210132
2194	3595	1.167209
2285	3595	15.470385
2667	3595	-0.212299
2913	3595	-7.462600
3274	3595	-15.320359
3441	3595	14.406140
3793	3595	2.599015
113	3596	-5.961618
151	3596	-1.393479
463	3596	2.510166
519	3596	-11.023404
1429	3596	-5.481831
1767	3596	14.418666
1816	3596	-3.803458
1855	3596	-5.996087
1949	3596	12.525970
2782	3596	-12.406622
2845	3596	-4.848494
3229	3596	9.401280
3266	3596	0.106922
3287	3596	-16.363348
1286	3598	13.105905
69	3599	0.155130
206	3599	-26.900260
615	3599	9.041340
2987	3599	-13.293520
3032	3599	-7.335703
3986	3599	10.764827
25	3602	6.719633
2547	3602	4.364099
3215	3602	14.549313
1039	3603	-0.736590
1743	3603	-7.623205
2459	3603	9.271263
2550	3603	7.448300
3039	3603	8.702296
1213	3604	-0.072987
3902	3604	3.417341
299	3605	1.640400
456	3605	11.902660
895	3605	9.832397
996	3605	-3.695699
1015	3605	-10.458133
1039	3605	-10.806518
1077	3605	-0.883780
1246	3605	11.119152
1538	3605	-6.222710
1700	3605	-10.404115
2194	3605	-1.936418
2393	3605	1.511575
2571	3605	-3.272611
2646	3605	1.104009
2683	3605	-7.287338
3215	3605	0.388932
3529	3605	8.209974
1608	3606	-4.362029
2347	3606	-13.753905
394	3607	-5.432658
1472	3607	19.452180
1496	3607	9.074086
2223	3607	-4.552979
2644	3607	16.387293
3620	3608	-2.838219
3666	3608	4.191401
1015	3610	-1.734527
3108	3610	0.894335
2956	3612	7.933311
113	3614	-17.897248
151	3614	4.010148
170	3614	-5.994921
214	3614	3.788335
369	3614	-6.123641
407	3614	5.588500
412	3614	10.087682
600	3614	-3.254255
737	3614	0.079458
757	3614	4.168434
798	3614	4.755284
849	3614	13.389062
852	3614	4.445002
1075	3614	-5.501530
1148	3614	-9.344265
1169	3614	-11.117808
1498	3614	7.739493
1591	3614	-9.793305
1622	3614	2.531899
1679	3614	-6.741406
1816	3614	18.085338
2083	3614	22.475386
2110	3614	-9.648376
2111	3614	-1.311511
2208	3614	23.508664
2436	3614	11.545858
2561	3614	4.991677
2571	3614	-3.092071
2656	3614	-4.427754
2755	3614	-17.665464
2782	3614	-8.907947
2846	3614	1.962068
2907	3614	13.801206
2915	3614	7.953878
3256	3614	3.325603
3359	3614	23.010731
3457	3614	3.522544
3476	3614	7.375567
3489	3614	-10.925801
3596	3614	7.738459
3614	3614	7.241438
3904	3614	14.577823
3945	3614	4.679525
3996	3614	-2.344997
4005	3614	-8.236144
211	3615	-12.734410
2557	3615	3.521060
3405	3615	-9.943314
2553	3616	21.951279
1764	3617	13.807825
2551	3617	2.978217
623	3619	14.573459
285	3620	-1.872453
895	3620	3.099678
989	3620	7.885728
1101	3620	-19.906447
1955	3620	5.188876
2129	3620	-4.586006
2934	3620	-10.379240
3343	3620	7.767996
3600	3620	14.262962
3709	3620	-8.755316
3732	3620	15.806309
18	3622	11.497817
19	3622	6.907933
51	3622	3.104601
73	3622	2.866545
131	3622	-10.181372
148	3622	0.617949
151	3622	3.793445
187	3622	-8.915765
279	3622	7.749220
281	3622	6.121909
439	3622	16.146479
456	3622	-7.141816
463	3622	-0.758203
472	3622	-10.337413
508	3622	-15.795746
550	3622	20.570560
554	3622	-5.125640
578	3622	-6.378454
589	3622	-12.902926
601	3622	13.297832
711	3622	-18.048299
852	3622	14.805003
949	3622	-7.491623
1019	3622	14.367766
1058	3622	-3.948389
1071	3622	-12.557203
1074	3622	-8.375264
1078	3622	-15.994221
1088	3622	-1.620049
1328	3622	-0.963606
1396	3622	6.200294
1502	3622	-14.504967
1533	3622	-0.090545
1535	3622	21.859146
1543	3622	11.692604
1581	3622	0.809323
1637	3622	-1.254957
1849	3622	-8.385507
1867	3622	-1.475951
1944	3622	20.734183
1952	3622	3.963718
1964	3622	3.169432
2002	3622	5.617331
2066	3622	3.813994
2154	3622	-6.564426
2216	3622	1.201262
2270	3622	0.574274
2341	3622	2.871830
2371	3622	0.860493
2409	3622	19.399328
2464	3622	12.383718
2538	3622	-9.826356
2571	3622	-14.074747
2600	3622	0.326469
2683	3622	-1.192970
2727	3622	-6.311476
2766	3622	26.000996
2782	3622	-3.324126
2785	3622	-5.282117
2798	3622	-3.288910
2930	3622	9.596084
2972	3622	-4.233031
2987	3622	4.805060
2990	3622	-12.357923
3145	3622	4.450424
3182	3622	2.381100
3214	3622	-13.639004
3223	3622	-20.930871
3229	3622	20.333308
3235	3622	13.525728
3241	3622	-11.544967
3256	3622	7.007185
3261	3622	-2.094282
3310	3622	-8.925515
3374	3622	-3.789497
3380	3622	3.721595
3510	3622	7.429463
3529	3622	-8.785796
3534	3622	9.489791
3567	3622	-8.719778
3622	3622	13.342683
3629	3622	21.305716
3645	3622	2.995625
3701	3622	8.674139
3719	3622	20.039451
3733	3622	-13.789082
3802	3622	-2.488581
3904	3622	3.802472
3945	3622	-2.161745
3973	3622	6.859890
4023	3622	-4.205512
4071	3622	3.489988
4073	3622	4.361109
73	3623	-5.507159
1669	3623	6.352741
1996	3623	7.942948
163	3625	-9.460948
2482	3625	-1.915080
2846	3625	-6.750553
3558	3625	6.667283
369	3626	-2.911261
419	3626	3.178858
1682	3626	-8.138011
3039	3626	-2.399814
25	3629	6.518041
264	3629	13.009488
521	3629	4.350259
736	3629	0.215196
1483	3629	11.176878
1502	3629	17.975397
1849	3629	1.164099
1955	3629	-8.331322
2071	3629	2.808805
2089	3629	4.266943
2599	3629	3.748862
2705	3629	11.293977
3519	3629	-0.442424
3585	3629	3.027965
3693	3629	12.310493
1657	3630	-16.545991
2728	3631	-4.359428
3225	3631	5.030886
3256	3631	10.357669
3692	3631	-4.787194
1831	3632	-10.675364
92	3633	5.771226
452	3633	-13.812656
462	3633	16.306883
615	3633	-8.376985
1053	3633	-0.112856
1115	3633	12.688526
1155	3633	4.205213
1202	3633	-22.365962
2274	3633	6.382364
2748	3633	-1.606482
3166	3633	13.911491
3344	3633	-4.089652
3565	3633	7.228572
3633	3633	-16.672062
445	3636	-0.718174
1078	3636	-5.524976
1471	3636	9.194643
2066	3636	-7.792375
3090	3636	-0.290266
1	3637	-12.132668
456	3637	10.264764
639	3637	0.269804
640	3637	-3.680131
1101	3637	-19.256221
1485	3637	13.564526
1759	3637	-11.822289
1812	3637	1.268191
1955	3637	-0.495224
2470	3637	8.539259
2513	3637	-2.919586
2617	3637	0.085024
3804	3637	17.059639
3871	3637	6.343613
4013	3637	12.067837
320	3638	2.426678
588	3638	4.157582
1663	3638	-21.251409
2672	3638	3.413977
3802	3638	7.643599
545	3639	-24.030619
843	3639	-8.022008
852	3639	0.771831
928	3639	-8.034277
1095	3639	5.329944
1347	3639	6.436564
1504	3639	-0.819968
1723	3639	2.045418
2066	3639	-5.312374
2541	3639	-4.813625
3380	3639	-8.432747
3447	3639	4.821954
3853	3639	-29.654775
2266	3640	-4.255675
2436	3641	-10.089071
3019	3641	-13.598166
1386	3644	-24.725419
187	3645	4.142920
243	3645	4.337227
273	3645	-1.350642
340	3645	-10.855155
439	3645	-6.864340
456	3645	2.837524
589	3645	24.315693
643	3645	17.335722
1101	3645	1.966791
1328	3645	-2.696564
1400	3645	5.804094
1522	3645	1.279405
1787	3645	-7.116761
1922	3645	-3.603177
1944	3645	-8.701174
1955	3645	3.015343
2129	3645	3.047819
2214	3645	5.476792
2216	3645	2.187051
2232	3645	9.708135
2322	3645	0.605940
2429	3645	-5.314942
2449	3645	-4.517550
2702	3645	-20.040882
2843	3645	13.645282
2990	3645	-11.290195
3419	3645	-14.775122
3488	3645	11.811453
3622	3645	-6.726356
3638	3645	-12.859542
3645	3645	4.347615
3719	3645	5.653985
3744	3645	10.777962
3795	3645	-0.952127
3842	3645	-4.021599
3904	3645	-1.583959
3959	3645	-11.940768
1727	3646	14.202671
2410	3646	8.417177
372	3648	-4.587946
382	3648	0.255742
2178	3648	8.083039
3865	3648	8.033283
3945	3648	-2.825466
4032	3648	7.929821
14	3649	-4.280069
17	3649	2.135862
663	3649	5.969113
682	3649	9.581831
798	3649	20.807298
1518	3649	-9.330967
1865	3649	2.556865
2136	3649	10.192950
2425	3649	26.984739
2429	3649	13.439774
2665	3649	1.706614
2943	3649	6.814047
2370	3650	-6.354652
101	3651	-13.410499
1169	3651	-4.144469
1567	3651	4.843501
1637	3651	-19.229876
2010	3651	3.951592
2040	3651	-2.707267
2129	3651	-7.809400
2846	3651	6.240028
3333	3651	-20.202750
4015	3651	-0.194955
572	3653	2.897705
829	3653	-1.014390
1125	3653	-3.494354
231	3655	-16.944483
868	3655	-7.232034
444	3656	-10.152980
1560	3656	8.163767
2140	3656	3.613320
3275	3656	-22.790685
3910	3656	11.804877
823	3657	21.237794
1091	3657	2.838260
2130	3657	-11.737886
2702	3657	-0.913304
3005	3657	-11.225588
3197	3657	8.315054
3410	3657	6.246504
3740	3657	4.503087
3909	3657	15.953838
356	3658	-14.048225
97	3659	-16.682078
719	3659	10.924225
1738	3659	2.104869
2156	3659	5.704729
3925	3659	-8.314709
151	3660	-5.606304
221	3660	5.812344
708	3660	-1.665834
1556	3660	-0.876840
3206	3660	5.241627
2891	3661	5.704611
14	3662	-3.095854
209	3662	-6.181955
384	3662	18.987427
400	3662	-0.529831
525	3662	-11.013821
550	3662	-2.181676
551	3662	8.057293
744	3662	-13.352577
765	3662	26.461821
1089	3662	-11.244804
1101	3662	-9.635751
1362	3662	-8.865184
1375	3662	0.889739
1429	3662	-9.514901
1485	3662	18.269985
1502	3662	-0.211603
1892	3662	8.403884
1903	3662	-9.816970
1951	3662	-12.218496
2026	3662	-3.604804
2066	3662	11.662376
2081	3662	-0.014497
2138	3662	-6.572078
2156	3662	-2.995026
2212	3662	0.713729
2436	3662	-0.853649
2621	3662	3.027343
2660	3662	6.277854
2907	3662	-7.866175
2943	3662	-12.312256
2981	3662	8.749231
3441	3662	-0.874002
3519	3662	-8.230287
3804	3662	-9.458240
3961	3662	12.903332
4032	3662	-1.182785
171	3663	-4.126158
323	3663	7.625440
1025	3663	22.063311
1039	3663	8.668839
1075	3663	-4.188349
1101	3663	2.466275
1310	3663	-6.517069
1468	3663	-12.267357
1787	3663	2.907029
1976	3663	-0.115211
2347	3663	3.521250
2755	3663	7.090166
3477	3663	12.194210
3662	3663	12.232012
51	3664	3.855741
646	3664	0.407895
780	3664	2.491997
1044	3664	11.296756
2738	3664	-15.121287
2592	3665	4.733375
2857	3665	2.352109
3350	3665	-18.218211
3653	3665	6.635297
894	3666	22.877914
996	3666	8.167666
1015	3666	3.078370
1246	3666	5.353980
1516	3666	-2.259567
1681	3666	2.891609
1732	3666	18.278668
2077	3666	13.592206
2226	3666	13.342647
2987	3666	7.258054
3343	3666	-12.900944
3578	3666	-0.355727
3668	3666	-16.486873
3684	3666	11.377702
4086	3667	6.064221
131	3668	14.147952
151	3668	-3.221075
187	3668	-5.086541
306	3668	13.396520
1216	3668	6.942016
1419	3668	6.400684
2156	3668	11.148452
2270	3668	1.570983
2595	3668	0.523829
3067	3668	5.954247
3261	3668	-12.370438
3360	3668	7.677457
3441	3668	5.546258
4021	3668	-15.126315
187	3669	-27.373839
3983	3669	3.217416
3117	3670	6.488984
3286	3670	5.580260
3644	3670	3.521723
3229	3673	-22.898529
3584	3673	2.821260
729	3675	-8.183097
3264	3675	-13.832674
417	3677	2.118087
1362	3677	-8.028004
1913	3677	2.486504
2915	3677	-4.639028
3802	3677	-2.850622
1763	3678	2.678472
3804	3678	-2.083633
4086	3678	-1.554922
3229	3679	-2.468108
320	3680	-3.874763
549	3680	2.765282
1089	3680	13.863541
1167	3680	-2.306840
1390	3680	0.692385
1402	3680	-14.689115
2080	3680	13.316416
2089	3680	16.939942
2225	3680	14.198106
2384	3680	-6.372834
2490	3680	2.986322
2599	3680	9.779598
2827	3680	3.125197
2845	3680	20.963451
2918	3680	9.048921
3018	3680	22.641825
3144	3680	15.719705
3273	3680	-15.071006
3441	3680	9.828657
3603	3680	1.052538
4085	3680	4.299552
1715	3681	3.665739
2114	3681	-7.416424
843	3682	-6.041741
2787	3682	-8.515904
2859	3682	9.235474
151	3684	-11.945168
456	3684	-1.386261
757	3684	-6.906437
849	3684	-31.808883
978	3684	6.510135
1101	3684	-16.389740
1453	3684	10.126937
1945	3684	-7.881613
2051	3684	4.468132
2129	3684	6.088852
2167	3684	-13.718452
2361	3684	-10.090315
2375	3684	1.604465
2393	3684	-26.759063
2846	3684	-2.332011
3091	3684	-1.051419
3146	3684	7.667726
3227	3684	1.079485
3229	3684	-7.555428
3333	3684	3.601146
3380	3684	-3.152873
3430	3684	2.788900
3441	3684	-0.169572
3536	3684	-5.972065
3684	3684	-7.941022
3790	3684	19.353013
3969	3684	-0.575263
456	3686	0.966236
938	3686	-3.543942
1679	3686	11.255354
1710	3686	-2.571457
2066	3686	6.557151
2551	3686	2.287688
2969	3686	6.134802
2990	3686	9.224395
3458	3686	8.128107
3595	3686	7.738971
3614	3686	12.251332
68	3688	3.206584
80	3688	13.040270
170	3688	-12.356460
264	3688	-3.203646
572	3688	4.012083
803	3688	13.792707
873	3688	-31.069650
978	3688	10.281184
996	3688	-6.876171
1089	3688	-11.301340
1328	3688	9.364346
1363	3688	11.815136
1622	3688	19.098017
1663	3688	-2.426548
2014	3688	8.087546
2341	3688	13.680018
2492	3688	3.746654
2538	3688	7.459302
2604	3688	-1.407310
2653	3688	-13.043839
2743	3688	18.338959
2754	3688	0.085698
2869	3688	-2.089674
2922	3688	13.198885
3207	3688	15.431440
3256	3688	3.568034
3281	3688	2.276836
3510	3688	-9.986163
3645	3688	-10.086680
3866	3688	10.137501
3907	3688	-0.479862
3973	3688	11.257534
3985	3688	-1.112321
27	3689	13.506231
113	3689	-7.221151
155	3689	-5.385403
317	3689	-6.328650
623	3689	-5.624975
711	3689	9.891553
721	3689	0.364987
743	3689	-16.650059
1055	3689	-13.650228
1077	3689	-5.026323
1270	3689	20.490606
1555	3689	-10.250632
1855	3689	6.329456
1949	3689	-3.275817
1955	3689	11.445994
2010	3689	-16.980917
2429	3689	3.855207
2571	3689	0.420970
3146	3689	-6.257733
3423	3689	14.317223
3476	3689	-5.493849
3477	3689	-0.510911
3507	3689	4.113387
3510	3689	-9.283219
3519	3689	-11.683968
3565	3689	-15.260215
3620	3689	-16.524353
3689	3689	10.909116
3709	3689	7.097206
3770	3689	5.355391
3802	3689	9.164554
3879	3689	20.277390
3945	3689	-2.753333
3985	3689	1.690542
4024	3689	23.092875
4041	3689	-8.209772
4083	3689	-7.002143
143	3691	-6.636004
273	3691	18.834778
857	3691	-0.058944
1089	3691	5.887676
1224	3691	1.649339
1485	3691	7.891009
1594	3691	-10.968364
2170	3691	8.435723
2181	3691	-8.519635
2376	3691	-6.421603
2842	3691	-7.562450
2845	3691	10.634614
2869	3691	19.969489
3553	3691	17.358685
3565	3691	4.558927
3728	3691	8.548807
3738	3691	3.078411
3787	3691	18.774088
3802	3691	-26.203440
3930	3691	9.232646
84	3692	-1.100096
895	3692	12.502127
1375	3692	-9.056019
1536	3692	9.032980
1591	3692	11.313161
1767	3692	-2.520076
1798	3692	16.366740
2181	3692	-9.642716
2945	3692	2.578376
3015	3692	-1.470504
3223	3692	7.665099
3727	3692	5.885569
3816	3692	-7.750237
3882	3692	-15.172896
3973	3692	5.384480
4073	3692	-3.141377
113	3693	-16.088572
623	3693	-5.738318
926	3693	10.735474
990	3693	-13.333449
1023	3693	3.556961
1155	3693	14.206537
1173	3693	-16.815743
1377	3693	-6.200907
1656	3693	14.505610
1663	3693	-0.937341
1955	3693	-1.081186
2060	3693	-24.490178
2538	3693	5.198591
2987	3693	4.250278
3015	3693	-13.995766
3693	3693	-6.164128
3847	3693	-5.107774
4003	3693	-17.077428
2134	3694	5.859724
3355	3694	13.305085
419	3695	-4.429443
724	3695	-9.727811
2991	3695	3.762970
135	3696	11.095337
450	3696	9.014072
623	3696	-6.424113
777	3696	-16.521066
798	3696	-2.810291
857	3696	-6.170439
1089	3696	-20.599066
1101	3696	-3.088660
1374	3696	-6.178884
1837	3696	-10.019818
1945	3696	3.433347
2287	3696	-10.876902
2468	3696	29.239474
2490	3696	-1.980129
2702	3696	-1.680462
2826	3696	-14.398837
3793	3696	-4.938843
902	3698	-6.169556
209	3699	-0.684050
211	3699	11.047531
417	3699	1.533168
1376	3699	-7.267653
3006	3699	11.386999
3645	3700	14.748890
14	3701	3.313106
103	3701	-4.687361
341	3701	7.794873
428	3701	-5.159991
439	3701	4.014606
618	3701	13.428607
864	3701	-8.782922
992	3701	-3.222020
1101	3701	-22.401535
1230	3701	-8.932205
1485	3701	13.382142
1510	3701	-10.803319
1682	3701	22.915806
1808	3701	-2.430255
1948	3701	14.279751
2047	3701	10.775099
2237	3701	-10.313028
2551	3701	23.410036
2665	3701	13.365263
2846	3701	5.650502
2962	3701	-3.932395
2987	3701	-2.186588
3006	3701	3.961832
3007	3701	-2.647949
3044	3701	-1.695405
3194	3701	1.536426
3314	3701	-10.504241
3344	3701	-3.842241
3423	3701	-10.801614
3576	3701	13.219403
3633	3701	-15.260319
3701	3701	10.667365
3734	3701	-9.912880
3788	3701	-8.683781
3816	3701	-15.297660
3853	3701	5.480118
3973	3701	-2.292916
3709	3703	1.495024
1147	3705	10.084698
2644	3705	24.442709
3219	3706	-17.465552
2277	3707	10.054041
97	3708	-0.909975
170	3708	22.824669
1809	3708	0.946189
4	3709	9.362587
42	3709	-5.393235
73	3709	3.136049
214	3709	-1.813636
231	3709	1.071559
234	3709	-6.717383
450	3709	-8.032091
452	3709	-18.246583
456	3709	10.597534
465	3709	7.247746
623	3709	-4.944602
737	3709	-1.212653
937	3709	-0.568862
977	3709	7.344773
996	3709	-3.312930
1077	3709	-13.534244
1101	3709	10.918404
1155	3709	2.697288
1290	3709	8.675257
1429	3709	11.509039
1437	3709	-6.493015
1522	3709	-5.069542
1536	3709	11.130507
1581	3709	-0.062382
1682	3709	-7.170981
1865	3709	-3.179387
1881	3709	-3.311870
1955	3709	1.851638
2024	3709	-5.140950
2089	3709	5.154753
2217	3709	-0.805379
2347	3709	5.060332
2400	3709	-6.139021
2512	3709	-3.566226
2542	3709	0.378157
2725	3709	-9.188189
2845	3709	-3.155341
3519	3709	-1.618952
3669	3709	-8.386338
3904	3709	-3.436913
1659	3710	20.098167
2546	3710	11.784372
2753	3710	-15.234207
320	3711	-8.548688
238	3712	2.349445
698	3712	-8.232191
1339	3712	10.766205
2665	3712	0.361795
3143	3712	-7.947366
14	3713	4.820874
97	3713	-3.447972
200	3713	12.236323
732	3713	15.349757
737	3713	19.334798
852	3713	-5.694703
1075	3713	11.020975
1209	3713	9.398041
1256	3713	-10.690307
1462	3713	-3.249113
1485	3713	-0.060860
1881	3713	-4.097026
1955	3713	-9.864130
2010	3713	-6.875091
2024	3713	2.354757
2154	3713	7.097332
2319	3713	-12.982599
2344	3713	-10.852561
2541	3713	1.665191
2922	3713	-11.749677
3016	3713	-16.377083
3240	3713	3.913189
3314	3713	-7.084468
3554	3713	-16.791964
3804	3713	12.842572
3847	3713	-3.368431
3853	3713	5.991930
4005	3713	5.604417
1622	3715	-3.531009
3665	3717	14.958048
4021	3718	-15.878067
113	3719	-4.884668
135	3719	-13.969617
163	3719	3.254346
182	3719	6.189105
209	3719	14.825129
400	3719	13.825841
417	3719	8.017139
456	3719	-12.743403
541	3719	-3.496859
545	3719	17.229725
663	3719	3.417509
704	3719	1.130552
777	3719	0.842260
839	3719	-20.434190
853	3719	-3.583732
895	3719	-20.163195
977	3719	1.742826
1007	3719	21.416078
1058	3719	-0.342360
1078	3719	-4.310777
1085	3719	9.994140
1101	3719	-7.533927
1129	3719	2.616625
1216	3719	-0.298200
1362	3719	40.676949
1377	3719	10.654371
1533	3719	5.963468
1537	3719	5.035603
1618	3719	12.692887
1646	3719	-12.736882
1682	3719	20.189408
1889	3719	-11.248180
1942	3719	-8.381879
1955	3719	13.603346
2010	3719	-1.018310
2027	3719	2.464574
2167	3719	1.479099
2226	3719	-3.462660
2287	3719	-6.033783
2327	3719	-6.310215
2377	3719	14.412094
2384	3719	-7.067073
2463	3719	-4.448343
2468	3719	-4.733962
2521	3719	-6.394923
2588	3719	-5.105117
2665	3719	-7.379097
2853	3719	12.502298
3044	3719	1.017242
3229	3719	-2.762179
3232	3719	-7.772503
3310	3719	5.427965
3366	3719	-17.256203
3373	3719	4.763382
3485	3719	-2.876745
3519	3719	0.510988
3622	3719	6.412240
3630	3719	1.661304
3719	3719	10.726006
3748	3719	-5.966640
3769	3719	10.638006
3795	3719	-1.454222
3904	3719	6.632689
3945	3719	7.617580
4027	3719	13.359413
4032	3719	0.528800
84	3723	7.208983
143	3723	6.564675
728	3723	5.487208
894	3723	-3.973958
941	3723	9.466611
1362	3723	4.114781
2460	3723	-15.201926
3733	3723	2.184549
324	3724	-5.995559
2843	3724	19.998193
824	3725	-8.724014
1101	3725	-4.357928
1504	3725	-5.196999
1591	3725	-9.204290
1714	3725	-7.936840
2134	3725	-2.193158
2271	3725	9.137064
3793	3725	2.139426
1270	3726	-9.425654
14	3727	-8.516264
97	3727	4.203536
928	3727	-6.417611
964	3727	-11.240925
1099	3727	-1.330177
1816	3727	3.392976
2492	3727	4.432173
2987	3727	-20.014154
3044	3727	8.497090
3229	3727	9.256620
3341	3727	-11.835007
3727	3727	-4.206084
3795	3727	3.653074
3889	3727	-4.469669
925	3728	8.931282
991	3728	-5.283226
2087	3728	-2.357840
1092	3729	16.353242
3663	3729	-1.710918
439	3730	10.658328
852	3730	1.718473
1915	3730	2.175170
1945	3730	3.401854
2192	3730	6.511970
2212	3730	-3.739611
2512	3730	6.429271
2675	3730	2.072936
3281	3730	1.519534
3873	3730	-6.515750
110	3732	-9.528929
14	3733	-5.394350
66	3733	-8.683638
424	3733	-13.618653
439	3733	-8.079495
550	3733	7.414158
713	3733	8.771611
737	3733	-16.554914
873	3733	-12.974414
895	3733	-11.068452
1051	3733	-11.370666
1137	3733	-7.656481
1364	3733	-7.591422
1414	3733	13.118394
1429	3733	-6.865655
1630	3733	1.767595
1854	3733	4.070410
2181	3733	2.415455
2182	3733	10.889029
2270	3733	10.417432
2332	3733	10.469555
2490	3733	1.075168
3229	3733	-11.018505
3274	3733	-1.516038
3301	3733	8.674372
3485	3733	7.188919
3520	3733	6.344600
3614	3733	23.705814
3662	3733	4.296604
3732	3733	14.885458
3733	3733	12.988529
3788	3733	-1.280908
3873	3733	11.658523
3945	3733	14.546232
4023	3733	-8.401344
14	3734	-3.653772
633	3734	1.044471
976	3734	-6.544539
1570	3734	7.072354
1719	3734	-5.359741
1791	3734	-10.219182
1867	3734	-23.103755
1981	3734	-0.802153
2066	3734	-5.605457
2129	3734	0.845791
2332	3734	-17.937171
2377	3734	0.228981
2468	3734	-2.962757
2490	3734	2.175917
2492	3734	-3.416427
2665	3734	6.566592
2729	3734	21.204166
2766	3734	8.364909
2798	3734	-18.478699
2846	3734	-4.779556
2916	3734	-5.659504
3069	3734	-1.123400
3229	3734	19.762312
3274	3734	-13.603517
3298	3734	8.309848
3436	3734	6.599472
3510	3734	-1.140330
3570	3734	-6.314247
3622	3734	10.019229
3795	3734	-9.809875
3904	3734	-3.354907
97	3735	-0.374653
456	3735	13.383540
711	3735	-8.204510
1034	3735	-7.975902
1829	3735	0.363069
2755	3735	-12.320032
2795	3735	3.387278
3629	3735	-2.631642
3727	3735	4.383636
4041	3735	18.988281
781	3736	4.009264
933	3736	-10.319347
2535	3736	-3.538760
2901	3736	-6.583900
2943	3736	-22.220952
2957	3736	3.579943
1270	3737	-3.053053
187	3738	6.314329
243	3738	15.271708
253	3738	-2.492193
545	3738	0.994729
550	3738	-7.127097
757	3738	-10.502255
1071	3738	-26.127355
1117	3738	-1.982267
1325	3738	-13.187845
1485	3738	10.437146
1524	3738	-1.937510
1555	3738	3.322524
1560	3738	14.481748
1571	3738	15.467384
1624	3738	-5.223150
1656	3738	3.513566
1715	3738	3.240138
1726	3738	8.123996
1743	3738	-0.787849
1806	3738	3.705121
1842	3738	-3.305989
2080	3738	3.919331
2216	3738	-13.947962
2295	3738	-0.352288
2545	3738	-12.543922
2857	3738	3.350134
3015	3738	3.711507
3032	3738	4.361173
3121	3738	9.498288
3143	3738	4.903154
3342	3738	16.094120
3366	3738	24.745583
3405	3738	12.042006
3515	3738	0.956190
3802	3738	-0.233028
3882	3738	-7.743710
3889	3738	-1.198694
3904	3738	7.404203
92	3740	5.493738
97	3740	1.970891
110	3740	-6.744455
113	3740	4.936575
148	3740	9.496365
187	3740	11.196408
209	3740	-7.700133
214	3740	7.624545
310	3740	6.073481
370	3740	18.487391
403	3740	6.507966
407	3740	2.288962
439	3740	2.591300
456	3740	2.286811
474	3740	-4.639177
550	3740	1.424842
551	3740	3.252148
553	3740	24.162167
615	3740	-4.729702
707	3740	-4.620739
737	3740	12.891229
777	3740	-2.023378
895	3740	3.848437
1075	3740	7.566051
1085	3740	3.217703
1101	3740	0.358561
1125	3740	15.394460
1126	3740	13.471103
1216	3740	-13.219706
1332	3740	-13.711344
1374	3740	-1.706762
1377	3740	8.562309
1485	3740	27.397141
1536	3740	-13.904380
1560	3740	2.913053
1589	3740	-11.307060
1630	3740	-3.748244
1646	3740	-22.578604
1655	3740	2.633150
1667	3740	7.651510
1700	3740	3.609093
1705	3740	-2.288485
1747	3740	14.792704
1812	3740	-4.155048
1854	3740	22.654087
1878	3740	13.243106
1947	3740	-3.585825
1955	3740	5.291931
1976	3740	-17.647000
1985	3740	-4.874745
2060	3740	-17.495726
2117	3740	2.358667
2181	3740	1.584147
2216	3740	-0.498721
2217	3740	-8.272952
2229	3740	5.849783
2341	3740	4.837063
2347	3740	0.366427
2432	3740	0.107888
2436	3740	-6.730952
2492	3740	-5.072933
2495	3740	-1.456251
2586	3740	-3.573199
2617	3740	-2.376727
2827	3740	3.206546
2836	3740	8.804080
2846	3740	7.370099
3006	3740	-3.073141
3019	3740	-0.760426
3132	3740	-5.408886
3182	3740	-0.971471
3191	3740	-2.202719
3214	3740	-8.144758
3256	3740	-0.311600
3370	3740	-15.301997
3374	3740	2.126571
3376	3740	8.736906
3441	3740	6.171994
3488	3740	1.654875
3489	3740	14.594260
3622	3740	-11.806251
3637	3740	-23.134949
3657	3740	-7.951113
3701	3740	24.137777
3740	3740	57.351283
3802	3740	-4.941795
3885	3740	0.370681
3904	3740	-13.214047
3945	3740	-35.959856
4016	3740	2.605770
549	3742	2.398550
615	3742	3.552183
873	3742	-14.544636
1841	3742	-16.217386
2214	3742	-0.349039
2291	3742	-18.372099
3098	3742	0.297979
3196	3742	8.816807
3256	3742	-15.974443
3663	3742	-4.396520
3847	3742	5.051524
448	3743	16.868273
1584	3743	6.859253
1929	3743	-13.245907
1947	3743	-7.758027
2026	3743	-2.894284
2349	3743	-10.814334
2911	3743	3.345324
2913	3743	-1.874109
2925	3743	6.014375
3382	3743	-23.835054
73	3744	7.799229
113	3744	-14.359765
815	3744	-3.498490
1347	3744	5.466590
1485	3744	12.026498
1682	3744	-11.055864
2411	3744	3.295735
2665	3744	-21.627385
3227	3744	5.730432
3915	3745	3.553112
68	3746	11.668501
243	3746	-7.604786
342	3746	-13.995858
677	3746	0.580699
1246	3746	-9.611713
2026	3746	0.081242
2134	3746	12.416199
2387	3746	6.285840
550	3747	7.481229
895	3747	7.375868
1144	3747	1.976982
2270	3747	10.271071
14	3748	3.498829
163	3748	-10.657530
501	3748	1.515770
737	3748	3.109294
843	3748	1.705373
1116	3748	12.057833
2064	3748	24.381173
2468	3748	0.695408
2766	3748	-5.751522
3097	3748	4.086565
3227	3748	-18.218768
3666	3748	-8.378086
3742	3748	-1.245906
4073	3748	12.955776
92	3749	-9.660879
221	3749	-10.022517
310	3749	-3.203206
407	3749	10.839180
638	3749	8.330561
777	3749	-6.556727
895	3749	-9.665580
963	3749	8.150920
1455	3749	3.547586
2181	3749	-0.177981
2332	3749	19.999787
2465	3749	-32.744318
2573	3749	-10.063604
2764	3749	2.840126
2984	3749	-4.072030
3740	3749	-1.661441
3982	3749	12.911567
4005	3749	10.460504
4016	3749	-1.810537
2461	3750	-6.736594
3229	3750	16.581488
3234	3750	0.467317
1328	3751	9.901158
1428	3751	4.334999
3542	3751	12.694546
752	3754	-11.986787
1867	3754	9.728880
1427	3755	-13.994077
186	3756	-0.653874
737	3756	21.421581
1589	3756	10.816215
1942	3756	-6.514438
3019	3756	-2.250587
3922	3756	20.190895
84	3758	14.380725
101	3758	-8.514367
394	3758	8.860412
895	3758	2.332018
1741	3758	-7.637076
1766	3758	6.383655
1898	3758	18.766110
2214	3758	2.793727
2403	3758	9.958141
2629	3758	14.725143
233	3760	-10.159607
895	3760	8.902058
1082	3760	-9.105370
1883	3760	-13.617883
2110	3760	-2.654868
2913	3760	-15.420136
214	3761	-8.102900
849	3761	11.725567
3060	3761	21.764260
843	3762	-0.830557
2250	3762	-2.796673
170	3765	1.973233
1238	3765	18.482105
1259	3765	-4.320551
1422	3765	-14.048811
3495	3765	-15.792814
3944	3766	6.535474
625	3768	-4.900263
1635	3768	3.384867
1710	3768	-6.616767
3081	3768	-0.253055
3814	3768	-19.810486
37	3769	-10.209295
97	3769	-17.952275
113	3769	2.944666
154	3769	1.655897
407	3769	10.022015
663	3769	8.725882
828	3769	4.550705
873	3769	-6.137996
895	3769	4.493086
915	3769	4.256378
1023	3769	-0.868594
1046	3769	-4.827188
1089	3769	10.790250
1132	3769	-3.844120
1220	3769	10.007257
1238	3769	7.693678
1347	3769	27.923073
1362	3769	3.402553
1504	3769	-6.470566
1735	3769	-5.725657
2024	3769	-5.954585
2182	3769	1.534276
2223	3769	-13.194370
2229	3769	-3.788781
2302	3769	-0.672896
2512	3769	-0.384829
2672	3769	-3.047340
2798	3769	-1.785504
2848	3769	-5.628869
2918	3769	-1.049112
2940	3769	-5.758798
3044	3769	7.563261
3197	3769	9.767587
3447	3769	-14.339797
3748	3769	-7.731190
3769	3769	1.427575
3915	3769	2.859759
3945	3769	-12.203517
4083	3769	-1.008512
97	3770	-12.673380
113	3770	-2.952782
550	3770	9.719990
664	3770	-16.339740
1078	3770	9.332962
1097	3770	-0.528125
1101	3770	-2.211611
1362	3770	-1.892274
1396	3770	8.163716
1441	3770	6.236472
1715	3770	5.739305
1812	3770	1.571620
1847	3770	14.955228
2121	3770	6.177795
2129	3770	10.267366
2181	3770	8.607874
2270	3770	-4.040013
2436	3770	12.378980
2584	3770	-0.842672
2665	3770	2.590662
2940	3770	-2.016835
2950	3770	6.987517
2962	3770	-13.787403
2987	3770	11.768268
3137	3770	-1.372047
3194	3770	5.901199
3565	3770	3.817299
3670	3770	-1.822935
3770	3770	3.189705
3804	3770	-14.274693
3847	3770	5.162674
3904	3770	0.369908
3945	3770	-4.125312
3973	3770	-4.131658
4041	3770	1.759601
737	3771	-5.841902
1637	3771	-18.896046
2277	3771	-12.391623
3117	3771	-1.729854
545	3773	-4.686903
1576	3773	-8.583827
1655	3773	-7.109433
1682	3773	16.598272
1756	3773	11.715482
1949	3773	-11.953381
2349	3773	-14.435365
2604	3773	-11.383025
3237	3773	10.374378
3622	3773	-14.732562
4083	3773	8.140118
757	3774	10.574268
1165	3774	9.394552
1522	3774	20.058321
1549	3774	8.895254
3567	3774	20.365621
3759	3774	-3.847318
1179	3775	-0.804784
1386	3775	4.769140
1775	3775	4.157087
2277	3775	5.479139
2923	3775	-18.102744
3153	3775	-5.128196
3773	3775	11.957324
37	3776	5.325552
51	3776	-9.653496
97	3776	-9.862005
1101	3776	-8.113235
1464	3776	6.776419
1955	3776	-18.667627
2551	3776	2.689625
2599	3776	-9.324248
3145	3776	-13.235030
3904	3776	2.296740
105	3777	9.992775
289	3781	23.127218
1775	3781	7.109892
42	3782	-16.632164
407	3782	-8.150022
417	3782	4.567907
554	3782	-16.148547
623	3782	-0.531009
823	3782	4.640605
1092	3782	17.194985
1332	3782	5.380364
1468	3782	-5.023987
1469	3782	-9.010818
1524	3782	-7.134999
1538	3782	18.859074
1682	3782	-15.476503
2216	3782	6.199641
2468	3782	0.193710
3242	3782	13.008744
2334	3783	-9.393608
779	3784	17.890121
2419	3784	-4.139130
2468	3784	16.501223
2617	3784	4.899772
2733	3784	5.824504
3236	3784	-3.932353
3666	3784	-8.525066
730	3785	27.421512
219	3786	2.516271
357	3786	9.680094
456	3786	20.599099
500	3786	1.896194
550	3786	2.409779
744	3786	-1.497398
1217	3786	0.984350
1375	3786	4.386105
1399	3786	-13.699508
1510	3786	-28.782642
1533	3786	-17.294737
1656	3786	9.472780
1682	3786	2.222716
1751	3786	-1.388664
1942	3786	-11.081739
1960	3786	-6.523681
2047	3786	8.256852
2054	3786	-5.985276
2130	3786	-5.646402
2210	3786	12.268008
2265	3786	18.654314
2341	3786	-15.921496
2370	3786	-8.670243
2463	3786	21.999451
2545	3786	-2.634621
2691	3786	1.632526
2766	3786	8.877520
2800	3786	7.440128
2803	3786	-5.780062
2857	3786	-6.701711
2871	3786	-5.539292
2907	3786	7.639806
2984	3786	-10.060731
3044	3786	6.635081
3301	3786	-0.489377
3485	3786	1.346076
3510	3786	1.471754
3793	3786	-5.580434
3802	3786	1.036115
3823	3786	7.443258
3945	3786	11.155805
4082	3786	-11.733410
2327	3787	-3.521929
2364	3787	5.988092
3214	3787	-9.640445
110	3788	-21.036326
286	3788	-13.532896
900	3788	2.713587
914	3788	13.390448
1101	3788	-9.451823
1682	3788	-17.540706
1895	3788	-4.462717
2208	3788	-0.385728
2265	3788	-6.824848
2806	3788	-5.227308
3464	3788	3.529118
289	3790	-0.649424
812	3790	2.503571
2081	3790	-2.454758
2089	3790	21.089637
299	3792	5.883164
390	3792	-9.451952
756	3792	22.329321
874	3792	-3.068019
975	3792	2.389671
1597	3792	-3.367595
1821	3792	14.375971
2270	3792	-9.094873
2530	3792	8.792165
2736	3792	11.103455
3195	3792	23.418439
4	3793	-3.756086
92	3793	0.272092
145	3793	5.512862
214	3793	3.337397
221	3793	-1.194143
279	3793	-21.181417
365	3793	10.334614
384	3793	8.080054
500	3793	12.955701
532	3793	-5.415245
572	3793	14.387589
578	3793	-0.251637
615	3793	1.541269
623	3793	-14.454717
625	3793	16.746811
737	3793	17.383160
745	3793	-6.635393
777	3793	-24.618066
803	3793	4.820393
852	3793	-3.528638
854	3793	-9.647443
862	3793	4.134841
864	3793	-10.151065
914	3793	-10.961570
977	3793	-9.629912
1015	3793	-7.808822
1039	3793	5.444972
1101	3793	-13.368611
1226	3793	2.703308
1374	3793	-2.997089
1463	3793	2.760983
1471	3793	-2.353154
1485	3793	-9.861760
1646	3793	-2.748414
1655	3793	3.608950
1710	3793	-16.190832
1756	3793	7.727604
1780	3793	1.248333
1787	3793	6.219389
1812	3793	5.248418
1883	3793	9.679001
1955	3793	6.868824
2028	3793	-1.203206
2134	3793	2.159990
2178	3793	10.388653
2212	3793	10.235262
2222	3793	-6.032869
2332	3793	2.957747
2347	3793	15.514779
2468	3793	-12.350036
2490	3793	-12.075178
2523	3793	-10.751732
2803	3793	6.995014
2971	3793	9.816598
3016	3793	-2.947007
3019	3793	2.524754
3129	3793	-0.977276
3146	3793	-1.164645
3274	3793	8.289964
3333	3793	-8.395247
3348	3793	13.903745
3373	3793	-4.073688
3508	3793	-10.649490
3567	3793	-1.520573
3632	3793	14.844015
3645	3793	-10.184768
3709	3793	9.963443
3730	3793	-6.355121
3733	3793	6.203504
3773	3793	-9.140573
3793	3793	20.592986
3865	3793	2.291334
3904	3793	12.041656
3945	3793	16.754366
3985	3793	-3.842932
4016	3793	16.347980
928	3794	-10.826824
3195	3794	-0.078346
18	3795	1.664016
64	3795	1.933866
113	3795	-3.391534
170	3795	-15.511935
171	3795	12.012242
209	3795	-9.844776
278	3795	-7.853398
284	3795	-33.180611
400	3795	-22.209204
456	3795	4.146510
550	3795	0.166058
557	3795	13.969919
615	3795	15.494326
625	3795	11.129011
646	3795	1.592327
737	3795	4.539696
757	3795	-3.567683
772	3795	-0.622541
843	3795	14.912067
862	3795	20.244928
895	3795	-19.635982
932	3795	-11.246952
933	3795	-0.080616
976	3795	4.338098
1039	3795	3.213579
1082	3795	9.082757
1085	3795	-2.062979
1101	3795	-9.957147
1185	3795	-7.971933
1192	3795	7.877005
1216	3795	27.339607
1259	3795	8.796921
1328	3795	6.552875
1332	3795	16.513762
1372	3795	4.795104
1386	3795	-5.900656
1396	3795	9.429312
1485	3795	-11.230655
1522	3795	4.100666
1537	3795	1.575199
1596	3795	5.232698
1655	3795	-7.870658
1747	3795	2.955830
1889	3795	0.523768
1898	3795	-7.161390
1945	3795	5.231721
1949	3795	1.103112
2010	3795	22.565057
2027	3795	0.597644
2051	3795	-9.575495
2066	3795	-29.281463
2084	3795	-2.113131
2169	3795	14.095418
2181	3795	0.041007
2214	3795	-5.332651
2376	3795	11.537327
2379	3795	-5.010214
2393	3795	-0.325659
2571	3795	10.678563
2646	3795	-3.557871
2653	3795	-17.932765
2724	3795	14.617771
2755	3795	2.585641
2766	3795	4.383453
2782	3795	3.621317
2907	3795	13.780238
3032	3795	-9.403081
3044	3795	-0.847320
3143	3795	13.925784
3152	3795	3.488486
3229	3795	13.613538
3256	3795	6.314440
3296	3795	-4.264355
3309	3795	-11.071032
3310	3795	-5.023214
3411	3795	-10.251977
3511	3795	-8.378506
3519	3795	20.139283
3529	3795	-12.666085
3578	3795	-10.635840
3614	3795	-7.063147
3712	3795	24.521321
3734	3795	7.535702
3788	3795	-22.417206
3795	3795	-10.644365
3816	3795	-7.734832
3904	3795	-12.475229
3916	3795	7.965760
3922	3795	-6.452973
3945	3795	12.461491
4033	3795	-0.911372
4059	3795	-3.913699
4062	3795	7.279698
439	3796	-1.474418
630	3796	-14.357729
871	3796	-8.402215
1402	3796	-23.818777
2168	3796	3.245626
2185	3796	1.746068
2480	3796	-8.759557
2737	3798	-3.893829
2782	3798	-8.373269
2855	3798	-12.762959
3570	3798	8.409609
1483	3799	-2.166301
3088	3799	4.012364
3990	3799	2.453605
4	3802	-24.077650
95	3802	11.021207
97	3802	-4.576379
113	3802	-4.532327
115	3802	-6.526902
148	3802	16.273361
330	3802	12.226543
550	3802	-2.036634
586	3802	1.189472
664	3802	12.327651
737	3802	5.856421
777	3802	7.282371
942	3802	-6.739261
978	3802	31.758019
1005	3802	10.308269
1085	3802	-5.212927
1096	3802	7.844598
1097	3802	12.570501
1101	3802	6.116870
1139	3802	9.529260
1155	3802	-11.781325
1185	3802	-19.927261
1186	3802	-16.742535
1216	3802	-3.021696
1291	3802	-0.308139
1350	3802	-7.885746
1362	3802	-4.303250
1386	3802	3.724834
1396	3802	7.766884
1401	3802	6.150257
1485	3802	-2.818118
1538	3802	-0.965014
1663	3802	-0.442783
1763	3802	5.203955
1831	3802	5.581958
1842	3802	6.391973
1848	3802	-14.989892
1884	3802	0.182396
1955	3802	-4.040805
1976	3802	-11.459036
2010	3802	6.637327
2023	3802	-0.933147
2059	3802	-1.678504
2060	3802	18.631221
2089	3802	5.446325
2229	3802	-9.224830
2347	3802	-17.556434
2349	3802	11.023484
2379	3802	-5.340449
2443	3802	14.729112
2494	3802	5.363431
2531	3802	4.990809
2571	3802	10.876785
2599	3802	-8.731661
2617	3802	-7.166608
2619	3802	-8.947088
2653	3802	10.682515
2665	3802	0.358796
2764	3802	-0.083286
2845	3802	0.929173
2901	3802	-15.863552
2963	3802	17.202636
3016	3802	-8.394372
3032	3802	5.956948
3080	3802	1.950421
3194	3802	7.082345
3229	3802	-4.971488
3256	3802	-13.601099
3273	3802	-7.465741
3529	3802	10.360425
3578	3802	10.614922
3693	3802	10.130177
3740	3802	-3.759752
3793	3802	8.417106
3795	3802	-32.193111
3802	3802	-19.668175
3847	3802	11.752617
3866	3802	7.770320
3881	3802	-1.517480
3904	3802	-6.446789
3945	3802	-24.456652
3956	3802	-0.126308
3977	3802	-14.024979
4027	3802	6.290542
4059	3802	7.131722
4062	3802	1.261174
4068	3802	-8.740414
73	3804	-2.130700
97	3804	-11.400885
214	3804	0.383081
352	3804	6.734152
365	3804	-6.890512
384	3804	-12.591585
439	3804	4.526099
456	3804	5.498786
774	3804	1.109109
819	3804	0.575332
873	3804	4.568292
914	3804	-1.426871
978	3804	6.090965
1051	3804	9.228583
1179	3804	2.076167
1216	3804	-0.406711
1462	3804	6.951196
1485	3804	-11.400446
2010	3804	-17.729821
2066	3804	13.732846
2075	3804	-13.933537
2107	3804	-7.505340
2156	3804	16.675555
2393	3804	19.706594
2432	3804	-3.846805
2468	3804	4.357063
2523	3804	1.736657
2538	3804	-9.803979
2546	3804	-17.455156
2562	3804	3.779158
2617	3804	3.395274
2755	3804	-8.121042
2986	3804	7.462613
3289	3804	-17.453059
3327	3804	8.170590
3560	3804	4.929107
3568	3804	-12.896716
3619	3804	1.070094
3684	3804	6.984157
3692	3804	2.398912
3793	3804	0.014855
3795	3804	-4.733273
3804	3804	-12.343535
3962	3804	-9.235027
4024	3804	8.017507
2519	3805	6.256950
363	3806	-1.094827
1144	3806	8.131856
1522	3806	-3.616274
1825	3806	5.592463
3842	3806	0.582915
658	3807	5.220062
941	3808	-23.342472
3925	3808	-0.336032
228	3810	-17.373333
2217	3810	9.130588
2265	3810	-13.237252
42	3811	22.302280
113	3811	-1.177815
186	3811	4.260817
407	3811	10.101837
623	3811	6.578884
625	3811	7.389812
767	3811	2.406969
867	3811	7.084833
1101	3811	-9.530814
1185	3811	-16.325966
1328	3811	7.016323
2066	3811	-6.558501
2266	3811	-17.509343
2665	3811	-0.874012
2727	3811	-13.761892
3404	3811	8.811355
3770	3811	5.689002
3837	3811	-9.811906
3549	3812	-16.754389
1775	3813	-15.473973
2089	3813	12.058715
3080	3813	-2.474086
2036	3814	7.280668
1555	3815	-13.322720
2089	3815	0.965305
2192	3815	12.195919
2599	3815	-3.534878
3184	3815	-0.838011
3256	3815	-3.509747
14	3816	-12.329536
97	3816	-0.877856
419	3816	5.245029
479	3816	4.108571
521	3816	9.408899
609	3816	-5.014671
663	3816	-7.037748
744	3816	12.322426
866	3816	-1.991040
976	3816	7.176417
1101	3816	16.126666
1113	3816	3.000795
1216	3816	-12.643987
1429	3816	22.930373
1435	3816	-0.829517
1540	3816	-7.876812
1851	3816	0.431148
1915	3816	-4.926510
1955	3816	-3.019275
2468	3816	-15.435675
2559	3816	0.409263
2738	3816	10.470248
2911	3816	-4.629519
3006	3816	5.609199
3310	3816	-7.779843
3398	3816	2.562722
3519	3816	15.995307
3608	3816	-6.032872
3662	3816	5.692552
3692	3816	2.709277
3770	3816	-4.827405
3804	3816	2.855322
3904	3816	5.152739
3962	3816	5.452053
1131	3818	11.927776
2706	3818	-13.330940
25	3820	1.022765
148	3820	-2.548550
357	3820	-15.593995
480	3820	6.061981
541	3820	-27.144852
663	3820	17.682770
942	3820	-2.958871
961	3820	-0.427291
1738	3820	12.352447
1882	3820	-4.966865
2130	3820	5.300522
2217	3820	-12.329922
2477	3820	1.679381
3904	3820	22.677411
3925	3820	10.566551
4086	3820	-3.902578
737	3821	8.250007
1077	3821	14.609606
2081	3821	-0.749114
2843	3821	-14.352125
3075	3822	-9.456440
471	3823	-12.687056
756	3823	0.444898
914	3823	8.680427
976	3823	-19.517499
1045	3823	15.541910
1341	3823	7.130395
1374	3823	27.195441
1538	3823	19.246977
2216	3823	-15.596056
2221	3823	-2.939036
2611	3823	9.672921
2846	3823	-6.961357
3274	3823	-11.485726
3310	3823	12.680958
3333	3823	3.704154
3481	3823	7.519750
3793	3823	5.385276
3804	3823	-7.138495
151	3825	-3.839836
2490	3825	-25.673071
3441	3825	6.819974
3527	3825	-1.856207
3578	3825	14.371862
3978	3825	8.651013
1085	3826	15.567806
1310	3826	-5.349454
1492	3826	-11.524364
2040	3826	0.660828
2291	3826	-3.921068
3064	3826	-3.701868
4083	3828	2.806149
874	3830	-7.556107
1723	3830	0.161741
3527	3831	16.507389
3750	3831	-7.259927
3476	3832	9.326538
551	3836	0.452786
3620	3836	-1.623868
437	3837	4.436535
550	3837	-1.374572
1020	3837	1.513398
1682	3837	22.988856
2665	3837	-12.437021
2794	3837	-7.740019
3486	3837	12.141627
3847	3837	-2.927643
3930	3837	-2.548623
4013	3838	-19.669106
74	3840	-12.461088
151	3840	-18.296685
163	3840	-5.396634
663	3840	6.368774
708	3840	-9.800445
748	3840	-1.053715
886	3840	-8.910054
1468	3840	-18.638583
1570	3840	7.281720
1589	3840	8.757492
1741	3840	-6.346630
1865	3840	-4.041668
2347	3840	6.293836
3180	3840	-14.812527
3622	3840	19.959755
3713	3840	-3.566378
1594	3841	-5.507570
5	3842	-8.862133
52	3842	8.464875
187	3842	5.787968
338	3842	2.404345
472	3842	-2.519785
539	3842	0.330830
568	3842	7.184902
663	3842	2.791984
772	3842	12.129910
873	3842	-10.436254
915	3842	-8.516963
1004	3842	16.751263
1101	3842	4.135185
1440	3842	9.278209
1942	3842	2.625029
2062	3842	-9.898878
2129	3842	-1.675109
2216	3842	-8.030297
2270	3842	3.510425
2341	3842	1.420641
2766	3842	7.011791
2778	3842	9.395100
3015	3842	4.897913
3032	3842	11.229680
3080	3842	8.203469
3084	3842	-8.122723
3310	3842	-5.888470
3622	3842	-8.373496
3842	3842	21.896443
3904	3842	1.053451
456	3843	6.020395
838	3843	4.408337
3001	3843	-13.067068
152	3844	-3.934135
2026	3844	17.202956
3904	3844	-11.747566
14	3847	0.446013
64	3847	1.780929
97	3847	-3.508373
113	3847	-0.928395
148	3847	-18.069963
171	3847	-3.045607
384	3847	2.701895
395	3847	-5.492491
439	3847	2.288932
450	3847	-24.291975
456	3847	4.427065
510	3847	-7.911495
537	3847	12.010685
572	3847	-11.210641
737	3847	3.340040
843	3847	-2.661429
978	3847	7.309573
990	3847	-15.300850
1058	3847	4.053625
1085	3847	20.955929
1089	3847	-0.105967
1101	3847	-14.489226
1126	3847	-16.431354
1238	3847	0.905203
1290	3847	8.357657
1310	3847	-15.843985
1377	3847	0.080509
1429	3847	-1.173790
1445	3847	-6.646222
1485	3847	0.357063
1533	3847	-10.307157
1656	3847	-5.837007
1743	3847	1.426468
1854	3847	-21.608466
1883	3847	-8.337314
1955	3847	18.899298
1976	3847	-38.783132
1993	3847	10.566769
2010	3847	-26.266948
2032	3847	13.262785
2056	3847	-11.924793
2060	3847	-8.441803
2066	3847	-0.091826
2089	3847	16.416849
2109	3847	-8.081187
2113	3847	-8.043867
2130	3847	-8.619528
2149	3847	-2.662632
2181	3847	-0.842164
2192	3847	-0.505332
2229	3847	-14.957941
2262	3847	-0.607918
2287	3847	2.796798
2341	3847	0.135038
2393	3847	7.115978
2436	3847	-8.454293
2523	3847	16.802640
2538	3847	-10.189350
2608	3847	15.415662
2633	3847	12.008307
2648	3847	-8.889727
2665	3847	-3.158391
2766	3847	5.314362
2787	3847	-1.182073
2846	3847	-3.926515
3006	3847	-1.379511
3080	3847	-0.891070
3105	3847	18.820645
3229	3847	1.061473
3256	3847	2.736661
3314	3847	4.015274
3333	3847	16.574966
3608	3847	-24.468293
3703	3847	-22.399899
3742	3847	-1.484488
3802	3847	-16.563998
3847	3847	0.724018
3882	3847	0.662477
3915	3847	-5.379941
3922	3847	-7.499359
3933	3847	-9.635455
3945	3847	5.544994
3976	3847	-24.615379
4016	3847	-14.698041
4028	3847	4.032161
1955	3848	-9.927240
1970	3849	-9.136475
2187	3849	0.050349
3482	3849	18.710283
1196	3851	-0.233555
2064	3851	7.321807
1651	3852	6.173287
2059	3852	3.800141
18	3853	9.329080
209	3853	1.890766
737	3853	-9.454912
926	3853	8.419529
1101	3853	15.203036
1538	3853	12.700026
2066	3853	7.334781
2111	3853	3.808716
2523	3853	-12.306992
2713	3853	3.937043
2820	3853	-0.011208
3477	3853	-1.902900
3622	3853	6.394362
3853	3853	-12.064819
4005	3853	0.601507
572	3855	7.394931
862	3855	6.936457
1216	3856	21.431549
708	3858	-2.453102
976	3858	-13.556435
1970	3858	12.386869
2512	3858	4.897727
3935	3858	5.310373
456	3861	-5.930905
1767	3861	6.477380
2204	3861	13.891607
2800	3861	-12.013148
3749	3861	0.959698
3945	3861	-2.694303
2561	3862	6.336757
1414	3864	15.864120
1689	3864	-17.492062
429	3865	5.680875
893	3865	-9.621263
1718	3865	-16.027234
2341	3865	-12.571846
2513	3865	13.088329
2729	3865	-3.717221
2770	3865	10.207545
3662	3865	-10.893833
58	3866	11.208653
97	3866	-13.158399
399	3866	-4.811349
407	3866	3.276988
550	3866	-3.026213
577	3866	8.734013
852	3866	-11.904724
1097	3866	-2.277778
1101	3866	12.117385
1169	3866	1.492381
1181	3866	-4.776609
1230	3866	10.108859
1351	3866	-3.617579
1362	3866	11.463243
1377	3866	-9.377432
1407	3866	9.647802
1651	3866	-6.936266
1655	3866	-1.160076
1682	3866	16.851472
1719	3866	4.313601
1791	3866	3.319997
1955	3866	-1.469384
2229	3866	18.822344
2291	3866	-9.282427
2302	3866	3.796947
2541	3866	0.437599
2639	3866	-13.072338
2920	3866	-5.348889
2984	3866	-6.743875
3006	3866	13.031393
3556	3866	0.341841
3649	3866	9.355743
3689	3866	2.802859
3847	3866	5.689606
3866	3866	9.391034
3885	3866	-7.061895
3973	3866	-9.561029
25	3867	-7.533851
86	3867	-9.925303
135	3867	-9.652672
370	3867	2.883528
976	3867	5.845200
1186	3867	-12.491456
1622	3867	-15.323568
1976	3867	-9.140521
2024	3867	4.565599
2665	3867	-1.764239
3201	3867	-1.071901
3229	3867	4.959144
3408	3867	-18.636316
3447	3867	-10.923189
344	3868	-0.894632
4021	3868	-0.328961
769	3869	6.113379
1948	3869	-17.040271
3510	3869	-3.609577
1337	3870	4.019279
1723	3870	-15.459541
2117	3870	-9.556912
2694	3870	-12.544742
3927	3870	-8.852674
97	3872	-18.715833
1299	3872	3.372577
1375	3872	8.009917
2729	3872	14.975834
4007	3872	-2.072747
14	3873	-3.582040
933	3873	2.858395
1637	3873	9.575729
1655	3873	15.808845
1847	3873	-8.541974
2825	3873	2.784070
3477	3873	2.309964
3776	3873	-11.931173
3788	3873	-1.456025
3872	3873	7.841547
3887	3873	-6.839819
453	3874	-24.117991
221	3876	20.751750
2816	3876	-15.247738
3174	3876	-13.005625
3519	3876	29.537327
3956	3876	22.107873
320	3878	-2.182399
957	3878	5.380994
1655	3878	-0.705741
1945	3878	3.487380
2826	3878	13.443340
146	3879	-10.245531
306	3879	-22.503907
382	3879	-11.134498
895	3879	-10.102015
1216	3879	12.416224
1376	3879	15.721246
2940	3879	-19.601430
2943	3879	7.936568
3816	3879	-0.690790
3973	3879	-14.026463
131	3880	-2.592288
742	3880	-2.710375
2278	3880	5.354074
1976	3881	5.397490
3310	3881	-10.158369
3578	3881	-6.670264
3847	3881	10.066818
73	3882	0.847746
97	3882	-6.063360
113	3882	-5.422948
310	3882	-5.214480
357	3882	-3.223023
895	3882	-24.953499
1051	3882	-9.798403
1077	3882	0.293977
1216	3882	-5.850937
1533	3882	15.088889
1537	3882	-5.160385
1555	3882	3.993164
1682	3882	-4.178487
1897	3882	-2.606118
2006	3882	-9.318843
2066	3882	-4.008918
2216	3882	8.523981
2327	3882	-3.794786
2463	3882	20.876106
3217	3882	-0.998585
3315	3882	12.053955
3329	3882	0.152482
3430	3882	-10.372584
3441	3882	-5.958715
3486	3882	-4.148536
3514	3882	-1.766961
3740	3882	17.673120
3842	3882	-4.840847
3876	3882	17.138424
3904	3882	7.185020
4027	3882	23.305471
3229	3883	4.519603
3231	3883	18.352510
3866	3883	-6.446867
187	3884	7.213529
663	3884	-16.312237
1026	3884	3.487757
1589	3884	-3.482092
3784	3884	11.866711
4	3885	19.780151
73	3885	-13.594286
113	3885	-4.645897
190	3885	8.830051
253	3885	-1.462936
456	3885	-20.451885
553	3885	-8.917048
572	3885	2.057865
625	3885	-8.583189
684	3885	13.763883
831	3885	-5.791007
843	3885	-0.637301
895	3885	15.380729
977	3885	6.303929
1216	3885	-2.224086
1354	3885	24.070314
1360	3885	-0.847080
1362	3885	28.772017
1377	3885	6.004383
1408	3885	-0.688652
1452	3885	13.463520
1485	3885	10.815750
1651	3885	7.947613
1719	3885	-10.511222
1873	3885	-8.919728
1976	3885	-5.329127
2027	3885	10.329894
2105	3885	2.270832
2214	3885	-8.279728
2619	3885	-6.823576
2685	3885	-7.437435
2733	3885	4.627316
2855	3885	-8.838616
2947	3885	-9.529618
3309	3885	-15.894826
3578	3885	4.791821
3639	3885	-0.815219
3793	3885	-7.727560
3804	3885	10.986477
3885	3885	7.790097
3945	3885	-15.285765
1723	3886	3.177547
2709	3886	8.667833
2840	3886	10.696135
122	3888	3.577796
47	3889	4.742685
73	3889	15.882293
97	3889	-8.200581
113	3889	-12.106347
170	3889	-9.992060
456	3889	-12.795689
743	3889	-7.485637
836	3889	3.854921
1097	3889	-19.237315
1101	3889	14.343219
1127	3889	-1.745048
1328	3889	-6.964971
1374	3889	-3.694182
1429	3889	15.466008
1570	3889	-3.411626
1624	3889	-3.604017
1767	3889	-9.854821
1865	3889	9.375908
2025	3889	-10.743403
2130	3889	7.506766
2387	3889	-8.074148
2561	3889	0.277288
2766	3889	6.650129
3108	3889	11.883055
3235	3889	-14.497167
3301	3889	-8.409131
3373	3889	-7.002366
3476	3889	4.527645
3477	3889	11.690050
3485	3889	5.674825
3529	3889	9.143990
3530	3889	3.257526
3578	3889	21.225693
3620	3889	1.884081
3730	3889	6.814416
3770	3889	-13.716153
3867	3889	-2.735775
3875	3889	-3.698970
3889	3889	-0.128956
3902	3889	-15.566846
3904	3889	4.827209
4014	3889	9.629736
4023	3889	-8.840679
4034	3889	8.642275
4041	3889	12.881919
4086	3889	9.359222
736	3890	17.774100
1113	3890	10.719571
1216	3890	21.442294
1362	3890	4.306585
1430	3890	-3.810429
1655	3890	-1.450421
1764	3890	20.818672
1944	3890	-4.373419
2270	3890	-1.175629
2393	3890	-6.290197
3229	3890	-9.518253
3291	3890	-2.160239
3380	3890	-1.294354
3519	3890	-2.658746
3748	3890	11.290376
3811	3890	-4.456458
3962	3890	18.036258
757	3893	-6.381820
1144	3893	2.492628
1663	3893	9.600188
2129	3893	-21.548674
2146	3893	6.009498
2822	3895	-0.391381
4004	3895	12.796672
218	3896	-9.897597
705	3896	37.476125
1310	3896	-5.696904
285	3902	-1.343646
1719	3902	9.485210
5	3904	-0.524501
13	3904	4.973106
17	3904	3.766954
42	3904	-0.221865
73	3904	11.182703
97	3904	8.919757
113	3904	-27.183658
170	3904	20.332269
171	3904	13.106796
209	3904	-15.970793
211	3904	8.992428
219	3904	3.588399
238	3904	0.470122
310	3904	-16.656972
407	3904	-9.625214
452	3904	-18.215088
456	3904	23.781359
472	3904	8.593216
476	3904	-7.562086
477	3904	5.081123
491	3904	-10.949444
521	3904	2.790662
541	3904	-10.610036
545	3904	-8.724740
568	3904	-6.554958
589	3904	-10.121613
615	3904	-11.694113
623	3904	-7.727285
625	3904	-14.354113
663	3904	-11.333346
737	3904	-43.399661
798	3904	-5.141221
895	3904	18.482150
914	3904	1.390946
915	3904	-10.356957
949	3904	-6.888007
961	3904	-19.955132
970	3904	-14.740966
976	3904	21.193680
977	3904	-0.704955
1015	3904	4.409896
1023	3904	-0.802373
1025	3904	2.955335
1089	3904	-0.126203
1092	3904	14.542540
1101	3904	8.541906
1147	3904	7.431729
1155	3904	29.495453
1179	3904	13.823532
1185	3904	18.704528
1209	3904	22.559692
1213	3904	4.168120
1216	3904	1.276738
1238	3904	-6.086667
1261	3904	-0.719102
1291	3904	25.583664
1328	3904	28.585030
1362	3904	9.804613
1367	3904	5.824645
1370	3904	-9.569927
1375	3904	1.390009
1414	3904	2.210859
1429	3904	-6.742807
1479	3904	8.267766
1485	3904	18.670124
1504	3904	-14.189032
1513	3904	14.855168
1522	3904	-11.461431
1523	3904	1.746391
1537	3904	-1.662908
1540	3904	7.857195
1555	3904	17.141724
1560	3904	-21.368507
1564	3904	2.874214
1589	3904	1.842886
1594	3904	-6.499051
1614	3904	-5.459047
1634	3904	4.022259
1655	3904	0.795905
1679	3904	3.173338
1681	3904	4.727253
1682	3904	-9.149310
1709	3904	-15.243958
1726	3904	7.139309
1738	3904	-4.808709
1741	3904	-4.414580
1772	3904	6.380787
1883	3904	1.822944
1894	3904	6.030831
1922	3904	-8.075066
1952	3904	-0.199473
1955	3904	22.504636
1992	3904	-5.324561
2007	3904	-8.025489
2010	3904	-0.232114
2066	3904	-5.260518
2109	3904	-17.650800
2120	3904	-13.760633
2170	3904	-26.345123
2181	3904	7.552954
2216	3904	4.989841
2223	3904	-2.044807
2226	3904	1.600023
2229	3904	-5.871906
2237	3904	9.079979
2265	3904	-14.762902
2287	3904	-8.499284
2302	3904	3.323070
2332	3904	-7.011541
2393	3904	2.177331
2424	3904	6.341704
2436	3904	9.112007
2441	3904	-10.650166
2465	3904	-19.737274
2468	3904	-0.998202
2490	3904	-7.386593
2512	3904	4.469522
2532	3904	-8.125548
2545	3904	23.760168
2617	3904	-11.766764
2665	3904	-23.623053
2685	3904	5.670349
2729	3904	9.861052
2733	3904	-0.382771
2759	3904	9.929329
2764	3904	29.008560
2766	3904	-7.466237
2772	3904	-13.918710
2816	3904	-17.094371
2857	3904	-9.853983
2907	3904	22.773454
2916	3904	6.554568
2919	3904	-1.806565
2922	3904	11.399000
2962	3904	5.120632
2989	3904	-3.228937
2998	3904	10.416584
3007	3904	1.386061
3061	3904	0.123177
3091	3904	8.771398
3129	3904	-1.024945
3158	3904	9.767526
3194	3904	-16.550155
3195	3904	15.940591
3208	3904	8.013155
3229	3904	-9.872202
3256	3904	-17.915077
3274	3904	-12.249253
3275	3904	1.294704
3373	3904	1.988344
3430	3904	-8.143504
3441	3904	1.675091
3447	3904	-10.386192
3476	3904	-13.835921
3481	3904	-8.552047
3485	3904	-15.951987
3499	3904	-11.745603
3515	3904	0.285321
3578	3904	-6.218509
3579	3904	2.091272
3614	3904	2.806969
3645	3904	13.198342
3662	3904	-0.311755
3689	3904	14.674911
3713	3904	-7.883057
3740	3904	-4.691197
3749	3904	-3.334691
3793	3904	14.744448
3795	3904	-3.326986
3802	3904	12.040061
3842	3904	-5.155787
3861	3904	10.807513
3866	3904	-33.308993
3904	3904	108.938610
3945	3904	35.296391
3974	3904	7.123636
4009	3904	-4.620924
4023	3904	6.348697
4083	3904	2.490903
1148	3906	-1.884429
2125	3906	-2.331093
3983	3908	-17.941375
25	3909	5.494768
284	3909	-1.316776
400	3909	-2.623826
439	3909	-10.419241
586	3909	1.998465
656	3909	-3.268921
895	3909	-36.442036
1077	3909	6.136638
1216	3909	12.635232
1328	3909	13.034942
1581	3909	-4.038979
2027	3909	9.980213
2066	3909	10.071691
2118	3909	7.746305
2492	3909	5.205449
2856	3909	6.419070
2907	3909	9.149834
3185	3909	4.357776
3229	3909	-3.899282
4073	3909	-5.115366
4083	3909	9.598869
46	3910	-13.143147
456	3910	11.632520
862	3910	16.202106
1101	3910	24.081252
1581	3910	-3.303758
1651	3910	-17.880593
2158	3910	1.981887
2397	3910	5.469336
2412	3910	-0.562555
2419	3910	-7.314473
2557	3910	8.859656
2962	3910	17.074369
3229	3910	-4.310271
3333	3910	26.295889
3519	3910	6.975098
3578	3910	2.676555
3984	3910	16.588206
4068	3910	-4.828004
80	3912	-2.562597
1675	3912	11.195187
3882	3912	4.995711
765	3914	-15.894380
3460	3914	-5.324549
92	3915	17.409422
97	3915	-11.574501
155	3915	9.094378
233	3915	6.527735
384	3915	2.295887
507	3915	4.598532
619	3915	11.680491
737	3915	-2.499828
895	3915	-2.748498
994	3915	-11.961750
1332	3915	-0.138932
1362	3915	15.442056
1408	3915	-2.051371
1522	3915	-1.849941
1538	3915	21.879664
1656	3915	6.473403
1808	3915	-11.396542
2107	3915	1.389999
2235	3915	0.077976
2246	3915	-2.626177
2482	3915	3.086683
2604	3915	-1.218065
2683	3915	-5.874337
2729	3915	-4.511925
2795	3915	11.775126
3044	3915	10.248328
3158	3915	-5.775435
3727	3915	-7.365596
3793	3915	16.315528
3915	3915	2.499050
4086	3915	-2.799212
14	3916	-6.286120
2925	3916	-7.372308
3282	3916	3.931247
186	3917	-3.470675
3603	3917	10.514817
734	3919	10.018680
1019	3919	2.160041
1064	3919	-0.832543
1169	3919	-9.046722
1726	3919	10.207577
2039	3919	-9.640473
2278	3919	6.603482
2297	3919	-3.888020
2464	3919	-5.613434
2606	3919	6.100650
3410	3919	9.747875
1581	3920	-1.895568
2278	3920	9.331700
3158	3920	-0.232064
16	3922	-9.673217
114	3922	2.396247
155	3922	-14.088587
202	3922	-16.101501
289	3922	-4.099085
407	3922	8.567805
439	3922	5.636795
615	3922	10.360181
862	3922	6.240957
895	3922	5.558466
987	3922	-23.426967
1075	3922	9.106273
1101	3922	2.096369
1429	3922	-11.269858
1522	3922	2.431694
1587	3922	4.118724
1682	3922	-6.086314
1706	3922	-10.327922
1841	3922	4.541150
1851	3922	-9.795377
1955	3922	2.033476
1990	3922	0.631421
2221	3922	-16.191464
2302	3922	-6.691584
2332	3922	-7.602333
2393	3922	-8.623987
2416	3922	5.039061
2907	3922	3.206318
3195	3922	-0.398793
3256	3922	-5.659036
3259	3922	2.082678
3293	3922	10.997276
3410	3922	-1.896886
3441	3922	24.133184
3565	3922	11.100182
3639	3922	5.001670
3740	3922	9.292873
3742	3922	-3.201662
3927	3922	13.167168
3945	3922	15.944279
2393	3923	5.070446
3713	3924	-11.457136
20	3925	2.602687
163	3925	0.962266
757	3925	2.775359
829	3925	1.090490
1428	3925	-6.876902
1677	3925	9.277185
2051	3925	-10.925667
2429	3925	-19.067723
2599	3925	-2.206316
2674	3925	-1.757125
3044	3925	-26.491747
3310	3925	17.806198
3333	3925	1.677509
3889	3925	15.453203
734	3926	-23.056051
1004	3926	0.383254
2105	3926	2.333362
2791	3926	-7.928302
3821	3926	-11.740874
3556	3927	-11.263519
148	3928	-15.397440
456	3928	9.373888
541	3928	-10.239132
557	3928	-2.854542
615	3928	3.899918
1079	3928	4.618857
1377	3928	6.920111
1724	3928	-2.199307
2066	3928	8.137476
2113	3928	14.991664
2551	3928	-2.054005
2962	3928	21.743222
3719	3928	1.827824
3793	3928	-8.454857
3928	3928	5.421637
3996	3928	-2.964054
710	3929	0.218290
3269	3929	-19.115100
3973	3929	3.657440
49	3930	9.593748
97	3930	2.408997
113	3930	2.189694
976	3930	-15.931079
1160	3930	-3.415831
1386	3930	-13.307687
1470	3930	-7.840585
1505	3930	4.019696
1667	3930	-19.082397
1759	3930	-5.637343
2216	3930	-5.580564
2515	3930	-5.938244
2665	3930	11.086419
3131	3930	-8.193135
3469	3930	-1.496677
3504	3930	-15.513516
3666	3930	3.095262
3769	3930	-10.948906
1847	3932	4.851439
3345	3933	7.635881
3371	3933	-9.604762
14	3935	-1.457889
439	3935	16.827542
623	3935	-3.111533
796	3935	0.253465
874	3935	3.689076
927	3935	7.945123
1033	3935	-7.795957
1039	3935	-24.346576
1429	3935	-33.562456
2477	3935	-8.001384
3373	3935	-1.129072
3374	3935	8.557129
3699	3935	-5.481072
3719	3935	-3.426755
3770	3935	-14.492370
4021	3935	-11.051646
2803	3936	-12.284440
1518	3937	-7.993371
2733	3937	-3.929788
2930	3937	-17.854826
3267	3937	-1.077903
3343	3937	-15.885938
3771	3937	-14.061677
829	3938	12.139396
2571	3938	15.876246
3786	3939	-15.861405
119	3940	10.333521
958	3940	-2.666132
1738	3940	4.042966
2084	3940	5.019824
2379	3940	7.143381
2436	3940	22.023683
2826	3940	-23.225656
3423	3940	-5.261266
3693	3940	3.483302
919	3941	-1.078584
3907	3941	-6.958352
3984	3941	21.186827
3990	3941	-1.923372
268	3942	14.534424
895	3942	15.792668
1046	3942	-7.529183
1328	3942	-2.211521
1462	3942	-2.344029
1468	3942	-22.727190
1922	3942	4.459763
2129	3942	2.600962
2156	3942	6.068268
2575	3942	-19.542127
3275	3942	13.659498
3990	3942	5.405782
4	3945	9.313278
14	3945	-20.640666
30	3945	16.345126
42	3945	-3.622576
64	3945	-18.294452
73	3945	1.594175
95	3945	8.556432
97	3945	-6.957923
110	3945	-18.532529
113	3945	15.329696
148	3945	-17.132175
163	3945	-10.461284
170	3945	2.520538
187	3945	14.372246
214	3945	2.080916
299	3945	-2.067075
303	3945	4.457557
400	3945	-11.156053
417	3945	4.056676
439	3945	-22.974944
448	3945	-16.491908
450	3945	0.653906
452	3945	-4.970163
456	3945	5.252611
473	3945	-6.343258
521	3945	2.830697
550	3945	16.137930
572	3945	-22.940509
603	3945	-7.332509
615	3945	6.662874
619	3945	-18.986076
663	3945	0.002783
685	3945	15.385559
711	3945	2.941873
724	3945	4.302647
736	3945	5.594807
737	3945	24.480124
744	3945	-2.809241
746	3945	-7.308369
748	3945	1.925257
777	3945	-14.308833
780	3945	5.247405
841	3945	-10.877027
843	3945	-21.578231
852	3945	8.549907
862	3945	-1.766290
866	3945	-6.909046
874	3945	-5.712614
886	3945	11.879709
893	3945	9.590177
895	3945	20.673896
900	3945	8.473226
949	3945	-37.115465
977	3945	32.017738
989	3945	-2.784989
1078	3945	-3.890908
1085	3945	6.539994
1097	3945	11.431556
1101	3945	15.792507
1117	3945	18.619776
1146	3945	10.192977
1169	3945	4.004853
1185	3945	-1.644709
1216	3945	-5.664831
1230	3945	6.995432
1238	3945	20.183550
1259	3945	18.552696
1291	3945	-3.513087
1316	3945	2.838587
1362	3945	8.000871
1374	3945	-7.848002
1377	3945	24.110210
1396	3945	11.828681
1429	3945	41.602106
1431	3945	-12.975858
1437	3945	5.957881
1468	3945	-24.843210
1485	3945	-1.019964
1502	3945	-15.314890
1504	3945	9.077144
1522	3945	-20.902013
1538	3945	18.638901
1555	3945	-3.931249
1594	3945	-10.653824
1651	3945	2.524340
1667	3945	15.954389
1682	3945	-8.539864
1710	3945	-13.738754
1716	3945	-30.291182
1738	3945	-2.434018
1755	3945	7.130992
1763	3945	-4.136367
1948	3945	22.125170
1952	3945	14.727714
1955	3945	40.016871
1976	3945	-6.865534
1992	3945	8.744424
2047	3945	14.335470
2060	3945	19.057650
2066	3945	-15.690068
2071	3945	10.838084
2093	3945	-9.057562
2181	3945	11.274998
2214	3945	6.591808
2221	3945	-7.340499
2263	3945	1.004421
2270	3945	30.903126
2291	3945	10.184014
2341	3945	7.156353
2393	3945	-18.639402
2403	3945	-9.596999
2436	3945	30.575186
2463	3945	-12.006193
2465	3945	-7.230690
2472	3945	-29.290158
2490	3945	-9.964571
2494	3945	2.187385
2521	3945	12.464317
2551	3945	15.154352
2599	3945	-19.483331
2665	3945	-3.385087
2685	3945	-18.184101
2729	3945	-5.267119
2782	3945	5.842432
2816	3945	-11.817048
2907	3945	-19.313393
2911	3945	-0.099118
2915	3945	-13.111504
2930	3945	4.192907
2931	3945	5.335891
2990	3945	-10.032223
3032	3945	1.484296
3044	3945	-4.014251
3057	3945	-9.895968
3131	3945	-10.119237
3144	3945	-14.066385
3173	3945	23.692376
3183	3945	2.870860
3194	3945	8.729628
3229	3945	76.513417
3240	3945	0.537263
3256	3945	16.632705
3261	3945	7.869149
3274	3945	-4.821578
3301	3945	9.069306
3310	3945	-15.848247
3317	3945	-1.946725
3344	3945	-7.813107
3366	3945	-5.119077
3373	3945	-8.484196
3405	3945	-0.865361
3428	3945	6.368356
3430	3945	17.187073
3441	3945	-6.796820
3447	3945	-4.770989
3485	3945	-9.530410
3519	3945	13.318134
3578	3945	20.012400
3614	3945	18.257698
3622	3945	26.039264
3688	3945	-6.737475
3691	3945	-10.192201
3712	3945	-15.027741
3740	3945	17.837587
3750	3945	-2.927638
3770	3945	17.252862
3793	3945	4.464705
3802	3945	-6.597229
3847	3945	-10.236154
3865	3945	11.133868
3866	3945	-15.565449
3904	3945	-6.461480
3919	3945	-12.442159
3922	3945	7.342960
3935	3945	7.614650
3945	3945	42.769427
3973	3945	4.013289
4032	3945	-6.007751
4051	3945	-2.139201
4059	3945	7.694252
4073	3945	-3.352368
4086	3945	2.073712
1237	3946	-19.504076
97	3949	-14.059692
3158	3949	-14.939387
1787	3950	-1.229398
2376	3950	4.279712
2490	3952	0.702347
546	3953	4.016458
726	3955	1.345467
1226	3955	-10.004134
1763	3955	18.689373
2066	3955	-12.651537
3019	3955	11.977104
3044	3956	-15.028202
3113	3956	11.267033
3818	3957	7.258337
2490	3958	-8.771120
3367	3958	-5.773811
60	3959	1.494735
285	3959	-19.974428
589	3959	22.526478
928	3959	6.195186
1010	3959	2.492117
1897	3959	-5.774184
2490	3959	-16.315979
2538	3959	-7.320654
2954	3959	-9.450809
3158	3959	7.857376
3171	3959	2.228463
3603	3959	15.179074
1470	3961	-3.410321
600	3962	11.798815
777	3962	-9.035669
1179	3962	-4.151468
1536	3962	3.029124
1667	3962	-23.173829
1682	3962	-1.222390
2037	3962	1.952363
2066	3962	7.339556
2393	3962	-24.069642
2464	3962	-12.604160
2523	3962	-12.318551
2824	3962	7.089005
3006	3962	1.626901
3337	3962	10.942867
3585	3962	-1.610896
3641	3962	-2.113792
3701	3962	13.461628
3847	3962	12.970241
3945	3962	-5.866633
4016	3962	-11.796020
2066	3963	17.191567
357	3965	-11.816834
384	3965	-10.546022
978	3965	-6.941063
1054	3965	12.132255
1238	3965	14.946247
2492	3965	5.437236
3404	3965	5.117804
3730	3965	-16.514725
3945	3965	4.491974
664	3967	2.775959
1238	3967	-9.179479
2655	3967	-10.560537
3945	3967	18.640157
522	3968	5.139434
362	3969	-9.384924
852	3969	3.232973
1115	3969	-5.168098
1667	3969	0.927716
1810	3969	10.740040
2047	3969	3.592677
2397	3969	20.050090
4008	3969	3.882238
2907	3972	2.724841
243	3973	1.542499
299	3973	3.021153
394	3973	-11.833583
395	3973	0.814594
579	3973	-3.292265
1033	3973	4.107017
1358	3973	5.960257
1376	3973	-14.112520
1429	3973	7.490692
1635	3973	11.532623
1706	3973	7.282829
1756	3973	12.264768
1802	3973	-0.702509
1955	3973	5.913433
2010	3973	-1.491848
2028	3973	6.446590
2089	3973	2.403549
2665	3973	6.168224
2846	3973	1.063059
3192	3973	-4.110503
3709	3973	-9.782701
3733	3973	12.577454
3802	3973	6.749888
3847	3973	-9.926306
3945	3973	-1.754203
4037	3973	-0.549150
51	3974	-17.919682
3719	3974	17.819158
3920	3974	1.435015
3977	3974	31.184594
310	3976	9.591017
342	3976	15.775235
2226	3976	16.343283
2429	3976	-12.854655
3165	3976	-17.615185
3842	3976	-1.659010
621	3977	9.899702
1025	3977	-19.557991
1132	3977	-5.246058
1347	3977	21.970980
1538	3977	-4.764305
1593	3977	16.145314
1657	3977	5.094181
1726	3977	4.014406
1960	3977	-0.885236
1992	3977	-5.547321
2113	3977	17.438082
2364	3977	23.927273
2589	3977	-6.400141
2820	3977	-17.075921
3477	3977	8.666567
3588	3977	-13.644078
3680	3977	-4.281267
113	3978	1.467115
1108	3978	0.310584
2066	3978	-9.086739
3366	3978	11.083065
185	3979	3.915427
2128	3979	-10.409884
2685	3979	14.600064
3564	3979	-17.308482
1169	3981	-1.693122
2969	3981	25.136979
545	3982	2.914940
3744	3982	16.157330
4001	3982	-10.055836
209	3983	5.804375
439	3983	1.195283
625	3983	0.045383
736	3983	-21.189060
1682	3983	0.918558
2575	3983	21.490679
2907	3983	12.706726
2922	3983	-12.022342
3818	3983	2.137909
3937	3983	8.925102
4004	3983	8.889004
352	3984	0.004016
811	3984	-9.573281
824	3984	14.501097
1374	3984	7.833871
1485	3984	-3.627716
1656	3984	-2.086116
2026	3984	-16.603160
2028	3984	2.595101
2707	3984	-8.066197
2950	3984	-0.571875
3450	3984	-1.137565
3945	3984	-5.954835
4022	3984	-0.545673
4041	3984	0.799528
199	3985	-8.323657
822	3985	3.918202
1089	3985	0.045540
1374	3985	-9.843354
2100	3985	9.507350
2270	3985	5.177895
2907	3985	-9.363689
3575	3985	4.846099
3689	3985	-12.447378
681	3987	9.666528
2600	3987	-8.777099
2193	3989	13.132019
2217	3989	-14.848702
3485	3989	-2.067027
673	3990	1.577163
843	3990	-2.883632
1332	3990	-7.778163
1349	3990	-17.856502
1485	3990	16.219719
3754	3990	-3.675179
4046	3991	-16.783739
783	3992	-7.332144
1508	3992	-4.884463
2249	3992	-16.355678
3488	3992	27.922174
1919	3994	2.122196
1976	3994	13.410379
2530	3994	-5.036966
2755	3994	6.828290
3920	3994	-7.339734
1851	3995	-12.076955
1869	3995	10.968008
2302	3995	4.826105
3256	3995	-13.850358
20	3996	5.541967
306	3996	12.680106
737	3996	-5.597269
1216	3996	-5.229188
1362	3996	-6.784190
1538	3996	-8.786408
1842	3996	-6.474594
1883	3996	0.063458
2901	3996	11.568242
3485	3996	-16.309369
1821	3998	-4.473147
1994	3998	-25.675634
2753	3998	-8.404393
3639	3998	-1.063352
1435	3999	13.732753
1990	3999	6.450040
1101	4000	-4.195581
1944	4000	3.165922
2685	4000	-3.898170
3865	4000	-4.971103
886	4003	16.116319
2777	4003	-15.693197
501	4004	6.144630
893	4004	28.149092
1374	4004	3.475877
1756	4004	3.580607
1766	4004	14.576006
1970	4004	-6.551351
2302	4004	-0.938833
2609	4004	-0.809695
3208	4004	-9.644309
3301	4004	-7.319445
4	4005	6.654084
151	4005	-4.195853
170	4005	1.289604
390	4005	-1.370662
553	4005	4.314428
623	4005	1.476770
737	4005	31.059957
872	4005	8.706203
1077	4005	7.609620
1085	4005	2.424205
1155	4005	9.507828
1226	4005	-30.951570
1227	4005	-1.608217
1428	4005	8.566814
1516	4005	-9.819586
1608	4005	2.716986
1732	4005	4.008977
1847	4005	-19.882381
1889	4005	-3.655350
2028	4005	-9.898746
2060	4005	8.468916
2066	4005	-3.713301
2071	4005	-9.354732
2089	4005	8.523677
2481	4005	8.817510
2665	4005	-10.280003
2930	4005	19.307935
2958	4005	-4.090060
3009	4005	-2.800662
3019	4005	-9.970907
3032	4005	-2.640236
3067	4005	-16.016535
3256	4005	10.121983
3261	4005	-7.724830
3404	4005	-1.117431
3441	4005	-8.949483
3531	4005	4.182956
3599	4005	-6.501596
3689	4005	-6.238034
3738	4005	-1.698773
4005	4005	-20.927729
4034	4005	-1.528442
544	4007	3.008023
3786	4007	-6.082875
143	4008	-4.417357
1489	4008	-0.640498
2492	4008	-6.726559
155	4009	-3.119748
861	4009	10.933766
1362	4009	-1.045867
1646	4009	-9.495593
3329	4009	11.971048
3692	4009	-4.004067
37	4011	4.458242
148	4011	0.158722
2400	4011	-0.330177
2575	4011	-4.630039
3688	4011	-10.996438
940	4012	19.924386
1232	4012	1.710768
1948	4013	21.980618
2212	4013	-10.274506
2265	4013	-14.581219
2665	4013	0.215298
3719	4013	-14.697186
3825	4013	-4.878751
3962	4013	4.106977
1522	4014	10.872455
1897	4014	-16.335181
2054	4014	-15.346798
2826	4014	19.752605
99	4015	-3.428741
880	4015	-14.484168
2547	4015	11.216677
3335	4015	15.778227
3483	4015	0.423174
3595	4015	13.405973
2	4016	3.064223
170	4016	-3.439987
323	4016	7.443221
453	4016	8.729177
576	4016	-0.620198
623	4016	-6.978261
632	4016	3.487742
737	4016	6.716339
742	4016	-5.108753
852	4016	-9.486270
895	4016	-18.085422
977	4016	5.921298
1101	4016	3.134282
1216	4016	18.074721
1238	4016	-3.716714
1259	4016	2.050154
1429	4016	-3.640062
1522	4016	-9.094428
1581	4016	3.134344
1668	4016	-16.552722
1867	4016	2.316415
1889	4016	13.110241
1955	4016	12.946000
2028	4016	-1.322329
2075	4016	-12.888850
2081	4016	-0.730295
2468	4016	-6.790389
2541	4016	-1.270040
2705	4016	5.564339
2755	4016	-6.094633
2794	4016	13.854126
3501	4016	-20.936978
3770	4016	5.378130
3915	4016	-8.108363
2060	4018	-0.550631
3085	4018	12.755935
2471	4020	1.928457
14	4021	7.224239
200	4021	9.505667
211	4021	6.230530
396	4021	-8.843173
424	4021	24.182627
456	4021	-1.820166
500	4021	2.003710
548	4021	6.523418
550	4021	14.202201
623	4021	-3.940595
699	4021	-6.707485
737	4021	-7.122828
789	4021	4.290399
937	4021	-1.059502
976	4021	5.007238
1213	4021	-13.198044
1362	4021	16.632895
1425	4021	8.557193
1780	4021	-9.461763
1955	4021	-1.241840
1976	4021	-6.522903
2129	4021	1.998544
2349	4021	5.073614
2508	4021	-17.971127
2741	4021	7.059165
2990	4021	-5.311620
3158	4021	6.438685
3376	4021	13.912528
3614	4021	4.163541
3645	4021	-5.621824
3733	4021	-14.678294
3969	4021	3.207907
4021	4021	32.315647
4032	4021	-7.028086
4056	4021	-7.069645
4073	4021	-12.053248
456	4022	5.920795
517	4022	16.035275
1281	4022	11.747781
3510	4022	14.986782
3733	4022	2.123805
4	4023	7.979964
51	4023	-3.471832
73	4023	-17.397793
113	4023	8.003543
163	4023	19.409542
212	4023	-8.820397
214	4023	7.687349
281	4023	-18.626600
439	4023	-7.555101
478	4023	-11.265483
623	4023	-16.876954
757	4023	-18.737037
937	4023	-4.639873
1325	4023	-16.547307
1347	4023	-3.867603
1485	4023	-52.565690
1667	4023	-4.408150
1812	4023	4.833042
2492	4023	-14.848462
2646	4023	3.815294
2724	4023	-9.800252
2834	4023	4.389440
3007	4023	1.673264
3032	4023	-2.065495
3075	4023	-13.737386
3144	4023	-10.469742
3204	4023	-7.986112
3229	4023	-0.092121
3578	4023	-12.198570
3605	4023	9.097798
3691	4023	-16.864537
3935	4023	-6.914863
4023	4023	20.465353
4073	4023	10.532162
97	4024	4.823180
214	4024	-12.405676
478	4024	-5.909570
1169	4024	-1.352701
1185	4024	-3.661914
2010	4024	-4.264953
2129	4024	-2.032830
2341	4024	-11.276865
2542	4024	-12.287645
2766	4024	10.898295
2907	4024	5.776902
3477	4024	0.793868
3519	4024	12.013064
3758	4024	28.859202
3866	4025	2.299257
4025	4025	-13.929000
42	4027	-2.865724
384	4027	2.170454
407	4027	10.012337
1726	4027	-4.868067
1799	4027	5.186027
1942	4027	12.577956
2051	4027	3.071977
2729	4027	20.598292
2765	4027	14.634021
2911	4027	-7.588500
2940	4027	6.326770
3310	4027	2.104071
3719	4027	4.507752
3769	4027	-11.434523
4027	4027	-20.173995
14	4028	-15.117033
945	4028	-12.160985
1101	4028	-7.360373
1961	4028	-7.347419
1976	4028	-7.439367
2128	4028	10.506372
2393	4028	-1.766901
2672	4028	-4.656060
2962	4028	6.311628
3866	4028	3.645868
3885	4028	-7.441788
3973	4028	-4.837888
4028	4028	7.087581
2901	4029	4.253847
3821	4031	-5.154343
84	4032	-9.726442
97	4032	5.576391
281	4032	8.816990
394	4032	8.085289
395	4032	10.294469
456	4032	19.119223
472	4032	-1.787293
550	4032	14.634158
1033	4032	3.968763
1099	4032	-14.361904
1101	4032	7.325257
1155	4032	-14.143953
1396	4032	-22.863667
1522	4032	-15.193485
1637	4032	9.717321
1901	4032	1.556731
1976	4032	-4.285654
1979	4032	-8.566355
2060	4032	6.207856
2277	4032	-9.678256
2287	4032	-5.892030
2496	4032	-9.420138
2665	4032	9.625099
2729	4032	-12.278559
2846	4032	4.884657
2848	4032	-6.441976
3143	4032	1.930091
3256	4032	-15.252607
3485	4032	8.763497
3648	4032	2.630685
3698	4032	1.198840
3904	4032	8.182972
3945	4032	25.691116
3976	4032	5.239763
268	4033	9.722538
1101	4033	21.739657
2084	4033	2.885708
238	4034	-3.738610
663	4034	-0.307479
1213	4034	-11.765302
1227	4034	4.402112
1386	4034	11.580491
1637	4034	-9.572651
2490	4034	-17.040732
2925	4034	12.543054
3806	4034	-7.778017
2332	4035	16.941766
2541	4035	-5.147144
775	4037	5.681690
1468	4037	-14.995277
2071	4037	8.118788
2181	4037	1.261209
2764	4037	30.868177
2766	4037	-4.285165
3680	4037	-1.085144
30	4039	5.896543
1092	4039	9.695566
2181	4039	9.939238
757	4040	-6.179893
97	4041	-3.815736
113	4041	-27.853578
163	4041	-9.572104
187	4041	-0.816113
336	4041	15.935416
337	4041	-6.666684
572	4041	-3.027238
646	4041	-11.464722
687	4041	-6.903123
767	4041	-14.400520
769	4041	-3.939492
895	4041	-5.204817
1039	4041	1.411983
1101	4041	-17.242649
1328	4041	-3.831983
1429	4041	-14.603661
1955	4041	14.000980
1976	4041	4.111366
2129	4041	5.095135
2221	4041	-15.044859
2229	4041	-7.040371
2665	4041	-4.607771
2927	4041	8.202150
2932	4041	8.873834
2962	4041	1.762946
3057	4041	8.461212
3229	4041	-6.876833
3241	4041	-18.602422
3373	4041	-11.968849
3415	4041	-1.347042
3578	4041	16.325881
3622	4041	3.647519
3689	4041	-14.654037
3795	4041	3.837204
3879	4041	17.599992
4041	4041	-1.577732
2997	4042	-2.645435
2529	4043	2.584889
3032	4043	-3.628850
170	4045	-1.232950
491	4045	8.914626
3904	4045	0.352748
1555	4046	-7.324297
2138	4046	-0.117873
3274	4046	2.391884
832	4047	-0.936558
1238	4048	-0.815419
1344	4048	1.253323
1522	4048	8.466800
2982	4048	22.955846
3774	4048	0.777991
2265	4049	-1.076924
186	4051	-7.604917
209	4051	11.356977
553	4051	1.649758
893	4051	5.914581
1092	4051	-0.726167
1538	4051	0.683922
1682	4051	3.234516
1706	4051	-6.160172
1812	4051	1.254679
1964	4051	-4.858402
2579	4051	4.207968
2764	4051	7.042692
3653	4051	3.894070
3765	4051	1.444829
778	4052	-20.125854
4085	4053	-8.577618
170	4056	-6.433342
419	4056	1.029184
615	4056	2.688323
663	4056	2.323471
1029	4056	-11.475173
1903	4056	-3.868137
2062	4056	-6.075290
3235	4056	0.878821
3645	4056	0.680064
4021	4056	-6.058033
4056	4056	6.860064
1078	4057	-7.107360
84	4059	-1.885688
238	4059	-5.152979
1039	4059	-1.210476
1485	4059	-14.210241
2299	4059	-17.387619
2312	4059	12.539195
2471	4059	7.348821
2561	4059	2.100825
3044	4059	14.172457
3190	4059	6.452649
3935	4059	-12.851436
812	4061	9.843393
1955	4061	14.704312
2929	4061	7.103565
4016	4061	7.431448
737	4062	14.401057
757	4062	-2.367501
924	4062	-2.434737
976	4062	7.466471
1088	4062	-6.812062
1097	4062	-2.686434
1812	4062	5.029234
1955	4062	-5.319605
2051	4062	-7.405336
2062	4062	9.698526
2154	4062	-3.730224
2925	4062	-2.509434
3379	4062	-16.882714
2071	4063	1.842242
4009	4063	14.019349
965	4064	2.437165
873	4066	-2.656750
1854	4066	5.975317
2384	4066	-2.028237
2583	4066	-0.017709
2804	4066	-1.344279
3333	4066	-3.927342
4071	4066	-1.165762
737	4067	-1.164609
769	4067	4.146735
1396	4067	7.513680
3441	4067	-12.618240
3447	4067	5.602176
3529	4067	-4.295193
231	4068	10.570562
450	4068	-7.672893
492	4068	-0.657788
743	4068	-19.932225
757	4068	12.225143
873	4068	-15.160473
1075	4068	13.794059
1216	4068	-1.776070
1468	4068	3.317358
1667	4068	-2.635501
1976	4068	7.429044
2665	4068	8.358980
3403	4068	-10.476607
3578	4068	3.805598
3802	4068	-5.193213
3904	4068	-6.654406
3933	4068	-7.973873
80	4070	10.890328
380	4071	-12.052558
504	4071	-14.426650
874	4071	12.807708
1219	4071	-2.854175
1564	4071	4.380221
1823	4071	2.388674
2060	4071	-1.168520
2663	4071	12.800742
2665	4071	-1.208044
3344	4071	-0.050075
3596	4071	-24.513201
3645	4071	-3.022564
3811	4071	-0.168268
3945	4071	-15.145552
97	4073	-10.973690
479	4073	-5.288934
557	4073	-15.066336
572	4073	-21.908310
677	4073	5.837089
719	4073	1.105961
774	4073	-0.298043
895	4073	-18.015791
941	4073	-6.625642
1362	4073	12.081679
1367	4073	5.291025
1374	4073	21.400434
1615	4073	-6.395970
1915	4073	-0.367866
1952	4073	8.704628
2000	4073	-5.601615
2272	4073	-13.916211
2278	4073	-6.447514
2287	4073	-2.433169
2463	4073	-18.079646
2538	4073	-5.383902
2665	4073	10.134579
2702	4073	-0.686740
2705	4073	-15.175391
2756	4073	-5.531980
2772	4073	14.538094
2907	4073	-3.628878
2981	4073	6.705274
3143	4073	22.757484
3173	4073	4.043051
3786	4073	8.952209
3795	4073	-5.728101
3973	4073	-8.534218
4004	4073	-0.420373
4073	4073	-0.896459
975	4075	3.651848
2969	4076	-9.377937
3054	4076	0.711716
3622	4079	14.518366
3984	4079	-4.620583
941	4080	2.888540
1421	4080	4.195296
2412	4080	1.853609
2846	4080	6.067073
95	4082	-1.026814
97	4082	6.590518
403	4082	7.866937
405	4082	-10.725410
868	4082	-9.001228
976	4082	-14.217775
1813	4082	-4.891107
2341	4082	-20.555261
2393	4082	-17.511578
2639	4082	-19.401209
2653	4082	8.895056
2689	4082	-13.845338
3173	4082	-1.907860
3266	4082	2.774943
3904	4082	4.211182
97	4083	0.208477
369	4083	-8.565011
939	4083	-2.675660
1101	4083	4.882357
1310	4083	10.657044
1374	4083	16.300883
1437	4083	8.403481
1538	4083	-4.055726
1601	4083	4.453519
1679	4083	9.317415
1851	4083	-8.092821
1955	4083	-11.735928
2010	4083	-7.194183
2278	4083	-4.573555
2393	4083	-0.412449
2492	4083	15.687754
2512	4083	6.719257
2665	4083	4.332534
2694	4083	-2.212559
2950	4083	-21.014813
3049	4083	-7.419203
3241	4083	1.128475
3256	4083	2.813142
3274	4083	9.625059
3296	4083	3.563490
3330	4083	9.695775
3504	4083	-4.994433
3689	4083	6.616806
3915	4083	8.555304
4016	4083	4.598168
4083	4083	4.783697
4086	4083	10.470821
664	4085	-4.930307
737	4085	-0.609420
1904	4085	-2.123863
2314	4085	10.996345
2571	4085	0.172563
3776	4085	2.912586
51	4086	-17.889677
97	4086	0.774832
243	4086	9.155902
289	4086	-0.930800
456	4086	3.206436
504	4086	-2.265371
663	4086	1.194092
777	4086	-4.706037
843	4086	0.963366
927	4086	4.636915
1186	4086	2.169256
1246	4086	6.254042
1374	4086	-8.367069
1396	4086	-4.083355
1598	4086	-7.244676
1847	4086	-10.959908
1862	4086	-18.872629
1895	4086	-19.868090
1976	4086	1.030816
2129	4086	-8.299007
2232	4086	-3.312219
2270	4086	-8.863044
2766	4086	-0.646086
2846	4086	-6.812438
2907	4086	14.463551
2927	4086	-11.460443
3061	4086	-10.777846
3115	4086	10.287617
3148	4086	-42.102829
3158	4086	12.274480
3229	4086	17.245603
3256	4086	1.891717
3441	4086	3.702484
3485	4086	-1.185608
3770	4086	-5.890944
3945	4086	15.117934
4086	4086	-3.409469
4088	4086	-1.905928
97	4088	3.442647
2472	4088	0.999099
2846	4088	-10.226219
3342	4088	-2.016072
3734	4089	-9.687140
1831	4090	-5.486532
1476	4091	-5.524167
3223	4091	3.292686
3790	4091	4.549064
456	4092	20.282111
